PRAGMA foreign_keys=OFF;
CREATE TABLE ChildRelationship (
    ID INTEGER PRIMARY KEY AUTOINCREMENT,
    PersonID INTEGER NOT NULL,
    RelationshipID INTEGER NOT NULL,
    Nature1 INT NOT NULL DEFAULT 0,
    Nature2 INT NOT NULL DEFAULT 0,
    ChildOrder INT NOT NULL DEFAULT 0,
    Private BOOLEAN NOT NULL DEFAULT 0,
    Preferred BOOLEAN NOT NULL,
    CreateDate DATETIME NOT NULL DEFAULT (strftime('%s', 'now')),
    UpdateDate DATETIME NOT NULL DEFAULT (strftime('%s', 'now')),
    SyncVersion INTEGER NOT NULL DEFAULT 0,
    UID TEXT,
    CONSTRAINT CT_ChildRelationship UNIQUE (PersonID, RelationshipID),
    CONSTRAINT FK_ChildRelationship_PersonID FOREIGN KEY(PersonID) REFERENCES Person (ID) ON DELETE CASCADE DEFERRABLE INITIALLY DEFERRED,
    CONSTRAINT FK_ChildRelationship_RelationshipID FOREIGN KEY(RelationshipID) REFERENCES Relationship (ID) ON DELETE CASCADE DEFERRABLE INITIALLY DEFERRED
);
INSERT INTO ChildRelationship VALUES(1,1,1,0,0,0,0,1,1599274149,1599274149,1,'');
CREATE TABLE Deleted (
	ID INTEGER PRIMARY KEY  AUTOINCREMENT,
    ItemID INTEGER NOT NULL,
    TableID INT NOT NULL,
    DeleteDate DATETIME NOT NULL DEFAULT (strftime('%s', 'now')),
    SyncVersion INTEGER NOT NULL DEFAULT 0,
    UID TEXT
);
CREATE TABLE Fact (
    ID INTEGER PRIMARY KEY AUTOINCREMENT,
    LinkID INTEGER NOT NULL,
    LinkTableID INT NOT NULL,
    FactTypeID INTEGER NOT NULL,
    Private BOOLEAN NOT NULL DEFAULT 0,
    Preferred BOOLEAN NOT NULL,
    Date TEXT NULL,
    PlaceID INTEGER NULL,
    Text TEXT NULL,
    MediaLinkedCounts INT NOT NULL DEFAULT 0,
    SourceLinkedCounts INT NOT NULL DEFAULT 0,
    CreateDate DATETIME NOT NULL DEFAULT (strftime('%s', 'now')),
    UpdateDate DATETIME NOT NULL DEFAULT (strftime('%s', 'now')),
    Status TEXT NULL,
    DateSort1 INTEGER NULL,
    DateSort2 INTEGER NULL,
    DateModifier1 INT(8) NULL,
    DateModifier2 INT(8) NULL,
    SyncVersion INTEGER NOT NULL DEFAULT 0,
    UID TEXT,
    CONSTRAINT FK_Fact_FactTypeID FOREIGN KEY(FactTypeID) REFERENCES FactType (ID) DEFERRABLE INITIALLY DEFERRED,
    CONSTRAINT FK_Fact_PlaceID FOREIGN KEY(PlaceID) REFERENCES Place (ID) ON DELETE SET DEFAULT DEFERRABLE INITIALLY DEFERRED
);
INSERT INTO Fact VALUES(1,1,5,1,0,1,NULL,NULL,'Test /Dates/',0,0,1599005930,1599005930,NULL,NULL,NULL,NULL,NULL,1,'');
INSERT INTO Fact VALUES(2,1,5,48,0,1,NULL,NULL,'2',0,0,1599005930,1599005930,NULL,NULL,NULL,NULL,NULL,1,'');
INSERT INTO Fact VALUES(3,1,5,67,0,1,'1252199104',NULL,'"1984" year',0,0,1599005956,1599005989,NULL,1252199104,NULL,0,NULL,1,'');
INSERT INTO Fact VALUES(4,1,5,67,0,0,'1252292224',NULL,'"Jul 1984" month year',0,0,1599005998,1599006064,NULL,1252292224,NULL,0,NULL,1,'');
INSERT INTO Fact VALUES(5,1,5,67,0,0,'1252293120',NULL,'"03 Jul 1984" day month year',0,0,1599006031,1599006057,NULL,1252293120,NULL,0,NULL,1,'');
INSERT INTO Fact VALUES(6,1,5,67,0,0,'1252199107',NULL,'"Abt 1984" about year',0,0,1599006074,1599006099,NULL,1252199107,NULL,-1,NULL,1,'');
INSERT INTO Fact VALUES(7,1,5,67,0,0,'1252292227',NULL,'"Abt Jul 1984" about month year',0,0,1599006106,1599006130,NULL,1252292227,NULL,-1,NULL,1,'');
INSERT INTO Fact VALUES(8,1,5,67,0,0,'1252293123',NULL,'"Abt 03 Jul 1984" about day month year',0,0,1599006135,1599006150,NULL,1252293123,NULL,-1,NULL,1,'');
INSERT INTO Fact VALUES(9,1,5,67,0,0,'1252199105',NULL,'"Bef. 1984" before year',0,0,1599006172,1599006209,NULL,1252199105,NULL,-1,NULL,1,'');
INSERT INTO Fact VALUES(10,1,5,67,0,0,'1252199106',NULL,'"Aft. 1984" after year',0,0,1599006216,1599006231,NULL,1252199106,NULL,1,NULL,1,'');
INSERT INTO Fact VALUES(11,1,5,67,0,0,'1252012224:1252386496',NULL,'"Bet. 1983–1985" between year and year',0,0,1599006246,1599006308,NULL,1252012224,1252386496,0,0,1,'');
INSERT INTO Fact VALUES(12,1,5,67,0,0,'1252104832:1252386496',NULL,'"Bet. Jul 1983–1985" between month year and year',0,0,1599006317,1599006356,NULL,1252104832,1252386496,0,0,1,'');
INSERT INTO Fact VALUES(13,1,5,67,0,0,'1252105728:1252386496',NULL,'"Bet. 03 Jul 1983–1985" between day month year and year',0,0,1599006361,1599006380,NULL,1252105728,1252386496,0,0,1,'');
INSERT INTO Fact VALUES(14,1,5,67,0,0,'1252012224:1252479104',NULL,'"Bet. 1983–Jul 1985" between year and month year',0,0,1599006405,1599006440,NULL,1252012224,1252479104,0,0,1,'');
INSERT INTO Fact VALUES(15,1,5,67,0,0,'1252012224:1252480000',NULL,'"Bet. 1983–03 Jul 1985" between year and day month year',0,0,1599006452,1599006470,NULL,1252012224,1252480000,0,0,1,'');
INSERT INTO Fact VALUES(16,1,5,67,0,0,'1252104832:1252479104',NULL,'"Bet. Jul 1983–Jul 1985" between month year and month year',0,0,1599006485,1599006504,NULL,1252104832,1252479104,0,0,1,'');
INSERT INTO Fact VALUES(17,1,5,67,0,0,'1252104832:1252480000',NULL,'"Bet. Jul 1983–03 Jul 1985" between month year and day month year',0,0,1599006513,1599006628,NULL,1252104832,1252480000,0,0,1,'');
INSERT INTO Fact VALUES(18,1,5,67,0,0,'1252105728:1252479104',NULL,'"Bet. 03 Jul 1983–Jul 1985" between day month year and month year',0,0,1599006562,1599006591,NULL,1252105728,1252479104,0,0,1,'');
INSERT INTO Fact VALUES(19,1,5,67,0,0,'1252105728:1252480000',NULL,'"Bet. 03 Jul 1983–03 Jul 1985" between day month year and day month year',0,0,1599006665,1599006686,NULL,1252105728,1252480000,0,0,1,'');
INSERT INTO Fact VALUES(20,1,5,67,0,0,'1252292225',NULL,'"Bef. Jul 1984" before month year',0,0,1599006699,1599006710,NULL,1252292225,NULL,-1,NULL,1,'');
INSERT INTO Fact VALUES(21,1,5,67,0,0,'1252293121',NULL,'"Bef. 03 Jul 1984" before day month year',0,0,1599006727,1599006740,NULL,1252293121,NULL,-1,NULL,1,'');
INSERT INTO Fact VALUES(22,1,5,67,0,0,'1252292226',NULL,'"Aft. Jul 1984" after month year',0,0,1599006766,1599006780,NULL,1252292226,NULL,1,NULL,1,'');
INSERT INTO Fact VALUES(23,1,5,67,0,0,'1252293122',NULL,'"Aft. 03 Jul 1984" after day month year',0,0,1599006796,1599006810,NULL,1252293122,NULL,1,NULL,1,'');
INSERT INTO Fact VALUES(24,1,5,67,0,0,'2147483665',NULL,'"Unknown" unknown',0,0,1599007173,1599007192,NULL,2147387392,NULL,0,NULL,1,'');
INSERT INTO Fact VALUES(25,1,5,67,0,0,'1252293376',NULL,'"Cal. 03 Jul 1984" calculated',0,0,1599007371,1599007397,NULL,1252293376,NULL,0,NULL,1,'');
INSERT INTO Fact VALUES(26,1,5,67,0,0,'3 invalid format',NULL,'"3 invalid format" invalid',0,0,1599007404,1599007427,NULL,2147387392,NULL,0,NULL,1,'');
INSERT INTO Fact VALUES(27,1,5,67,0,0,'113696',NULL,'"03 Jul" day month',0,0,1599008148,1599008165,NULL,2147294720,NULL,0,NULL,1,'');
INSERT INTO Fact VALUES(28,1,5,67,0,0,'881744064',NULL,'"3 AD" year era',0,0,1599008173,1599008206,NULL,881744064,NULL,0,NULL,1,'');
INSERT INTO Fact VALUES(29,1,5,67,0,0,'880809152',NULL,'"3 BC" year era',0,0,1599008218,1599008231,NULL,880809152,NULL,0,NULL,1,'');
INSERT INTO Fact VALUES(30,1,5,67,0,0,'1199307792',NULL,'"02 Mar 1700/01" day month dual-year',0,0,1599008259,1599008298,NULL,1199307792,NULL,0,NULL,1,'');
INSERT INTO Fact VALUES(32,1,5,67,0,0,'112800',NULL,'"Jul" month',0,0,1599009547,1599009567,NULL,2147293824,NULL,0,NULL,1,'');
INSERT INTO Fact VALUES(33,1,5,67,0,0,NULL,NULL,'"" no date',0,0,1599009619,1599009637,NULL,NULL,NULL,NULL,NULL,1,'');
INSERT INTO Fact VALUES(35,1,5,67,0,0,'2003394560',NULL,NULL,0,0,1599273434,1599273795,NULL,2003394560,NULL,0,NULL,1,'');
INSERT INTO Fact VALUES(36,1,5,67,0,0,'19456',NULL,NULL,0,0,1599273995,1599274000,NULL,19456,NULL,0,NULL,1,'');
INSERT INTO Fact VALUES(37,2,5,1,0,1,NULL,NULL,'Test /Places/',0,0,1599274149,1599274149,NULL,NULL,NULL,NULL,NULL,1,'');
INSERT INTO Fact VALUES(38,2,5,48,0,1,NULL,NULL,'0',0,0,1599274149,1599274149,NULL,NULL,NULL,NULL,NULL,1,'');
INSERT INTO Fact VALUES(39,2,5,67,0,1,NULL,2,'resolved',0,0,1599274157,1599274299,NULL,NULL,NULL,NULL,NULL,1,'');
INSERT INTO Fact VALUES(40,2,5,67,0,0,NULL,3,'resolved with 2 extra',0,0,1599274307,1599274366,NULL,NULL,NULL,NULL,NULL,1,'');
INSERT INTO Fact VALUES(41,2,5,67,0,0,NULL,4,'resolved with 2 extra with adjusted lat/lon',0,0,1599274401,1599274667,NULL,NULL,NULL,NULL,NULL,1,'');
INSERT INTO Fact VALUES(42,2,5,67,0,0,NULL,2,'unresolved',0,0,1599274706,1599274723,NULL,NULL,NULL,NULL,NULL,1,'');
INSERT INTO Fact VALUES(43,2,5,67,0,0,NULL,5,'unresolved',0,0,1599274747,1599274758,NULL,NULL,NULL,NULL,NULL,1,'');
INSERT INTO Fact VALUES(44,2,5,67,0,0,NULL,6,'unresolved',0,0,1599274766,1599274782,NULL,NULL,NULL,NULL,NULL,1,'');
INSERT INTO Fact VALUES(45,2,5,67,0,0,NULL,7,'unresolved',0,0,1599274791,1599274796,NULL,NULL,NULL,NULL,NULL,1,'');
INSERT INTO Fact VALUES(46,2,5,67,0,0,NULL,8,'unresolved',0,0,1599274831,1599274847,NULL,NULL,NULL,NULL,NULL,1,'');
INSERT INTO Fact VALUES(47,2,5,67,0,0,NULL,9,'unresolved',0,0,1599274874,1599274907,NULL,NULL,NULL,NULL,NULL,1,'');
INSERT INTO Fact VALUES(48,2,5,67,0,0,NULL,10,'unresolved',0,0,1599274917,1599274945,NULL,NULL,NULL,NULL,NULL,1,'');
INSERT INTO Fact VALUES(49,2,5,67,0,0,NULL,11,'unresolved',0,0,1599274949,1599274969,NULL,NULL,NULL,NULL,NULL,1,'');
INSERT INTO Fact VALUES(50,2,5,67,0,0,NULL,12,NULL,0,0,1599274999,1599275064,NULL,NULL,NULL,NULL,NULL,1,'');
INSERT INTO Fact VALUES(51,2,5,67,0,0,NULL,13,NULL,0,0,1600824757,1600824817,NULL,NULL,NULL,NULL,NULL,1,'');
INSERT INTO Fact VALUES(52,3,5,1,0,1,NULL,NULL,'/TestEvents/',0,0,1600824857,1600824857,NULL,NULL,NULL,NULL,NULL,1,'');
INSERT INTO Fact VALUES(53,3,5,48,0,1,NULL,NULL,'1',0,0,1600824857,1600824857,NULL,NULL,NULL,NULL,NULL,1,'');
INSERT INTO Fact VALUES(54,3,5,2,0,1,'1236677632',NULL,NULL,131073,1,1600824891,1600834389,NULL,1236677632,NULL,0,NULL,1,'');
INSERT INTO Fact VALUES(55,3,5,3,0,1,'1255378432',NULL,NULL,262144,2,1600824911,1600829965,NULL,1255378432,NULL,0,NULL,1,'');
INSERT INTO Fact VALUES(57,3,5,67,0,1,'1246027776',NULL,NULL,196608,2,1600826122,1600829952,NULL,1246027776,NULL,0,NULL,1,'');
INSERT INTO Fact VALUES(58,2,5,67,0,0,NULL,14,NULL,0,0,1600834301,1600834348,NULL,NULL,NULL,NULL,NULL,1,'');
INSERT INTO Fact VALUES(59,1,5,1000,0,1,NULL,NULL,'97e5620b-bf47-477d-b36c-2770102be0a7',0,0,1599005930,1599005930,NULL,NULL,NULL,NULL,NULL,1,'');
INSERT INTO Fact VALUES(60,2,5,1000,0,1,NULL,NULL,'80724dc5-2c32-48d5-81db-97266b9d4a92',0,0,1599005930,1599005930,NULL,NULL,NULL,NULL,NULL,1,'');
INSERT INTO Fact VALUES(61,3,5,1000,0,1,NULL,NULL,'ed117458-1b1d-43ec-98f9-7484b43d624f',0,0,1599005930,1599005930,NULL,NULL,NULL,NULL,NULL,1,'');
CREATE TABLE FactType (
    ID INTEGER PRIMARY KEY AUTOINCREMENT,
    Name TEXT NOT NULL,
    ShortName TEXT NULL,
    Abbreviation TEXT NULL,
    FactCategory INT NOT NULL DEFAULT 0,
    FactClass INT NOT NULL,
    Tag TEXT NOT NULL,
    SentenceFormat TEXT NULL,
    CreateDate DATETIME NOT NULL DEFAULT (strftime('%s', 'now')),
    UpdateDate DATETIME NOT NULL DEFAULT (strftime('%s', 'now')),
    SyncVersion INTEGER NOT NULL DEFAULT 0,
    UID TEXT
);
INSERT INTO FactType VALUES(1,'Name',NULL,NULL,0,257,'NAME',NULL,1599005929,1599005929,0,NULL);
INSERT INTO FactType VALUES(2,'Birth',NULL,NULL,0,263,'BIRT',NULL,1599005929,1599005929,0,NULL);
INSERT INTO FactType VALUES(3,'Death',NULL,NULL,0,263,'DEAT',NULL,1599005929,1599005929,0,NULL);
INSERT INTO FactType VALUES(4,'Marriage',NULL,NULL,0,519,'MARR',NULL,1599005929,1599005929,0,NULL);
INSERT INTO FactType VALUES(5,'Adoption',NULL,NULL,0,263,'ADOP',NULL,1599005929,1599005929,0,NULL);
INSERT INTO FactType VALUES(6,'Annulment',NULL,NULL,0,519,'ANUL',NULL,1599005929,1599005929,0,NULL);
INSERT INTO FactType VALUES(7,'Baptism',NULL,NULL,0,263,'BAPM',NULL,1599005929,1599005929,0,NULL);
INSERT INTO FactType VALUES(8,'Baptism (LDS)',NULL,NULL,0,319,'BAPL',NULL,1599005929,1599005929,0,NULL);
INSERT INTO FactType VALUES(9,'Bar Mitzvah',NULL,NULL,0,263,'BARM',NULL,1599005929,1599005929,0,NULL);
INSERT INTO FactType VALUES(11,'Bat Mitzvah',NULL,NULL,0,263,'BASM',NULL,1599005929,1599005929,0,NULL);
INSERT INTO FactType VALUES(12,'Blessing',NULL,NULL,0,263,'BLES',NULL,1599005929,1599005929,0,NULL);
INSERT INTO FactType VALUES(13,'Burial',NULL,NULL,0,263,'BURI',NULL,1599005929,1599005929,0,NULL);
INSERT INTO FactType VALUES(14,'Caste',NULL,NULL,0,257,'CAST',NULL,1599005929,1599005929,0,NULL);
INSERT INTO FactType VALUES(15,'Census',NULL,NULL,0,263,'CENS',NULL,1599005929,1599005929,0,NULL);
INSERT INTO FactType VALUES(16,'Christening',NULL,NULL,0,263,'CHR',NULL,1599005929,1599005929,0,NULL);
INSERT INTO FactType VALUES(17,'Circumcision',NULL,NULL,0,263,'_CIRC',NULL,1599005929,1599005929,0,NULL);
INSERT INTO FactType VALUES(18,'Confirmation',NULL,NULL,0,263,'CONF',NULL,1599005929,1599005929,0,NULL);
INSERT INTO FactType VALUES(19,'Confirmation (LDS)',NULL,NULL,0,319,'CONL',NULL,1599005929,1599005929,0,NULL);
INSERT INTO FactType VALUES(20,'Cremation',NULL,NULL,0,263,'CREM',NULL,1599005929,1599005929,0,NULL);
INSERT INTO FactType VALUES(21,'Degree',NULL,NULL,0,263,'_DEG',NULL,1599005929,1599005929,0,NULL);
INSERT INTO FactType VALUES(22,'Divorce',NULL,NULL,0,519,'DIV',NULL,1599005929,1599005929,0,NULL);
INSERT INTO FactType VALUES(23,'Education',NULL,NULL,0,263,'EDUC',NULL,1599005929,1599005929,0,NULL);
INSERT INTO FactType VALUES(24,'Elected',NULL,NULL,0,263,'_ELEC',NULL,1599005929,1599005929,0,NULL);
INSERT INTO FactType VALUES(25,'Emigration',NULL,NULL,0,263,'EMIG',NULL,1599005929,1599005929,0,NULL);
INSERT INTO FactType VALUES(26,'Employment',NULL,NULL,0,263,'_EMPLOY',NULL,1599005929,1599005929,0,NULL);
INSERT INTO FactType VALUES(27,'Endowment (LDS)',NULL,NULL,0,319,'ENDL',NULL,1599005929,1599005929,0,NULL);
INSERT INTO FactType VALUES(28,'Engagement',NULL,NULL,0,519,'ENGA',NULL,1599005929,1599005929,0,NULL);
INSERT INTO FactType VALUES(29,'Excommunication',NULL,NULL,0,263,'_EXCM',NULL,1599005929,1599005929,0,NULL);
INSERT INTO FactType VALUES(30,'First Communion',NULL,NULL,0,263,'FCOM',NULL,1599005929,1599005929,0,NULL);
INSERT INTO FactType VALUES(31,'Funeral',NULL,NULL,0,263,'_FUN',NULL,1599005929,1599005929,0,NULL);
INSERT INTO FactType VALUES(32,'Graduation',NULL,NULL,0,263,'GRAD',NULL,1599005929,1599005929,0,NULL);
INSERT INTO FactType VALUES(33,'Immigration',NULL,NULL,0,263,'IMMI',NULL,1599005929,1599005929,0,NULL);
INSERT INTO FactType VALUES(34,'Military Service',NULL,NULL,0,263,'_MILT',NULL,1599005929,1599005929,0,NULL);
INSERT INTO FactType VALUES(35,'Mission (LDS)',NULL,NULL,0,279,'_MISN',NULL,1599005929,1599005929,0,NULL);
INSERT INTO FactType VALUES(38,'Naturalization',NULL,NULL,0,263,'NATU',NULL,1599005929,1599005929,0,NULL);
INSERT INTO FactType VALUES(39,'Ordination',NULL,NULL,0,263,'ORDN',NULL,1599005929,1599005929,0,NULL);
INSERT INTO FactType VALUES(40,'Probate',NULL,NULL,0,263,'PROB',NULL,1599005929,1599005929,0,NULL);
INSERT INTO FactType VALUES(41,'Property',NULL,NULL,0,263,'PROP',NULL,1599005929,1599005929,0,NULL);
INSERT INTO FactType VALUES(42,'Retirement',NULL,NULL,0,263,'RETI',NULL,1599005929,1599005929,0,NULL);
INSERT INTO FactType VALUES(43,'Sealed to Parents (LDS)',NULL,NULL,0,319,'SLGC',NULL,1599005929,1599005929,0,NULL);
INSERT INTO FactType VALUES(44,'Separation',NULL,NULL,0,519,'_SEPR',NULL,1599005929,1599005929,0,NULL);
INSERT INTO FactType VALUES(45,'Will',NULL,NULL,0,263,'WILL',NULL,1599005929,1599005929,0,NULL);
INSERT INTO FactType VALUES(46,'Also Known As',NULL,NULL,0,257,'ALIA',NULL,1599005929,1599005929,0,NULL);
INSERT INTO FactType VALUES(47,'Title',NULL,NULL,0,257,'TITL',NULL,1599005929,1599005929,0,NULL);
INSERT INTO FactType VALUES(48,'Sex',NULL,NULL,0,257,'SEX',NULL,1599005929,1599005929,0,NULL);
INSERT INTO FactType VALUES(49,'Address',NULL,NULL,0,263,'ADDR',NULL,1599005929,1599005929,0,NULL);
INSERT INTO FactType VALUES(50,'Email',NULL,NULL,0,263,'EMAIL',NULL,1599005929,1599005929,0,NULL);
INSERT INTO FactType VALUES(51,'Web Address',NULL,NULL,0,263,'_WEB',NULL,1599005929,1599005929,0,NULL);
INSERT INTO FactType VALUES(52,'Phone Number',NULL,NULL,0,263,'PHON',NULL,1599005929,1599005929,0,NULL);
INSERT INTO FactType VALUES(53,'Person ID',NULL,NULL,0,257,'REFN',NULL,1599005929,1599005929,0,NULL);
INSERT INTO FactType VALUES(54,'Military Serial Number',NULL,NULL,0,263,'_MILTID',NULL,1599005929,1599005929,0,NULL);
INSERT INTO FactType VALUES(55,'Height',NULL,NULL,0,257,'_HEIG',NULL,1599005929,1599005929,0,NULL);
INSERT INTO FactType VALUES(56,'Weight',NULL,NULL,0,257,'_WEIG',NULL,1599005929,1599005929,0,NULL);
INSERT INTO FactType VALUES(57,'Cause of Death',NULL,NULL,0,257,'_DCAUSE',NULL,1599005929,1599005929,0,NULL);
INSERT INTO FactType VALUES(58,'Medical Condition',NULL,NULL,0,263,'_MDCL',NULL,1599005929,1599005929,0,NULL);
INSERT INTO FactType VALUES(59,'DNA Markers',NULL,NULL,0,263,'_DNA',NULL,1599005929,1599005929,0,NULL);
INSERT INTO FactType VALUES(60,'Nationality',NULL,NULL,0,257,'NATI',NULL,1599005929,1599005929,0,NULL);
INSERT INTO FactType VALUES(61,'Occupation',NULL,NULL,0,263,'OCCU',NULL,1599005929,1599005929,0,NULL);
INSERT INTO FactType VALUES(62,'Religion',NULL,NULL,0,257,'RELI',NULL,1599005929,1599005929,0,NULL);
INSERT INTO FactType VALUES(63,'Settled',NULL,NULL,0,1026,'_SETT',NULL,1599005929,1599005929,0,NULL);
INSERT INTO FactType VALUES(64,'Relationship ID',NULL,NULL,0,513,'REFN',NULL,1599005929,1599005929,0,NULL);
INSERT INTO FactType VALUES(65,'Namesake',NULL,NULL,0,257,'_NAMS',NULL,1599005929,1599005929,0,NULL);
INSERT INTO FactType VALUES(66,'Christening (adult)',NULL,NULL,0,263,'CHRA',NULL,1599005929,1599005929,0,NULL);
INSERT INTO FactType VALUES(67,'Residence',NULL,NULL,0,263,'RESI',NULL,1599005929,1599005929,0,NULL);
INSERT INTO FactType VALUES(74,'Sealed to Spouse (LDS)',NULL,NULL,0,575,'SLGS',NULL,1599005929,1599005929,0,NULL);
INSERT INTO FactType VALUES(75,'Marriage License',NULL,NULL,0,519,'MARL',NULL,1599005929,1599005929,0,NULL);
INSERT INTO FactType VALUES(76,'Marriage Contract',NULL,NULL,0,519,'MARC',NULL,1599005929,1599005929,0,NULL);
INSERT INTO FactType VALUES(77,'Marriage Bann',NULL,NULL,0,519,'MARB',NULL,1599005929,1599005929,0,NULL);
INSERT INTO FactType VALUES(78,'Marriage Settlement',NULL,NULL,0,519,'MARS',NULL,1599005929,1599005929,0,NULL);
INSERT INTO FactType VALUES(81,'Divorce Filed',NULL,NULL,0,519,'DIVF',NULL,1599005929,1599005929,0,NULL);
INSERT INTO FactType VALUES(82,'Social Security Number',NULL,NULL,0,257,'SSN',NULL,1599005929,1599005929,0,NULL);
INSERT INTO FactType VALUES(83,'Physical Description',NULL,NULL,0,263,'DSCR',NULL,1599005929,1599005929,0,NULL);
INSERT INTO FactType VALUES(85,'Ancestral File Number',NULL,NULL,0,273,'AFN',NULL,1599005929,1599005929,0,NULL);
INSERT INTO FactType VALUES(86,'Arrival',NULL,NULL,0,263,'ARVL',NULL,1599005929,1599005929,0,NULL);
INSERT INTO FactType VALUES(87,'Departure',NULL,NULL,0,263,'DPRT',NULL,1599005929,1599005929,0,NULL);
INSERT INTO FactType VALUES(88,'Initiatory (LDS)',NULL,NULL,0,319,'_INIT',NULL,1599005929,1599005929,0,NULL);
INSERT INTO FactType VALUES(89,'Destination',NULL,NULL,0,257,'_DEST',NULL,1599005929,1599005929,0,NULL);
INSERT INTO FactType VALUES(90,'Origin',NULL,NULL,0,257,'_ORIG',NULL,1599005929,1599005929,0,NULL);
INSERT INTO FactType VALUES(91,'Ordinance',NULL,NULL,0,263,'_ORDI',NULL,1599005929,1599005929,0,NULL);
INSERT INTO FactType VALUES(92,'FamilySearch ID',NULL,NULL,0,257,'FSID',NULL,1599005929,1599005929,0,NULL);
INSERT INTO FactType VALUES(1000,'_ID','_ID','_ID',0,33025,'EVEN',NULL,1599005929,1599005929,0,NULL);
CREATE TABLE HistoryList (
    ID INTEGER PRIMARY KEY,
    ObjectID INTEGER NOT NULL,
    ActionTitle TEXT NOT NULL,
    ActionDescription TEXT NOT NULL,
    HistoryDate DATETIME NOT NULL DEFAULT (strftime('%s', 'now')),
    ObjectType INT NOT NULL,
    UpdateDate DATETIME NOT NULL DEFAULT (strftime('%s', 'now')),
    UID TEXT
);
CREATE TABLE MasterSource (
    ID INTEGER PRIMARY KEY AUTOINCREMENT,
    Title TEXT NOT NULL,
    Author TEXT NULL,
    PublisherName TEXT NULL,
    PublisherLocation TEXT NULL,
    PublishDate TEXT NULL,
    RepositoryID INTEGER NULL,
    CallNumber TEXT NULL,
    Comments TEXT NULL,
    PID TEXT NULL,
    SourceType INT NOT NULL DEFAULT 0,
    TemplateData TEXT NULL,
    CreateDate DATETIME NOT NULL DEFAULT (strftime('%s', 'now')),
    UpdateDate DATETIME NOT NULL DEFAULT (strftime('%s', 'now')),
    SyncVersion INTEGER NOT NULL DEFAULT 0,
    UID TEXT,
    CONSTRAINT FK_MasterSource_RepositoryID FOREIGN KEY(RepositoryID) REFERENCES Repository (ID) ON DELETE SET DEFAULT DEFERRABLE INITIALLY DEFERRED
);
INSERT INTO MasterSource VALUES(1,'MasterSource.1.Title','MasterSource.1.Author','MasterSource.1.PublisherName','MasterSource.1.PublisherLocation','MasterSource.1.PublishDate',1,'MasterSource.1.CallNumber',replace(replace('MasterSource.1.Comment.line1\r\nMasterSource.1.Comment.line2\r\n','\r',char(13)),'\n',char(10)),NULL,0,NULL,1600825501,1600829880,1,'');
INSERT INTO MasterSource VALUES(2,'MasterSource.2.Ttile','MasterSource.2.Author','MasterSource.2.PublisherName','MasterSource.2.PublisherLocation','MasterSource.2.PublishDate',1,'MasterSource.2.CallNumber',replace(replace('MasterSource.2.Comments.line1\r\nMasterSource.2.Comments.line2\r\n','\r',char(13)),'\n',char(10)),NULL,0,NULL,1600825568,1600825568,1,'');
INSERT INTO MasterSource VALUES(3,'1850',NULL,NULL,NULL,NULL,NULL,NULL,'Using source template',NULL,61,'<?xml version="1.0" encoding="utf-16"?><s><f /><f>New York</f><f>Madison</f><f>M432</f><f>527</f><f>Ancestry.com</f><f>Ancestry.com Operations, Inc.</f><f>Provo, Utah</f><f>2009</f><f>http://search.ancestry.com/cgi-bin/sse.dll?indiv=1&amp;dbid=8054&amp;h=7054862</f></s>',1600835493,1600835494,1,'');
CREATE TABLE MediaFile (
    ID INTEGER PRIMARY KEY AUTOINCREMENT,
    FileName TEXT NOT NULL,
    FileCaption TEXT NULL,
    FileDescription TEXT NULL,
    FileDate TEXT NULL,
    Thumbnail BLOB NULL,
    ModifiedTime DATETIME NOT NULL,
    GUID GUID NOT NULL,
    PID TEXT NULL,
    CreateDate DATETIME NOT NULL DEFAULT (strftime('%s', 'now')),
    UpdateDate DATETIME NOT NULL DEFAULT (strftime('%s', 'now')),
    IsPrivate BOOLEAN NOT NULL DEFAULT 0,
    SyncVersion INTEGER NOT NULL DEFAULT 0,
    WID INTEGER NULL DEFAULT NULL,
    UID TEXT,
    FileHash TEXT NULL,
    CONSTRAINT FK_Watermark_MediaFileWID FOREIGN KEY (WID) REFERENCES Watermark(ID) DEFERRABLE INITIALLY DEFERRED
);
INSERT INTO MediaFile VALUES(1,'~\Media.A.txt','Media.A','Media.A.Description (private)','9/23/2020 2:50:10 AM',NULL,1600829410,X'7eb86fd0c96ab3419e40623808c92832','',1600829410,1600829607,1,1,NULL,'','7fc56270e7a70fa81a5935b72eacbe29');
INSERT INTO MediaFile VALUES(2,'~\Media.B.txt','Media.B','Media.B.Description','9/23/2020 2:50:15 AM',NULL,1600829416,X'4ab6fe137fbd424a9fc962bd57dd23bb','',1600829416,1600834011,0,1,NULL,'','9d5ed678fe57bcca610140957afab571');
INSERT INTO MediaFile VALUES(3,'~\Media.C.txt','Media.C','Media.C.Description (categories: documents, stories)','9/23/2020 2:50:23 AM',NULL,1600829423,X'b83eb3a978fb9e45a60a3f8df3c3260f','',1600829423,1600829686,0,1,NULL,'','0d61f8370cad1d412f80b84d143e1257');
CREATE TABLE MediaFileOriginal (
    ID INTEGER PRIMARY KEY AUTOINCREMENT,
    MediaFileID INTEGER NOT NULL,
    FileHash TEXT NULL,
    UID TEXT NULL,
    CONSTRAINT FK_MediaFile_Fact FOREIGN KEY (MediaFileID) REFERENCES MediaFile(ID) DEFERRABLE INITIALLY DEFERRED
);
CREATE TABLE MediaLink (
    ID INTEGER PRIMARY KEY AUTOINCREMENT,
    LinkID INTEGER NOT NULL,
    LinkTableID INT NOT NULL,
    MediaFileID INTEGER NOT NULL,
    Private BOOLEAN NOT NULL DEFAULT 0,
    FileOrder INT NOT NULL DEFAULT 0,
    CreateDate DATETIME NOT NULL DEFAULT (strftime('%s', 'now')),
    UpdateDate DATETIME NOT NULL DEFAULT (strftime('%s', 'now')),
    SyncVersion INTEGER NOT NULL DEFAULT 0,
    UID TEXT,
    CONSTRAINT CT_MediaLink UNIQUE (LinkID, LinkTableID, MediaFileID),
    CONSTRAINT FK_MediaLink_MediaFileID FOREIGN KEY(MediaFileID) REFERENCES MediaFile (ID) ON DELETE CASCADE DEFERRABLE INITIALLY DEFERRED
);
INSERT INTO MediaLink VALUES(1,1,10,1,0,0,1600829531,1600829607,1,'');
INSERT INTO MediaLink VALUES(2,1,10,2,0,0,1600829556,1600829590,1,'');
INSERT INTO MediaLink VALUES(3,2,16,2,0,0,1600829739,1600829739,1,'');
INSERT INTO MediaLink VALUES(5,4,16,2,0,0,1600829788,1600829788,1,'');
INSERT INTO MediaLink VALUES(6,2,16,1,0,0,1600829858,1600829858,1,'');
INSERT INTO MediaLink VALUES(7,1,10,3,0,0,1600829880,1600829880,1,'');
INSERT INTO MediaLink VALUES(8,6,16,1,0,0,1600829947,1600829947,1,'');
INSERT INTO MediaLink VALUES(9,6,16,2,0,0,1600829950,1600829950,1,'');
INSERT INTO MediaLink VALUES(10,8,16,2,0,0,1600829960,1600829960,1,'');
INSERT INTO MediaLink VALUES(11,8,16,3,0,0,1600829963,1600829963,1,'');
INSERT INTO MediaLink VALUES(12,54,2,3,0,0,1600832936,1600832936,1,'');
INSERT INTO MediaLink VALUES(13,3,5,2,0,0,1600833486,1600833486,1,'');
INSERT INTO MediaLink VALUES(14,1,7,1,0,0,1600834739,1600834739,1,'');
INSERT INTO MediaLink VALUES(15,1,7,2,0,0,1600834744,1600834744,1,'');
CREATE TABLE Note (
    ID INTEGER PRIMARY KEY AUTOINCREMENT,
    LinkID INTEGER NOT NULL,
    LinkTableID INT NOT NULL,
    Category TEXT NOT NULL,
    CreateDate DATETIME NOT NULL DEFAULT (strftime('%s', 'now')),
    ModifyDate DATETIME NOT NULL DEFAULT (strftime('%s', 'now')),
    Private BOOLEAN NOT NULL DEFAULT 0,
    NoteText TEXT NULL,
    SyncVersion INTEGER NOT NULL DEFAULT 0,
    UID TEXT,
    CONSTRAINT CT_Note UNIQUE (LinkID, LinkTableID, Category)
);
INSERT INTO Note VALUES(1,2,16,'0',1600833910,1600833944,0,replace(replace('{\rtf1\ansi\ansicpg1252\deff0\deflang1033{\fonttbl{\f0\fnil\fcharset0 Microsoft Sans Serif;}}\015\n\viewkind4\uc1\pard\f0\fs17 Source.1.1.Note.line1\par\015\nSource.1.1.Note.line2\par\015\n\par\015\n}\015\n','\015',char(13)),'\n',char(10)),1,'');
INSERT INTO Note VALUES(2,2,13,'0',1600834001,1600834011,0,replace(replace('{\rtf1\ansi\ansicpg1252\deff0\deflang1033{\fonttbl{\f0\fnil\fcharset0 Microsoft Sans Serif;}}\015\n\viewkind4\uc1\pard\f0\fs20 Media.B.Notes.line1\par\015\n\pard\fs20 Media.B.Notes.line2\par\015\n\pard\fs20\par\015\n}\015\n','\015',char(13)),'\n',char(10)),1,'');
INSERT INTO Note VALUES(3,54,2,'0',1600834389,1600834389,0,replace(replace('{\rtf1\ansi\ansicpg1252\deff0\deflang1033{\fonttbl{\f0\fnil\fcharset0 Microsoft Sans Serif;}}\015\n\viewkind4\uc1\pard\f0\fs20 Birth Fact Note line 1\par\015\n\pard\fs20 Birth Fact Note line 2\par\015\n\pard\fs20\par\015\n}\015\n','\015',char(13)),'\n',char(10)),1,'');
INSERT INTO Note VALUES(4,3,5,'0',1600834403,1600834403,0,replace(replace('{\rtf1\ansi\ansicpg1252\deff0\deflang1033{\fonttbl{\f0\fnil\fcharset0 Microsoft Sans Serif;}}\015\n\viewkind4\uc1\pard\f0\fs20 Person Note line 1\par\015\n\pard\fs20 Person Note line 2\par\015\n\pard\fs20\par\015\n}\015\n','\015',char(13)),'\n',char(10)),1,'');
INSERT INTO Note VALUES(5,1,7,'0',1600834757,1600834757,0,replace(replace('{\rtf1\ansi\ansicpg1252\deff0\deflang1033{\fonttbl{\f0\fnil\fcharset0 Microsoft Sans Serif;}}\015\n\viewkind4\uc1\pard\f0\fs20 Relationship Note\par\015\n}\015\n','\015',char(13)),'\n',char(10)),1,'');
CREATE TABLE Person (
    ID INTEGER PRIMARY KEY AUTOINCREMENT,
    PersonGUID GUID NOT NULL,
    Private BOOLEAN NOT NULL DEFAULT 0,
    NameFactID INTEGER NULL,
    Sex TEXT NULL,
    SexFactID INTEGER NULL,
    BirthDate TEXT NULL,
    BirthPlace TEXT NULL,
    BirthPlaceID INTEGER NULL,
    BirthFactID INTEGER NULL,
    DeathDate TEXT NULL,
    DeathPlace TEXT NULL,
    DeathPlaceID INTEGER NULL,
    DeathFactID INTEGER NULL,
    MarriageDate TEXT NULL,
    MarriagePlace TEXT NULL,
    MarriagePlaceID INTEGER NULL,
    MarriageFactID INTEGER NULL,
    PreferredRelID INTEGER NULL,
    PreferredMediaFileID INTEGER NULL,
    MediaLinkedCounts INT NOT NULL DEFAULT 0,
    LinkedCounts INT NOT NULL DEFAULT 0,
    Sequence INT NOT NULL DEFAULT 0,
    CreateDate DATETIME NOT NULL DEFAULT (strftime('%s', 'now')),
    UpdateDate DATETIME NOT NULL DEFAULT (strftime('%s', 'now')),
    Title TEXT NULL COLLATE NOCASE,
    GivenName TEXT NULL,
    FamilyName TEXT NULL,
    NameSuffix TEXT NULL,
    FullName TEXT NULL COLLATE NOCASE,
    FullNameReversed TEXT NULL COLLATE NOCASE,
    BirthDateSort1 INTEGER NULL,
    BirthDateSort2 INTEGER NULL,
    BirthDateModifier1 INT(8) NULL,
    BirthDateModifier2 INT(8) NULL,
    BirthDateYear INTEGER NULL,
    DeathDateSort1 INTEGER NULL,
    DeathDateSort2 INTEGER NULL,
    DeathDateModifier1 INT(8) NULL,
    DeathDateModifier2 INT(8) NULL,
    DeathDateYear INTEGER NULL,
    MarriageDateSort1 INTEGER NULL,
    MarriageDateSort2 INTEGER NULL,
    MarriageDateModifier1 INT(8) NULL,
    MarriageDateModifier2 INT(8) NULL,
    MarriageDateYear INTEGER NULL,
    SyncVersion INTEGER NOT NULL DEFAULT 0,
    UID TEXT,
    PreferredMediaFileCrop TEXT NULL,
    CONSTRAINT FK_Person_NameFactID FOREIGN KEY(NameFactID) REFERENCES Fact (ID) ON DELETE SET DEFAULT DEFERRABLE INITIALLY DEFERRED,
    CONSTRAINT FK_Person_SexFactID FOREIGN KEY(SexFactID) REFERENCES Fact (ID) ON DELETE SET DEFAULT DEFERRABLE INITIALLY DEFERRED,
    CONSTRAINT FK_Person_BirthPlaceID FOREIGN KEY(BirthPlaceID) REFERENCES Place (ID) ON DELETE SET DEFAULT DEFERRABLE INITIALLY DEFERRED,
    CONSTRAINT FK_Person_BirthFactID FOREIGN KEY(BirthFactID) REFERENCES Fact (ID) ON DELETE SET DEFAULT DEFERRABLE INITIALLY DEFERRED,
    CONSTRAINT FK_Person_DeathPlaceID FOREIGN KEY(DeathPlaceID) REFERENCES Place (ID) ON DELETE SET DEFAULT DEFERRABLE INITIALLY DEFERRED,
    CONSTRAINT FK_Person_DeathFactID FOREIGN KEY(DeathFactID) REFERENCES Fact (ID) ON DELETE SET DEFAULT DEFERRABLE INITIALLY DEFERRED,
    CONSTRAINT FK_Person_MarriagePlaceID FOREIGN KEY(MarriagePlaceID) REFERENCES Place (ID) ON DELETE SET DEFAULT DEFERRABLE INITIALLY DEFERRED,
    CONSTRAINT FK_Person_MarriageFactID FOREIGN KEY(MarriageFactID) REFERENCES Fact (ID) ON DELETE SET DEFAULT DEFERRABLE INITIALLY DEFERRED,
    CONSTRAINT FK_Person_PreferredRelID FOREIGN KEY(PreferredRelID) REFERENCES Relationship (ID) ON DELETE SET DEFAULT DEFERRABLE INITIALLY DEFERRED,
    CONSTRAINT FK_Person_PreferredMediaFileID FOREIGN KEY(PreferredMediaFileID) REFERENCES MediaFile (ID) ON DELETE SET DEFAULT DEFERRABLE INITIALLY DEFERRED
);
INSERT INTO Person VALUES(1,X'379b48e2e271584eba2bd27de8557a69',0,1,'2',2,NULL,NULL,NULL,NULL,NULL,NULL,NULL,NULL,NULL,NULL,NULL,NULL,NULL,NULL,0,0,0,1599005930,1599274149,'Test /Dates/','Test','Dates','','Test Dates','Dates, Test',2147387392,NULL,0,NULL,6770,2147387392,NULL,0,NULL,6770,2147387392,NULL,0,NULL,6770,1,NULL,NULL);
INSERT INTO Person VALUES(2,X'adc9d9d8c9915a47bdd9da7728551e27',0,37,'0',38,NULL,NULL,NULL,NULL,NULL,NULL,NULL,NULL,NULL,NULL,NULL,NULL,1,NULL,131072,0,0,1599274149,1600834744,'Test /Places/','Test','Places','','Test Places','Places, Test',2147387392,NULL,0,NULL,6770,2147387392,NULL,0,NULL,6770,2147387392,NULL,0,NULL,6770,1,NULL,NULL);
INSERT INTO Person VALUES(3,X'68f4334b8feef046b20b600bc5a2df2d',0,52,'1',53,'1236677632',NULL,NULL,54,'1255378432',NULL,NULL,55,NULL,NULL,NULL,NULL,1,NULL,786433,5,0,1600824857,1600834744,'/TestEvents/','','TestEvents','','TestEvents','TestEvents',1236677632,NULL,0,NULL,1901,1255378432,NULL,0,NULL,2001,2147387392,NULL,0,NULL,6770,1,NULL,NULL);
CREATE TABLE Place (
    ID INTEGER PRIMARY KEY AUTOINCREMENT,
    Name TEXT NOT NULL,
    DisplayName TEXT NULL,
    CreateDate DATETIME NOT NULL DEFAULT (strftime('%s', 'now')),
    UpdateDate DATETIME NOT NULL DEFAULT (strftime('%s', 'now')),
    SyncVersion INTEGER NOT NULL DEFAULT 0,
    UID TEXT
);
INSERT INTO Place VALUES(2,'//Brandywine/New Castle/Delaware/USA/5995/0.6951549/-1.31833','',1599274221,1599274221,1,'');
INSERT INTO Place VALUES(3,'/second floor, 1211 Brook Drive/Brandywine/New Castle/Delaware/USA/-5995//','',1599274329,1599274353,1,'');
INSERT INTO Place VALUES(4,'/back yard, 1211 Brook Drive/Brandywine/New Castle/Delaware/USA/-5995/0.6944141/-1.317912','',1599274419,1599274579,1,'');
INSERT INTO Place VALUES(5,'///New Castle/Delaware/USA/2156/0.6908112/-1.320133','',1599274756,1599274756,1,'');
INSERT INTO Place VALUES(6,'////Delaware/USA/10/0.6808202/-1.317156','',1599274777,1599274777,1,'');
INSERT INTO Place VALUES(7,'/////USA/2//','',1599274793,1599274793,1,'');
INSERT INTO Place VALUES(8,'//Syracuse/Onondaga/New York/USA/11269/0.7513314/-1.329023','',1599274844,1599274844,1,'');
INSERT INTO Place VALUES(9,'///Madison/New York/USA/1864/0.7489517/-1.320659','',1599274900,1599274900,1,'');
INSERT INTO Place VALUES(10,'/Unknown, Madison, New York, USA|//','',1599274943,1599274943,1,'');
INSERT INTO Place VALUES(11,'/Unknown, New Castle, Delaware, USA|//','',1599274967,1599274967,1,'');
INSERT INTO Place VALUES(12,'/Unknown|//','',1599275064,1599275064,1,'');
INSERT INTO Place VALUES(13,'/Place, Name w/some slash/es | and, verical | bars|//','',1600824793,1600824817,1,'');
INSERT INTO Place VALUES(14,'/another place / with slashes | and  bars, but, resolved, in///Connecticut/USA/-9//','',1600834340,1600834348,1,'');
CREATE TABLE Publication (
    ID INTEGER PRIMARY KEY AUTOINCREMENT,
    Category INT NOT NULL DEFAULT 0,
    Type TEXT NOT NULL,
    Name TEXT NOT NULL,
    Attributes INT NOT NULL DEFAULT 0,
    Context INT NOT NULL DEFAULT 0,
    Size INT NOT NULL,
    Xml TEXT NOT NULL,
    CreateDate DATETIME NOT NULL DEFAULT (strftime('%s', 'now')),
    ModifyDate DATETIME NOT NULL DEFAULT (strftime('%s', 'now')),
    SyncVersion INTEGER NOT NULL DEFAULT 0,
    UID TEXT
);
CREATE TABLE Relationship (
    ID INTEGER PRIMARY KEY AUTOINCREMENT,
    Person1ID INTEGER NULL,
    Person2ID INTEGER NULL,
    RelType INT NOT NULL DEFAULT 0,
    Status INT NOT NULL DEFAULT 0,
    Nature INT NOT NULL DEFAULT 0,
    Order1 INT NOT NULL DEFAULT 0,
    Order2 INT NOT NULL DEFAULT 0,
    Private BOOLEAN NOT NULL DEFAULT 0,
    CreateDate DATETIME NOT NULL DEFAULT (strftime('%s', 'now')),
    UpdateDate DATETIME NOT NULL DEFAULT (strftime('%s', 'now')),
    SyncVersion INTEGER NOT NULL DEFAULT 0,
    UID TEXT,
    CONSTRAINT FK_Relationship_Person1ID FOREIGN KEY(Person1ID) REFERENCES Person (ID) ON DELETE SET DEFAULT DEFERRABLE INITIALLY DEFERRED,
    CONSTRAINT FK_Relationship_Person2ID FOREIGN KEY(Person2ID) REFERENCES Person (ID) ON DELETE SET DEFAULT DEFERRABLE INITIALLY DEFERRED
);
INSERT INTO Relationship VALUES(1,2,3,0,1,7,0,0,0,1599274149,1600834757,1,'');
CREATE TABLE Repository (
    ID INTEGER PRIMARY KEY AUTOINCREMENT,
    Name TEXT NOT NULL,
    Contact TEXT NULL,
    Address TEXT NULL,
    Phone TEXT NULL,
    Email TEXT NULL,
    CreateDate DATETIME NOT NULL DEFAULT (strftime('%s', 'now')),
    UpdateDate DATETIME NOT NULL DEFAULT (strftime('%s', 'now')),
    SyncVersion INTEGER NOT NULL DEFAULT 0,
    UID TEXT
);
INSERT INTO Repository VALUES(1,'Repository.1','',replace(replace('repo address 1\r\nrepo address 2','\r',char(13)),'\n',char(10)),'repo-phone','repo@email',1600825384,1600825390,1,'');
CREATE TABLE Setting (
    ID INTEGER PRIMARY KEY AUTOINCREMENT,
    Name TEXT NOT NULL,
    StringValue TEXT NULL,
    CreateDate DATETIME NOT NULL DEFAULT (strftime('%s', 'now')),
    UpdateDate DATETIME NOT NULL DEFAULT (strftime('%s', 'now')),
    UID TEXT
);
INSERT INTO Setting VALUES(2,'ProjectID','6b422996-43e9-4e6b-a5b0-538d5174acca',1599005929,1599005929,NULL);
INSERT INTO Setting VALUES(3,'HomePerson','1',1599005929,1599005929,NULL);
INSERT INTO Setting VALUES(4,'CurrentPerson','3',1599005929,1600834364,NULL);
INSERT INTO Setting VALUES(5,'TreeVaultIncludeMedia','1',1599005929,1599005929,NULL);
INSERT INTO Setting VALUES(6,'HomePersonSex','U',1599005929,1599005930,NULL);
INSERT INTO Setting VALUES(7,'HomePersonPicture','',1599005929,1599005929,NULL);
INSERT INTO Setting VALUES(8,'HomePersonName','Test /Dates/',1599005929,1599005930,NULL);
INSERT INTO Setting VALUES(9,'SyncVersion','1',1599005929,1599005929,NULL);
INSERT INTO Setting VALUES(10,'LatestSyncUpdate','132453090935379403',1599005930,1600835494,NULL);
INSERT INTO Setting VALUES(11,'SubmitterInfo','',1599005930,1599005930,'');
INSERT INTO Setting VALUES(12,'PeCoFactTypes','',1599005930,1599005930,'');
INSERT INTO Setting VALUES(13,'SortOptions','',1599005930,1599005930,'');
INSERT INTO Setting VALUES(14,'FileBackupDate','',1599005930,1599005930,'');
INSERT INTO Setting VALUES(15,'FilePrivitized','',1599005930,1599005930,'');
INSERT INTO Setting VALUES(16,'PlaceCollectionFactsToShow','',1599005930,1599005930,'');
INSERT INTO Setting VALUES(17,'PeopleCollectionFactsToShow','',1599005930,1599005930,'');
INSERT INTO Setting VALUES(18,'AutoRINPersonEnabled','',1599005930,1599005930,'');
INSERT INTO Setting VALUES(19,'AutoRINUnionEnabled','',1599005930,1599005930,'');
INSERT INTO Setting VALUES(20,'PersonsMRU','3; 2; 1',1599005930,1600834364,'');
INSERT INTO Setting VALUES(21,'Background','',1599005931,1599005931,'');
INSERT INTO Setting VALUES(22,'TasksFilteredCategoriesList0','',1599005932,1599005932,'');
INSERT INTO Setting VALUES(23,'LastUsedPeopleSubWorkspace','1',1599005935,1600834367,'');
INSERT INTO Setting VALUES(24,'TotalMediaSizeValidityFlag','0',1600829410,1600829410,'');
CREATE TABLE Source (
    ID INTEGER PRIMARY KEY AUTOINCREMENT,
    MasterSourceID INTEGER NULL,
    PageNumber TEXT NULL,
    Comment TEXT NULL,
    IncludeComment INT NOT NULL DEFAULT 0,
    Footnote TEXT NULL,
    Abbreviated TEXT NULL,
    MediaLinkedCounts INT NOT NULL DEFAULT 0,
    PID TEXT NULL,
    CreateDate DATETIME NOT NULL DEFAULT (strftime('%s', 'now')),
    UpdateDate DATETIME NOT NULL DEFAULT (strftime('%s', 'now')),
    SyncVersion INTEGER NOT NULL DEFAULT 0,
    UID TEXT,
    CONSTRAINT FK_Source_MasterSourceID FOREIGN KEY(MasterSourceID) REFERENCES MasterSource (ID) ON DELETE SET DEFAULT DEFERRABLE INITIALLY DEFERRED
);
INSERT INTO Source VALUES(2,1,replace(replace('Source.1.1.CitationDetail.line1\r\nSource.1.1.CitationDetail.line2\r\n','\r',char(13)),'\n',char(10)),replace(replace('Source.1.1.CitationText.line1\r\nSource.1.1.CitationText.line2\r\n','\r',char(13)),'\n',char(10)),0,replace(replace('{\rtf1\ansi\ansicpg1252\deff0\deflang1033{\fonttbl{\f0\fnil\fcharset0 Microsoft Sans Serif;}}\015\n\viewkind4\uc1\pard\f0\fs17 MasterSource.1.Author, MasterSource.1.Title (MasterSource.1.PublisherLocation: MasterSource.1.PublisherName, MasterSource.1.PublishDate), Repository.1, repo address 1 repo address 2, Source.1.1.CitationDetail.line1 Source.1.1.CitationDetail.line2 . Source.1.1.CitationText.line1 Source.1.1.CitationText.line2 . http://source.1.1.webaddress/.  ref note override?.\par\015\n}\015\n','\015',char(13)),'\n',char(10)),NULL,2,NULL,1600825697,1600833944,1,'');
INSERT INTO Source VALUES(4,1,replace(replace('Source.1.2.CitationDetail.line1\r\nSource.1.2.CitationDetail.line2\r\n','\r',char(13)),'\n',char(10)),replace(replace('Source.1.2.CitationText.line1\r\nSource.1.2.CitationText.line2\r\n','\r',char(13)),'\n',char(10)),9,NULL,NULL,1,NULL,1600825747,1600829788,1,'');
INSERT INTO Source VALUES(6,2,replace(replace('Source.2.1.CitationDetail.line1\r\nSource.2.1.CitationDetail.line2\r\n','\r',char(13)),'\n',char(10)),replace(replace('Source.2.1.CitationText.line1\r\nSource.2.1.CitationText.line2\r\n','\r',char(13)),'\n',char(10)),9,NULL,NULL,2,NULL,1600825801,1600829952,1,'');
INSERT INTO Source VALUES(8,2,replace(replace('Source.2.2.CitationDetail.line1\r\nSource.2.2.CitationDetail.line2\r\n','\r',char(13)),'\n',char(10)),replace(replace('Source.2.2.CitationText.line1\r\nSource.2.2.CitationText.line2\r\n','\r',char(13)),'\n',char(10)),9,NULL,NULL,2,NULL,1600825842,1600829965,1,'');
CREATE TABLE SourceLink (
    ID INTEGER PRIMARY KEY AUTOINCREMENT,
    LinkID INTEGER NOT NULL,
    LinkTableID INT NOT NULL,
    SourceID INTEGER NOT NULL,
    IsSource BOOLEAN NOT NULL DEFAULT 0,
    Stars INT NOT NULL DEFAULT 0,
    CalcFlags INT NOT NULL DEFAULT 0,
    Calculated BOOLEAN NOT NULL DEFAULT 0,
    Justification TEXT NULL,
    ExternalID TEXT NULL,
    CreateDate DATETIME NOT NULL DEFAULT (strftime('%s', 'now')),
    UpdateDate DATETIME NOT NULL DEFAULT (strftime('%s', 'now')),
    SyncVersion INTEGER NOT NULL DEFAULT 0,
    UID TEXT,
    CONSTRAINT CT_SourceLink UNIQUE (LinkID, LinkTableID, SourceID),
    CONSTRAINT FK_SourceLink_SourceID FOREIGN KEY(SourceID) REFERENCES Source (ID) ON DELETE CASCADE DEFERRABLE INITIALLY DEFERRED
);
INSERT INTO SourceLink VALUES(1,54,2,2,0,0,85,1,'0.stars.standards','',1600826195,1600833944,1,'');
INSERT INTO SourceLink VALUES(2,57,2,4,0,1,0,0,'one.star','',1600826211,1600829788,1,'');
INSERT INTO SourceLink VALUES(3,57,2,6,0,2,0,0,'2,stars','',1600826218,1600829952,1,'');
INSERT INTO SourceLink VALUES(4,55,2,6,0,3,0,0,'3.stars','',1600826224,1600829952,1,'');
INSERT INTO SourceLink VALUES(5,55,2,8,0,4,170,1,'4.stars.standards','',1600826227,1600829965,1,'');
CREATE TABLE Tag (
    ID INTEGER PRIMARY KEY,
    Name TEXT NOT NULL,
    IsSystem BOOLEAN NOT NULL DEFAULT 0,
    Color INT NULL,
    Emphasize BOOLEAN NOT NULL DEFAULT 0,
    TableID INT NULL,
    CreateDate DATETIME NOT NULL DEFAULT (strftime('%s', 'now')),
    UpdateDate DATETIME NOT NULL DEFAULT (strftime('%s', 'now')),
    SyncVersion INTEGER NOT NULL DEFAULT 0,
    UID TEXT
);
INSERT INTO Tag VALUES(1,'SYS_BOOKMARK',1,NULL,0,5,1599005929,1599005929,0,NULL);
INSERT INTO Tag VALUES(2,'Cemetery',0,NULL,0,13,1599005929,1599005929,0,NULL);
INSERT INTO Tag VALUES(3,'Census',0,NULL,0,13,1599005929,1599005929,0,NULL);
INSERT INTO Tag VALUES(4,'Documents',0,NULL,0,13,1599005929,1599005929,0,NULL);
INSERT INTO Tag VALUES(5,'Photos',0,NULL,0,13,1599005929,1599005929,0,NULL);
INSERT INTO Tag VALUES(6,'Video',0,NULL,0,13,1599005929,1599005929,0,NULL);
INSERT INTO Tag VALUES(7,'Audio',0,NULL,0,13,1599005929,1599005929,0,NULL);
INSERT INTO Tag VALUES(8,'Vital Records',0,NULL,0,13,1599005929,1599005929,0,NULL);
INSERT INTO Tag VALUES(9,'Other',0,NULL,0,13,1599005929,1599005929,0,NULL);
INSERT INTO Tag VALUES(10,'Stories',0,NULL,0,13,1599005929,1599005929,0,NULL);
INSERT INTO Tag VALUES(11,'AlbumWALK',0,NULL,0,13,1599005929,1599005929,0,NULL);
CREATE TABLE TagLink (
    ID INTEGER NOT NULL PRIMARY KEY AUTOINCREMENT,
    TagID INTEGER NOT NULL,
    LinkID INTEGER NOT NULL,
    LinkTableID INT NOT NULL,
    CreateDate DATETIME NOT NULL DEFAULT (strftime('%s', 'now')),
    UpdateDate DATETIME NOT NULL DEFAULT (strftime('%s', 'now')),
    SyncVersion INTEGER NOT NULL DEFAULT 0,
    UID TEXT,
    CONSTRAINT CT_TagLink UNIQUE (TagID ASC, LinkID ASC, LinkTableID ASC),
    CONSTRAINT FK_TagID FOREIGN KEY(TagID) REFERENCES Tag (ID) ON DELETE CASCADE DEFERRABLE INITIALLY DEFERRED
);
INSERT INTO TagLink VALUES(1,4,3,13,1600829649,1600829649,1,'');
INSERT INTO TagLink VALUES(2,10,3,13,1600829674,1600829674,1,'');
CREATE TABLE Task (
    ID INTEGER PRIMARY KEY AUTOINCREMENT,
    LinkID INTEGER NOT NULL,
    LinkTableID INT NOT NULL,
    Category INT NOT NULL DEFAULT 0,
    TaskPriority INT NOT NULL,
    CreateDate INT NOT NULL DEFAULT 0,
    DueDate INT NOT NULL,
    Complete BOOLEAN NOT NULL DEFAULT 0,
    SystemTask BOOLEAN NOT NULL DEFAULT 0,
    TaskText TEXT NOT NULL,
    UpdateDate DATETIME NOT NULL DEFAULT (strftime('%s', 'now')),
    SyncVersion INTEGER NOT NULL DEFAULT 0,
    UID TEXT
);
CREATE TABLE WebLink (
    ID INTEGER PRIMARY KEY AUTOINCREMENT,
    LinkID INTEGER NOT NULL,
    LinkTableID INT NOT NULL,
    Title TEXT NULL,
    Url TEXT NULL,
    CreateDate DATETIME NOT NULL DEFAULT (strftime('%s', 'now')),
    UpdateDate DATETIME NOT NULL DEFAULT (strftime('%s', 'now')),
    SyncVersion INTEGER NOT NULL DEFAULT 0,
    UID TEXT
);
INSERT INTO WebLink VALUES(1,2,16,NULL,'http://source.1.1.webaddress/',1600825697,1600825697,1,'');
INSERT INTO WebLink VALUES(2,4,16,NULL,'http://source.1.2.webaddress/',1600825747,1600825747,1,'');
INSERT INTO WebLink VALUES(3,6,16,NULL,'http://source.2.1.webaddress/',1600825801,1600825801,1,'');
INSERT INTO WebLink VALUES(4,8,16,NULL,'http://source.2.2.webaddress/',1600825842,1600825842,1,'');
CREATE TABLE PersonExternal (
    ID INTEGER PRIMARY KEY AUTOINCREMENT,
    PersonID INTEGER NOT NULL,
    ProviderID INT NOT NULL,
    ExternalID TEXT NOT NULL,
    Status TEXT,
    CreateDate DATETIME NOT NULL DEFAULT (strftime('%s', 'now')),
    UpdateDate DATETIME NOT NULL DEFAULT (strftime('%s', 'now')),
    SyncVersion INTEGER NOT NULL DEFAULT 0,
    UID TEXT,
    CONSTRAINT FK_PersonExternal_PersonID FOREIGN KEY(PersonID) REFERENCES Person (ID) ON DELETE CASCADE DEFERRABLE INITIALLY DEFERRED
);
CREATE TABLE ChangeMacroCommand (
    ID INTEGER PRIMARY KEY NOT NULL,
    Title TEXT NOT NULL,
    Description TEXT NOT NULL,
    Date DATETIME NOT NULL DEFAULT (strftime('%s', 'now')),
    IsHidden BOOLEAN DEFAULT NULL,
	Owner INTEGER NULL,
	OwnerId INTEGER NULL,
	Type INTEGER NULL,
    UID TEXT,
	Deleted BOOLEAN DEFAULT NULL
);
CREATE TABLE ChangeCommand (
    ID INTEGER PRIMARY KEY NOT NULL,
    TableID INT NOT NULL,
    OldValues TEXT NULL,
    NewValues TEXT NULL,
    ChangeMacroCommandID INTEGER NOT NULL,
    OrderNumber INTEGER NOT NULL,
    UID TEXT,
    CONSTRAINT FK_ChangeCommand_ChangeMacroCommand FOREIGN KEY (ChangeMacroCommandID) REFERENCES ChangeMacroCommand(ID) DEFERRABLE INITIALLY DEFERRED
);
CREATE TABLE DynamicFilterItem (
    ID INTEGER PRIMARY KEY AUTOINCREMENT,
    FilterID INTEGER,
    FilterJson TEXT,
    FilterSQL TEXT,
    OperationID INTEGER NOT NULL,
    IncludeID INTEGER,
    IncludeFilter INTEGER,
    OrderNum INTEGER,
    ParentItem INTEGER,
    UID TEXT,
    TableDependencyMask INTEGER,
    CONSTRAINT FK_DynamicFilterItem_FilterID FOREIGN KEY(FilterID) REFERENCES DynamicFilter (ID) ON DELETE CASCADE DEFERRABLE INITIALLY DEFERRED
);
CREATE TABLE DynamicFilter (
    ID INTEGER PRIMARY KEY AUTOINCREMENT,
    Name TEXT,
    Type INTEGER DEFAULT 0,
    RootPersonID INTEGER NULL,
	Colors TEXT NULL,
    IsFrozen BOOLEAN DEFAULT NULL,
    UID TEXT,
    ResultSetIsReady BOOLEAN DEFAULT 0
);
CREATE TABLE Watermark (
    ID INTEGER PRIMARY KEY NOT NULL,
    Name TEXT NOT NULL,
    Options TEXT NULL,
    SyncVersion INTEGER NOT NULL DEFAULT 0,
    UID TEXT
);
CREATE TABLE DnaMatch (
    ID INTEGER PRIMARY KEY NOT NULL,
    DnaFactID INTEGER NOT NULL,
    MatchKitID TEXT NOT NULL,
    MatchPersonName TEXT NOT NULL,
    Meiosis INT NOT NULL,
    Centimorgans REAL NOT NULL,
    SharedSegments INT NOT NULL,
    Confidence REAL NOT NULL,
    UserPhoto TEXT NULL,
    UID TEXT NULL,
    CONSTRAINT FK_DnaMatch_Fact FOREIGN KEY (DnaFactID) REFERENCES Fact(ID) DEFERRABLE INITIALLY DEFERRED
);
CREATE TABLE FamilySearchMatches (
   ID INTEGER PRIMARY KEY AUTOINCREMENT,
   PersonID INTEGER NOT NULL,
   FSPersonID TEXT NOT NULL,
   Status INTEGER DEFAULT 1,
   UID TEXT NULL
);
CREATE TABLE DynamicFilterResultSet(ID INTEGER PRIMARY KEY, DynamicFilterID INTEGER NOT NULL, PersonID INTEGER NOT NULL, ColorIndex INTEGER NOT NULL DEFAULT 0, UID TEXT, CONSTRAINT CT_DynamicFilterResultSet UNIQUE (DynamicFilterID ASC, PersonID ASC, ColorIndex ASC));
DELETE FROM sqlite_sequence;
INSERT INTO sqlite_sequence VALUES('FactType',1000);
INSERT INTO sqlite_sequence VALUES('Setting',24);
INSERT INTO sqlite_sequence VALUES('Person',3);
INSERT INTO sqlite_sequence VALUES('Fact',61);
INSERT INTO sqlite_sequence VALUES('Place',14);
INSERT INTO sqlite_sequence VALUES('Relationship',1);
INSERT INTO sqlite_sequence VALUES('ChildRelationship',1);
INSERT INTO sqlite_sequence VALUES('Repository',1);
INSERT INTO sqlite_sequence VALUES('MasterSource',3);
INSERT INTO sqlite_sequence VALUES('Source',8);
INSERT INTO sqlite_sequence VALUES('WebLink',4);
INSERT INTO sqlite_sequence VALUES('SourceLink',5);
INSERT INTO sqlite_sequence VALUES('MediaFile',3);
INSERT INTO sqlite_sequence VALUES('MediaLink',15);
INSERT INTO sqlite_sequence VALUES('TagLink',2);
INSERT INTO sqlite_sequence VALUES('Note',5);
CREATE INDEX [IX_ChildRelationship_PersonID] ON [ChildRelationship] ([PersonID] ASC);
CREATE INDEX [IX_ChildRelationship_RelationshipID] ON [ChildRelationship] ([RelationshipID] ASC);
CREATE INDEX [IX_ChildRelationship_UpdateDate] ON [ChildRelationship] ([UpdateDate] ASC);
CREATE INDEX [IX_Deleted_SyncVersion] ON [Deleted] ([SyncVersion] ASC);
CREATE INDEX [IX_Fact_Composite] ON [Fact] ([LinkID] ASC, [LinkTableID] ASC);
CREATE INDEX [IX_Fact_PlaceID] ON [Fact] ([PlaceID] ASC);
CREATE INDEX [IX_Fact_UpdateDate] ON [Fact] ([UpdateDate] ASC);
CREATE INDEX [IX_FactType_UpdateDate] ON [FactType] ([UpdateDate] ASC);
CREATE INDEX [IX_HistoryList_UpdateDate] ON [HistoryList] ([UpdateDate] ASC);
CREATE INDEX [IX_MasterSource_RepositoryID] ON [MasterSource] ([RepositoryID] ASC);
CREATE INDEX [IX_MasterSource_UpdateDate] ON [MasterSource] ([UpdateDate] ASC);
CREATE INDEX [IX_MediaFile_UpdateDate] ON [MediaFile] ([UpdateDate] ASC);
CREATE INDEX [IX_MediaLink_Composite] ON [MediaLink] ([LinkID] ASC, [LinkTableID] ASC);
CREATE INDEX [IX_MediaLink_LinkTableID] ON [MediaLink] ([LinkTableID] ASC);
CREATE INDEX [IX_MediaLink_MediaFileID] ON [MediaLink] ([MediaFileID] ASC);
CREATE INDEX [IX_MediaLink_UpdateDate] ON [MediaLink] ([UpdateDate] ASC);
CREATE INDEX [IX_Note_Composite] ON [Note] ([LinkID] ASC, [LinkTableID] ASC);
CREATE INDEX [IX_Note_LinkTableID] ON [Note] ([LinkTableID] ASC);
CREATE INDEX [IX_Note_ModifyDate] ON [Note] ([ModifyDate] ASC);
CREATE INDEX [IX_Person_BirthFactID] ON [Person] ([BirthFactID] ASC);
CREATE INDEX [IX_Person_BirthPlaceID] ON [Person] ([BirthPlaceID] ASC);
CREATE INDEX [IX_Person_DeathFactID] ON [Person] ([DeathFactID] ASC);
CREATE INDEX [IX_Person_DeathPlaceID] ON [Person] ([DeathPlaceID] ASC);
CREATE INDEX [IX_Person_LinkedCounts] ON [Person] ([LinkedCounts] ASC);
CREATE INDEX [IX_Person_MarriageFactID] ON [Person] ([MarriageFactID] ASC);
CREATE INDEX [IX_Person_MarriagePlaceID] ON [Person] ([MarriagePlaceID] ASC);
CREATE INDEX [IX_Person_MediaLinkedCounts] ON [Person] ([MediaLinkedCounts] ASC);
CREATE INDEX [IX_Person_NameFactID] ON [Person] ([NameFactID] ASC);
CREATE INDEX [IX_Person_PreferredMediaFileID] ON [Person] ([PreferredMediaFileID] ASC);
CREATE INDEX [IX_Person_PreferredRelID] ON [Person] ([PreferredRelID] ASC);
CREATE INDEX [IX_Person_Sequence] ON [Person] ([Sequence] ASC);
CREATE INDEX [IX_Person_SexFactID] ON [Person] ([SexFactID] ASC);
CREATE INDEX [IX_Person_UpdateDate] ON [Person] ([UpdateDate] ASC);
CREATE UNIQUE INDEX [IX_PersonExternal_Composite] ON [PersonExternal] ([PersonID] ASC, [ProviderID] ASC);
CREATE INDEX [IX_Place_Update] ON [Place] ([UpdateDate] ASC);
CREATE INDEX [IX_Publication_ModifyDate] ON [Publication] ([ModifyDate] ASC);
CREATE INDEX [IX_Publication_Type] ON [Publication] ([Type] ASC);
CREATE INDEX [IX_Relationship_Nature] ON [Relationship] ([Nature] ASC);
CREATE INDEX [IX_Relationship_Person1ID] ON [Relationship] ([Person1ID] ASC);
CREATE INDEX [IX_Relationship_Person2ID] ON [Relationship] ([Person2ID] ASC);
CREATE INDEX [IX_Relationship_Status] ON [Relationship] ([Status] ASC);
CREATE INDEX [IX_Relationship_UpdateDate] ON [Relationship] ([UpdateDate] ASC);
CREATE INDEX [IX_Repository_UpdateDate] ON [Repository] ([UpdateDate] ASC);
CREATE INDEX [IX_Source_MasterSourceID] ON [Source] ([MasterSourceID] ASC);
CREATE INDEX [IX_Source_UpdateDate] ON [Source] ([UpdateDate] ASC);
CREATE INDEX [IX_SourceLink_Composite] ON [SourceLink] ([LinkID] ASC, [LinkTableID] ASC);
CREATE INDEX [IX_SourceLink_LinkTableID] ON [SourceLink] ([LinkTableID] ASC);
CREATE INDEX [IX_SourceLink_SourceID] ON [SourceLink] ([SourceID] ASC);
CREATE INDEX [IX_SourceLink_UpdateDate] ON [SourceLink] ([UpdateDate] ASC);
CREATE INDEX [IX_Tag_TableID] ON [Tag] ([TableID] ASC);
CREATE INDEX [IX_Tag_UpdateDate] ON [Tag] ([UpdateDate] ASC);
CREATE INDEX [IX_TagLink_UpdateDate] ON [TagLink] ([UpdateDate] ASC);
CREATE INDEX [IX_Task_Composite] ON [Task] ([LinkID] ASC, [LinkTableID] ASC);
CREATE INDEX [IX_Task_UpdateDate] ON [Task] ([UpdateDate] ASC);
CREATE INDEX [IX_WebLink_Composite] ON [WebLink] ([LinkID] ASC, [LinkTableID] ASC);
CREATE INDEX [IX_WebLink_UpdateDate] ON [WebLink] ([UpdateDate] ASC);
CREATE INDEX [IX_FamilySearchMatches_ID] ON [FamilySearchMatches] ([ID]);
CREATE INDEX [IX_FamilySearchMatches_Composite] ON [FamilySearchMatches] ([ID], [FSPersonID]);
CREATE INDEX [IX_ChangeCommand_ChangeMacroCommandId] ON [ChangeCommand] ([ChangeMacroCommandId] ASC);
CREATE INDEX [IX_ChangeCommand_Composite] ON [ChangeCommand] ([ChangeMacroCommandId] ASC, [OrderNumber] ASC);
CREATE INDEX [IX_DynamicFilterItem_FilterID] ON [DynamicFilterItem] ([FilterID] ASC);
CREATE INDEX IX_DynamicFilterResultSet_DynamicFilterID ON DynamicFilterResultSet(DynamicFilterID ASC);
CREATE INDEX IX_DynamicFilterResultSet_PersonID ON DynamicFilterResultSet(PersonID ASC);
