PRAGMA foreign_keys=OFF;
BEGIN TRANSACTION;
CREATE TABLE ChildRelationship (
    ID INTEGER PRIMARY KEY AUTOINCREMENT,
    PersonID INTEGER NOT NULL,
    RelationshipID INTEGER NOT NULL,
    Nature1 INT NOT NULL DEFAULT 0,
    Nature2 INT NOT NULL DEFAULT 0,
    ChildOrder INT NOT NULL DEFAULT 0,
    Private BOOLEAN NOT NULL DEFAULT 0,
    Preferred BOOLEAN NOT NULL,
    CreateDate DATETIME NOT NULL DEFAULT (strftime('%s', 'now')),
    UpdateDate DATETIME NOT NULL DEFAULT (strftime('%s', 'now')),
    SyncVersion INTEGER NOT NULL DEFAULT 0,
    UID TEXT,
    CONSTRAINT CT_ChildRelationship UNIQUE (PersonID, RelationshipID),
    CONSTRAINT FK_ChildRelationship_PersonID FOREIGN KEY(PersonID) REFERENCES Person (ID) ON DELETE CASCADE DEFERRABLE INITIALLY DEFERRED,
    CONSTRAINT FK_ChildRelationship_RelationshipID FOREIGN KEY(RelationshipID) REFERENCES Relationship (ID) ON DELETE CASCADE DEFERRABLE INITIALLY DEFERRED
);
INSERT INTO ChildRelationship VALUES(1,1,1,0,0,0,0,1,1599274149,1599274149,1,'');
CREATE TABLE Deleted (
	ID INTEGER PRIMARY KEY  AUTOINCREMENT,
    ItemID INTEGER NOT NULL,
    TableID INT NOT NULL,
    DeleteDate DATETIME NOT NULL DEFAULT (strftime('%s', 'now')),
    SyncVersion INTEGER NOT NULL DEFAULT 0,
    UID TEXT
);
CREATE TABLE Fact (
    ID INTEGER PRIMARY KEY AUTOINCREMENT,
    LinkID INTEGER NOT NULL,
    LinkTableID INT NOT NULL,
    FactTypeID INTEGER NOT NULL,
    Private BOOLEAN NOT NULL DEFAULT 0,
    Preferred BOOLEAN NOT NULL,
    Date TEXT NULL,
    PlaceID INTEGER NULL,
    Text TEXT NULL,
    MediaLinkedCounts INT NOT NULL DEFAULT 0,
    SourceLinkedCounts INT NOT NULL DEFAULT 0,
    CreateDate DATETIME NOT NULL DEFAULT (strftime('%s', 'now')),
    UpdateDate DATETIME NOT NULL DEFAULT (strftime('%s', 'now')),
    Status TEXT NULL,
    DateSort1 INTEGER NULL,
    DateSort2 INTEGER NULL,
    DateModifier1 INT(8) NULL,
    DateModifier2 INT(8) NULL,
    SyncVersion INTEGER NOT NULL DEFAULT 0,
    UID TEXT,
    CONSTRAINT FK_Fact_FactTypeID FOREIGN KEY(FactTypeID) REFERENCES FactType (ID) DEFERRABLE INITIALLY DEFERRED,
    CONSTRAINT FK_Fact_PlaceID FOREIGN KEY(PlaceID) REFERENCES Place (ID) ON DELETE SET DEFAULT DEFERRABLE INITIALLY DEFERRED
);
INSERT INTO Fact VALUES(1,1,5,1,0,1,NULL,NULL,'Test /Dates/',0,0,1599005930,1599005930,NULL,NULL,NULL,NULL,NULL,1,'');
INSERT INTO Fact VALUES(2,1,5,48,0,1,NULL,NULL,'2',0,0,1599005930,1599005930,NULL,NULL,NULL,NULL,NULL,1,'');
INSERT INTO Fact VALUES(3,1,5,67,0,1,'1252199104',NULL,'"1984" year',0,0,1599005956,1599005989,NULL,1252199104,NULL,0,NULL,1,'');
INSERT INTO Fact VALUES(4,1,5,67,0,0,'1252292224',NULL,'"Jul 1984" month year',0,0,1599005998,1599006064,NULL,1252292224,NULL,0,NULL,1,'');
INSERT INTO Fact VALUES(5,1,5,67,0,0,'1252293120',NULL,'"03 Jul 1984" day month year',0,0,1599006031,1599006057,NULL,1252293120,NULL,0,NULL,1,'');
INSERT INTO Fact VALUES(6,1,5,67,0,0,'1252199107',NULL,'"Abt 1984" about year',0,0,1599006074,1599006099,NULL,1252199107,NULL,-1,NULL,1,'');
INSERT INTO Fact VALUES(7,1,5,67,0,0,'1252292227',NULL,'"Abt Jul 1984" about month year',0,0,1599006106,1599006130,NULL,1252292227,NULL,-1,NULL,1,'');
INSERT INTO Fact VALUES(8,1,5,67,0,0,'1252293123',NULL,'"Abt 03 Jul 1984" about day month year',0,0,1599006135,1599006150,NULL,1252293123,NULL,-1,NULL,1,'');
INSERT INTO Fact VALUES(9,1,5,67,0,0,'1252199105',NULL,'"Bef. 1984" before year',0,0,1599006172,1599006209,NULL,1252199105,NULL,-1,NULL,1,'');
INSERT INTO Fact VALUES(10,1,5,67,0,0,'1252199106',NULL,'"Aft. 1984" after year',0,0,1599006216,1599006231,NULL,1252199106,NULL,1,NULL,1,'');
INSERT INTO Fact VALUES(11,1,5,67,0,0,'1252012224:1252386496',NULL,'"Bet. 1983–1985" between year and year',0,0,1599006246,1599006308,NULL,1252012224,1252386496,0,0,1,'');
INSERT INTO Fact VALUES(12,1,5,67,0,0,'1252104832:1252386496',NULL,'"Bet. Jul 1983–1985" between month year and year',0,0,1599006317,1599006356,NULL,1252104832,1252386496,0,0,1,'');
INSERT INTO Fact VALUES(13,1,5,67,0,0,'1252105728:1252386496',NULL,'"Bet. 03 Jul 1983–1985" between day month year and year',0,0,1599006361,1599006380,NULL,1252105728,1252386496,0,0,1,'');
INSERT INTO Fact VALUES(14,1,5,67,0,0,'1252012224:1252479104',NULL,'"Bet. 1983–Jul 1985" between year and month year',0,0,1599006405,1599006440,NULL,1252012224,1252479104,0,0,1,'');
INSERT INTO Fact VALUES(15,1,5,67,0,0,'1252012224:1252480000',NULL,'"Bet. 1983–03 Jul 1985" between year and day month year',0,0,1599006452,1599006470,NULL,1252012224,1252480000,0,0,1,'');
INSERT INTO Fact VALUES(16,1,5,67,0,0,'1252104832:1252479104',NULL,'"Bet. Jul 1983–Jul 1985" between month year and month year',0,0,1599006485,1599006504,NULL,1252104832,1252479104,0,0,1,'');
INSERT INTO Fact VALUES(17,1,5,67,0,0,'1252104832:1252480000',NULL,'"Bet. Jul 1983–03 Jul 1985" between month year and day month year',0,0,1599006513,1599006628,NULL,1252104832,1252480000,0,0,1,'');
INSERT INTO Fact VALUES(18,1,5,67,0,0,'1252105728:1252479104',NULL,'"Bet. 03 Jul 1983–Jul 1985" between day month year and month year',0,0,1599006562,1599006591,NULL,1252105728,1252479104,0,0,1,'');
INSERT INTO Fact VALUES(19,1,5,67,0,0,'1252105728:1252480000',NULL,'"Bet. 03 Jul 1983–03 Jul 1985" between day month year and day month year',0,0,1599006665,1599006686,NULL,1252105728,1252480000,0,0,1,'');
INSERT INTO Fact VALUES(20,1,5,67,0,0,'1252292225',NULL,'"Bef. Jul 1984" before month year',0,0,1599006699,1599006710,NULL,1252292225,NULL,-1,NULL,1,'');
INSERT INTO Fact VALUES(21,1,5,67,0,0,'1252293121',NULL,'"Bef. 03 Jul 1984" before day month year',0,0,1599006727,1599006740,NULL,1252293121,NULL,-1,NULL,1,'');
INSERT INTO Fact VALUES(22,1,5,67,0,0,'1252292226',NULL,'"Aft. Jul 1984" after month year',0,0,1599006766,1599006780,NULL,1252292226,NULL,1,NULL,1,'');
INSERT INTO Fact VALUES(23,1,5,67,0,0,'1252293122',NULL,'"Aft. 03 Jul 1984" after day month year',0,0,1599006796,1599006810,NULL,1252293122,NULL,1,NULL,1,'');
INSERT INTO Fact VALUES(24,1,5,67,0,0,'2147483665',NULL,'"Unknown" unknown',0,0,1599007173,1599007192,NULL,2147387392,NULL,0,NULL,1,'');
INSERT INTO Fact VALUES(25,1,5,67,0,0,'1252293376',NULL,'"Cal. 03 Jul 1984" calculated',0,0,1599007371,1599007397,NULL,1252293376,NULL,0,NULL,1,'');
INSERT INTO Fact VALUES(26,1,5,67,0,0,'3 invalid format',NULL,'"3 invalid format" invalid',0,0,1599007404,1599007427,NULL,2147387392,NULL,0,NULL,1,'');
INSERT INTO Fact VALUES(27,1,5,67,0,0,'113696',NULL,'"03 Jul" day month',0,0,1599008148,1599008165,NULL,2147294720,NULL,0,NULL,1,'');
INSERT INTO Fact VALUES(28,1,5,67,0,0,'881744064',NULL,'"3 AD" year era',0,0,1599008173,1599008206,NULL,881744064,NULL,0,NULL,1,'');
INSERT INTO Fact VALUES(29,1,5,67,0,0,'880809152',NULL,'"3 BC" year era',0,0,1599008218,1599008231,NULL,880809152,NULL,0,NULL,1,'');
INSERT INTO Fact VALUES(30,1,5,67,0,0,'1199307792',NULL,'"02 Mar 1700/01" day month dual-year',0,0,1599008259,1599008298,NULL,1199307792,NULL,0,NULL,1,'');
INSERT INTO Fact VALUES(32,1,5,67,0,0,'112800',NULL,'"Jul" month',0,0,1599009547,1599009567,NULL,2147293824,NULL,0,NULL,1,'');
INSERT INTO Fact VALUES(33,1,5,67,0,0,NULL,NULL,'"" no date',0,0,1599009619,1599009637,NULL,NULL,NULL,NULL,NULL,1,'');
INSERT INTO Fact VALUES(35,1,5,67,0,0,'2003394560',NULL,NULL,0,0,1599273434,1599273795,NULL,2003394560,NULL,0,NULL,1,'');
INSERT INTO Fact VALUES(36,1,5,67,0,0,'19456',NULL,NULL,0,0,1599273995,1599274000,NULL,19456,NULL,0,NULL,1,'');
INSERT INTO Fact VALUES(37,2,5,1,0,1,NULL,NULL,'Test /Places/',0,0,1599274149,1599274149,NULL,NULL,NULL,NULL,NULL,1,'');
INSERT INTO Fact VALUES(38,2,5,48,0,1,NULL,NULL,'0',0,0,1599274149,1599274149,NULL,NULL,NULL,NULL,NULL,1,'');
INSERT INTO Fact VALUES(39,2,5,67,0,1,NULL,2,'resolved',0,0,1599274157,1599274299,NULL,NULL,NULL,NULL,NULL,1,'');
INSERT INTO Fact VALUES(40,2,5,67,0,0,NULL,3,'resolved with 2 extra',0,0,1599274307,1599274366,NULL,NULL,NULL,NULL,NULL,1,'');
INSERT INTO Fact VALUES(41,2,5,67,0,0,NULL,4,'resolved with 2 extra with adjusted lat/lon',0,0,1599274401,1599274667,NULL,NULL,NULL,NULL,NULL,1,'');
INSERT INTO Fact VALUES(42,2,5,67,0,0,NULL,2,'unresolved',0,0,1599274706,1599274723,NULL,NULL,NULL,NULL,NULL,1,'');
INSERT INTO Fact VALUES(43,2,5,67,0,0,NULL,5,'unresolved',0,0,1599274747,1599274758,NULL,NULL,NULL,NULL,NULL,1,'');
INSERT INTO Fact VALUES(44,2,5,67,0,0,NULL,6,'unresolved',0,0,1599274766,1599274782,NULL,NULL,NULL,NULL,NULL,1,'');
INSERT INTO Fact VALUES(45,2,5,67,0,0,NULL,7,'unresolved',0,0,1599274791,1599274796,NULL,NULL,NULL,NULL,NULL,1,'');
INSERT INTO Fact VALUES(46,2,5,67,0,0,NULL,8,'unresolved',0,0,1599274831,1599274847,NULL,NULL,NULL,NULL,NULL,1,'');
INSERT INTO Fact VALUES(47,2,5,67,0,0,NULL,9,'unresolved',0,0,1599274874,1599274907,NULL,NULL,NULL,NULL,NULL,1,'');
INSERT INTO Fact VALUES(48,2,5,67,0,0,NULL,10,'unresolved',0,0,1599274917,1599274945,NULL,NULL,NULL,NULL,NULL,1,'');
INSERT INTO Fact VALUES(49,2,5,67,0,0,NULL,11,'unresolved',0,0,1599274949,1599274969,NULL,NULL,NULL,NULL,NULL,1,'');
INSERT INTO Fact VALUES(50,2,5,67,0,0,NULL,12,NULL,0,0,1599274999,1599275064,NULL,NULL,NULL,NULL,NULL,1,'');
INSERT INTO Fact VALUES(51,2,5,67,0,0,NULL,13,NULL,0,0,1600824757,1600824817,NULL,NULL,NULL,NULL,NULL,1,'');
INSERT INTO Fact VALUES(52,3,5,1,0,1,NULL,NULL,'/TestEvents/',0,0,1600824857,1600824857,NULL,NULL,NULL,NULL,NULL,1,'');
INSERT INTO Fact VALUES(53,3,5,48,0,1,NULL,NULL,'1',0,0,1600824857,1600824857,NULL,NULL,NULL,NULL,NULL,1,'');
INSERT INTO Fact VALUES(54,3,5,2,0,1,'1236677632',NULL,NULL,131073,1,1600824891,1600834389,NULL,1236677632,NULL,0,NULL,1,'');
INSERT INTO Fact VALUES(55,3,5,3,0,1,'1255378432',NULL,NULL,262144,2,1600824911,1600829965,NULL,1255378432,NULL,0,NULL,1,'');
INSERT INTO Fact VALUES(57,3,5,67,0,1,'1246027776',NULL,NULL,196608,2,1600826122,1600829952,NULL,1246027776,NULL,0,NULL,1,'');
INSERT INTO Fact VALUES(58,2,5,67,0,0,NULL,14,NULL,0,0,1600834301,1600834348,NULL,NULL,NULL,NULL,NULL,1,'');
CREATE TABLE FactType (
    ID INTEGER PRIMARY KEY AUTOINCREMENT,
    Name TEXT NOT NULL,
    ShortName TEXT NULL,
    Abbreviation TEXT NULL,
    FactCategory INT NOT NULL DEFAULT 0,
    FactClass INT NOT NULL,
    Tag TEXT NOT NULL,
    SentenceFormat TEXT NULL,
    CreateDate DATETIME NOT NULL DEFAULT (strftime('%s', 'now')),
    UpdateDate DATETIME NOT NULL DEFAULT (strftime('%s', 'now')),
    SyncVersion INTEGER NOT NULL DEFAULT 0,
    UID TEXT
);
INSERT INTO FactType VALUES(1,'Name',NULL,NULL,0,257,'NAME',NULL,1599005929,1599005929,0,NULL);
INSERT INTO FactType VALUES(2,'Birth',NULL,NULL,0,263,'BIRT',NULL,1599005929,1599005929,0,NULL);
INSERT INTO FactType VALUES(3,'Death',NULL,NULL,0,263,'DEAT',NULL,1599005929,1599005929,0,NULL);
INSERT INTO FactType VALUES(4,'Marriage',NULL,NULL,0,519,'MARR',NULL,1599005929,1599005929,0,NULL);
INSERT INTO FactType VALUES(5,'Adoption',NULL,NULL,0,263,'ADOP',NULL,1599005929,1599005929,0,NULL);
INSERT INTO FactType VALUES(6,'Annulment',NULL,NULL,0,519,'ANUL',NULL,1599005929,1599005929,0,NULL);
INSERT INTO FactType VALUES(7,'Baptism',NULL,NULL,0,263,'BAPM',NULL,1599005929,1599005929,0,NULL);
INSERT INTO FactType VALUES(8,'Baptism (LDS)',NULL,NULL,0,319,'BAPL',NULL,1599005929,1599005929,0,NULL);
INSERT INTO FactType VALUES(9,'Bar Mitzvah',NULL,NULL,0,263,'BARM',NULL,1599005929,1599005929,0,NULL);
INSERT INTO FactType VALUES(11,'Bat Mitzvah',NULL,NULL,0,263,'BASM',NULL,1599005929,1599005929,0,NULL);
INSERT INTO FactType VALUES(12,'Blessing',NULL,NULL,0,263,'BLES',NULL,1599005929,1599005929,0,NULL);
INSERT INTO FactType VALUES(13,'Burial',NULL,NULL,0,263,'BURI',NULL,1599005929,1599005929,0,NULL);
INSERT INTO FactType VALUES(14,'Caste',NULL,NULL,0,257,'CAST',NULL,1599005929,1599005929,0,NULL);
INSERT INTO FactType VALUES(15,'Census',NULL,NULL,0,263,'CENS',NULL,1599005929,1599005929,0,NULL);
INSERT INTO FactType VALUES(16,'Christening',NULL,NULL,0,263,'CHR',NULL,1599005929,1599005929,0,NULL);
INSERT INTO FactType VALUES(17,'Circumcision',NULL,NULL,0,263,'_CIRC',NULL,1599005929,1599005929,0,NULL);
INSERT INTO FactType VALUES(18,'Confirmation',NULL,NULL,0,263,'CONF',NULL,1599005929,1599005929,0,NULL);
INSERT INTO FactType VALUES(19,'Confirmation (LDS)',NULL,NULL,0,319,'CONL',NULL,1599005929,1599005929,0,NULL);
INSERT INTO FactType VALUES(20,'Cremation',NULL,NULL,0,263,'CREM',NULL,1599005929,1599005929,0,NULL);
INSERT INTO FactType VALUES(21,'Degree',NULL,NULL,0,263,'_DEG',NULL,1599005929,1599005929,0,NULL);
INSERT INTO FactType VALUES(22,'Divorce',NULL,NULL,0,519,'DIV',NULL,1599005929,1599005929,0,NULL);
INSERT INTO FactType VALUES(23,'Education',NULL,NULL,0,263,'EDUC',NULL,1599005929,1599005929,0,NULL);
INSERT INTO FactType VALUES(24,'Elected',NULL,NULL,0,263,'_ELEC',NULL,1599005929,1599005929,0,NULL);
INSERT INTO FactType VALUES(25,'Emigration',NULL,NULL,0,263,'EMIG',NULL,1599005929,1599005929,0,NULL);
INSERT INTO FactType VALUES(26,'Employment',NULL,NULL,0,263,'_EMPLOY',NULL,1599005929,1599005929,0,NULL);
INSERT INTO FactType VALUES(27,'Endowment (LDS)',NULL,NULL,0,319,'ENDL',NULL,1599005929,1599005929,0,NULL);
INSERT INTO FactType VALUES(28,'Engagement',NULL,NULL,0,519,'ENGA',NULL,1599005929,1599005929,0,NULL);
INSERT INTO FactType VALUES(29,'Excommunication',NULL,NULL,0,263,'_EXCM',NULL,1599005929,1599005929,0,NULL);
INSERT INTO FactType VALUES(30,'First Communion',NULL,NULL,0,263,'FCOM',NULL,1599005929,1599005929,0,NULL);
INSERT INTO FactType VALUES(31,'Funeral',NULL,NULL,0,263,'_FUN',NULL,1599005929,1599005929,0,NULL);
INSERT INTO FactType VALUES(32,'Graduation',NULL,NULL,0,263,'GRAD',NULL,1599005929,1599005929,0,NULL);
INSERT INTO FactType VALUES(33,'Immigration',NULL,NULL,0,263,'IMMI',NULL,1599005929,1599005929,0,NULL);
INSERT INTO FactType VALUES(34,'Military Service',NULL,NULL,0,263,'_MILT',NULL,1599005929,1599005929,0,NULL);
INSERT INTO FactType VALUES(35,'Mission (LDS)',NULL,NULL,0,279,'_MISN',NULL,1599005929,1599005929,0,NULL);
INSERT INTO FactType VALUES(38,'Naturalization',NULL,NULL,0,263,'NATU',NULL,1599005929,1599005929,0,NULL);
INSERT INTO FactType VALUES(39,'Ordination',NULL,NULL,0,263,'ORDN',NULL,1599005929,1599005929,0,NULL);
INSERT INTO FactType VALUES(40,'Probate',NULL,NULL,0,263,'PROB',NULL,1599005929,1599005929,0,NULL);
INSERT INTO FactType VALUES(41,'Property',NULL,NULL,0,263,'PROP',NULL,1599005929,1599005929,0,NULL);
INSERT INTO FactType VALUES(42,'Retirement',NULL,NULL,0,263,'RETI',NULL,1599005929,1599005929,0,NULL);
INSERT INTO FactType VALUES(43,'Sealed to Parents (LDS)',NULL,NULL,0,319,'SLGC',NULL,1599005929,1599005929,0,NULL);
INSERT INTO FactType VALUES(44,'Separation',NULL,NULL,0,519,'_SEPR',NULL,1599005929,1599005929,0,NULL);
INSERT INTO FactType VALUES(45,'Will',NULL,NULL,0,263,'WILL',NULL,1599005929,1599005929,0,NULL);
INSERT INTO FactType VALUES(46,'Also Known As',NULL,NULL,0,257,'ALIA',NULL,1599005929,1599005929,0,NULL);
INSERT INTO FactType VALUES(47,'Title',NULL,NULL,0,257,'TITL',NULL,1599005929,1599005929,0,NULL);
INSERT INTO FactType VALUES(48,'Sex',NULL,NULL,0,257,'SEX',NULL,1599005929,1599005929,0,NULL);
INSERT INTO FactType VALUES(49,'Address',NULL,NULL,0,263,'ADDR',NULL,1599005929,1599005929,0,NULL);
INSERT INTO FactType VALUES(50,'Email',NULL,NULL,0,263,'EMAIL',NULL,1599005929,1599005929,0,NULL);
INSERT INTO FactType VALUES(51,'Web Address',NULL,NULL,0,263,'_WEB',NULL,1599005929,1599005929,0,NULL);
INSERT INTO FactType VALUES(52,'Phone Number',NULL,NULL,0,263,'PHON',NULL,1599005929,1599005929,0,NULL);
INSERT INTO FactType VALUES(53,'Person ID',NULL,NULL,0,257,'REFN',NULL,1599005929,1599005929,0,NULL);
INSERT INTO FactType VALUES(54,'Military Serial Number',NULL,NULL,0,263,'_MILTID',NULL,1599005929,1599005929,0,NULL);
INSERT INTO FactType VALUES(55,'Height',NULL,NULL,0,257,'_HEIG',NULL,1599005929,1599005929,0,NULL);
INSERT INTO FactType VALUES(56,'Weight',NULL,NULL,0,257,'_WEIG',NULL,1599005929,1599005929,0,NULL);
INSERT INTO FactType VALUES(57,'Cause of Death',NULL,NULL,0,257,'_DCAUSE',NULL,1599005929,1599005929,0,NULL);
INSERT INTO FactType VALUES(58,'Medical Condition',NULL,NULL,0,263,'_MDCL',NULL,1599005929,1599005929,0,NULL);
INSERT INTO FactType VALUES(59,'DNA Markers',NULL,NULL,0,263,'_DNA',NULL,1599005929,1599005929,0,NULL);
INSERT INTO FactType VALUES(60,'Nationality',NULL,NULL,0,257,'NATI',NULL,1599005929,1599005929,0,NULL);
INSERT INTO FactType VALUES(61,'Occupation',NULL,NULL,0,263,'OCCU',NULL,1599005929,1599005929,0,NULL);
INSERT INTO FactType VALUES(62,'Religion',NULL,NULL,0,257,'RELI',NULL,1599005929,1599005929,0,NULL);
INSERT INTO FactType VALUES(63,'Settled',NULL,NULL,0,1026,'_SETT',NULL,1599005929,1599005929,0,NULL);
INSERT INTO FactType VALUES(64,'Relationship ID',NULL,NULL,0,513,'REFN',NULL,1599005929,1599005929,0,NULL);
INSERT INTO FactType VALUES(65,'Namesake',NULL,NULL,0,257,'_NAMS',NULL,1599005929,1599005929,0,NULL);
INSERT INTO FactType VALUES(66,'Christening (adult)',NULL,NULL,0,263,'CHRA',NULL,1599005929,1599005929,0,NULL);
INSERT INTO FactType VALUES(67,'Residence',NULL,NULL,0,263,'RESI',NULL,1599005929,1599005929,0,NULL);
INSERT INTO FactType VALUES(74,'Sealed to Spouse (LDS)',NULL,NULL,0,575,'SLGS',NULL,1599005929,1599005929,0,NULL);
INSERT INTO FactType VALUES(75,'Marriage License',NULL,NULL,0,519,'MARL',NULL,1599005929,1599005929,0,NULL);
INSERT INTO FactType VALUES(76,'Marriage Contract',NULL,NULL,0,519,'MARC',NULL,1599005929,1599005929,0,NULL);
INSERT INTO FactType VALUES(77,'Marriage Bann',NULL,NULL,0,519,'MARB',NULL,1599005929,1599005929,0,NULL);
INSERT INTO FactType VALUES(78,'Marriage Settlement',NULL,NULL,0,519,'MARS',NULL,1599005929,1599005929,0,NULL);
INSERT INTO FactType VALUES(81,'Divorce Filed',NULL,NULL,0,519,'DIVF',NULL,1599005929,1599005929,0,NULL);
INSERT INTO FactType VALUES(82,'Social Security Number',NULL,NULL,0,257,'SSN',NULL,1599005929,1599005929,0,NULL);
INSERT INTO FactType VALUES(83,'Physical Description',NULL,NULL,0,263,'DSCR',NULL,1599005929,1599005929,0,NULL);
INSERT INTO FactType VALUES(85,'Ancestral File Number',NULL,NULL,0,273,'AFN',NULL,1599005929,1599005929,0,NULL);
INSERT INTO FactType VALUES(86,'Arrival',NULL,NULL,0,263,'ARVL',NULL,1599005929,1599005929,0,NULL);
INSERT INTO FactType VALUES(87,'Departure',NULL,NULL,0,263,'DPRT',NULL,1599005929,1599005929,0,NULL);
INSERT INTO FactType VALUES(88,'Initiatory (LDS)',NULL,NULL,0,319,'_INIT',NULL,1599005929,1599005929,0,NULL);
INSERT INTO FactType VALUES(89,'Destination',NULL,NULL,0,257,'_DEST',NULL,1599005929,1599005929,0,NULL);
INSERT INTO FactType VALUES(90,'Origin',NULL,NULL,0,257,'_ORIG',NULL,1599005929,1599005929,0,NULL);
INSERT INTO FactType VALUES(91,'Ordinance',NULL,NULL,0,263,'_ORDI',NULL,1599005929,1599005929,0,NULL);
INSERT INTO FactType VALUES(92,'FamilySearch ID',NULL,NULL,0,257,'FSID',NULL,1599005929,1599005929,0,NULL);
CREATE TABLE HistoryList (
    ID INTEGER PRIMARY KEY,
    ObjectID INTEGER NOT NULL,
    ActionTitle TEXT NOT NULL,
    ActionDescription TEXT NOT NULL,
    HistoryDate DATETIME NOT NULL DEFAULT (strftime('%s', 'now')),
    ObjectType INT NOT NULL,
    UpdateDate DATETIME NOT NULL DEFAULT (strftime('%s', 'now')),
    UID TEXT
);
INSERT INTO HistoryList VALUES(1,1,'Test Dates','Person fact added: Residence',1599005956,0,1599005956,NULL);
INSERT INTO HistoryList VALUES(2,1,'Test Dates','Person fact changed: Residence',1599005967,0,1599005967,NULL);
INSERT INTO HistoryList VALUES(3,1,'Test Dates','Person fact changed: Residence',1599005989,0,1599005989,NULL);
INSERT INTO HistoryList VALUES(4,1,'Test Dates','Person fact added: Residence',1599005998,0,1599005998,NULL);
INSERT INTO HistoryList VALUES(5,1,'Test Dates','Person fact changed: Residence',1599006009,0,1599006009,NULL);
INSERT INTO HistoryList VALUES(6,1,'Test Dates','Person fact changed: Residence',1599006022,0,1599006022,NULL);
INSERT INTO HistoryList VALUES(7,1,'Test Dates','Person fact added: Residence',1599006031,0,1599006031,NULL);
INSERT INTO HistoryList VALUES(8,1,'Test Dates','Person fact changed: Residence',1599006036,0,1599006036,NULL);
INSERT INTO HistoryList VALUES(9,1,'Test Dates','Person fact changed: Residence',1599006057,0,1599006057,NULL);
INSERT INTO HistoryList VALUES(10,1,'Test Dates','Person fact changed: Residence',1599006062,0,1599006062,NULL);
INSERT INTO HistoryList VALUES(11,1,'Test Dates','Person fact changed: Residence',1599006064,0,1599006064,NULL);
INSERT INTO HistoryList VALUES(12,1,'Test Dates','Person fact added: Residence',1599006074,0,1599006074,NULL);
INSERT INTO HistoryList VALUES(13,1,'Test Dates','Person fact changed: Residence',1599006082,0,1599006082,NULL);
INSERT INTO HistoryList VALUES(14,1,'Test Dates','Person fact changed: Residence',1599006099,0,1599006099,NULL);
INSERT INTO HistoryList VALUES(15,1,'Test Dates','Person fact added: Residence',1599006106,0,1599006106,NULL);
INSERT INTO HistoryList VALUES(16,1,'Test Dates','Person fact changed: Residence',1599006112,0,1599006112,NULL);
INSERT INTO HistoryList VALUES(17,1,'Test Dates','Person fact changed: Residence',1599006130,0,1599006130,NULL);
INSERT INTO HistoryList VALUES(18,1,'Test Dates','Person fact added: Residence',1599006135,0,1599006135,NULL);
INSERT INTO HistoryList VALUES(19,1,'Test Dates','Person fact changed: Residence',1599006139,0,1599006139,NULL);
INSERT INTO HistoryList VALUES(20,1,'Test Dates','Person fact changed: Residence',1599006150,0,1599006150,NULL);
INSERT INTO HistoryList VALUES(21,1,'Test Dates','Person fact added: Residence',1599006172,0,1599006172,NULL);
INSERT INTO HistoryList VALUES(22,1,'Test Dates','Person fact changed: Residence',1599006190,0,1599006190,NULL);
INSERT INTO HistoryList VALUES(23,1,'Test Dates','Person fact changed: Residence',1599006201,0,1599006201,NULL);
INSERT INTO HistoryList VALUES(24,1,'Test Dates','Person fact changed: Residence',1599006209,0,1599006209,NULL);
INSERT INTO HistoryList VALUES(25,1,'Test Dates','Person fact added: Residence',1599006216,0,1599006216,NULL);
INSERT INTO HistoryList VALUES(26,1,'Test Dates','Person fact changed: Residence',1599006219,0,1599006219,NULL);
INSERT INTO HistoryList VALUES(27,1,'Test Dates','Person fact changed: Residence',1599006231,0,1599006231,NULL);
INSERT INTO HistoryList VALUES(28,1,'Test Dates','Person fact added: Residence',1599006246,0,1599006246,NULL);
INSERT INTO HistoryList VALUES(29,1,'Test Dates','Person fact changed: Residence',1599006266,0,1599006266,NULL);
INSERT INTO HistoryList VALUES(30,1,'Test Dates','Person fact changed: Residence',1599006283,0,1599006283,NULL);
INSERT INTO HistoryList VALUES(31,1,'Test Dates','Person fact changed: Residence',1599006293,0,1599006293,NULL);
INSERT INTO HistoryList VALUES(32,1,'Test Dates','Person fact changed: Residence',1599006308,0,1599006308,NULL);
INSERT INTO HistoryList VALUES(33,1,'Test Dates','Person fact added: Residence',1599006317,0,1599006317,NULL);
INSERT INTO HistoryList VALUES(34,1,'Test Dates','Person fact changed: Residence',1599006327,0,1599006327,NULL);
INSERT INTO HistoryList VALUES(35,1,'Test Dates','Person fact changed: Residence',1599006339,0,1599006339,NULL);
INSERT INTO HistoryList VALUES(36,1,'Test Dates','Person fact changed: Residence',1599006356,0,1599006356,NULL);
INSERT INTO HistoryList VALUES(37,1,'Test Dates','Person fact added: Residence',1599006361,0,1599006361,NULL);
INSERT INTO HistoryList VALUES(38,1,'Test Dates','Person fact changed: Residence',1599006369,0,1599006369,NULL);
INSERT INTO HistoryList VALUES(39,1,'Test Dates','Person fact changed: Residence',1599006380,0,1599006380,NULL);
INSERT INTO HistoryList VALUES(40,1,'Test Dates','Person fact added: Residence',1599006405,0,1599006405,NULL);
INSERT INTO HistoryList VALUES(41,1,'Test Dates','Person fact changed: Residence',1599006419,0,1599006419,NULL);
INSERT INTO HistoryList VALUES(42,1,'Test Dates','Person fact changed: Residence',1599006428,0,1599006428,NULL);
INSERT INTO HistoryList VALUES(43,1,'Test Dates','Person fact changed: Residence',1599006440,0,1599006440,NULL);
INSERT INTO HistoryList VALUES(44,1,'Test Dates','Person fact added: Residence',1599006452,0,1599006452,NULL);
INSERT INTO HistoryList VALUES(45,1,'Test Dates','Person fact changed: Residence',1599006457,0,1599006457,NULL);
INSERT INTO HistoryList VALUES(46,1,'Test Dates','Person fact changed: Residence',1599006470,0,1599006470,NULL);
INSERT INTO HistoryList VALUES(47,1,'Test Dates','Person fact added: Residence',1599006485,0,1599006485,NULL);
INSERT INTO HistoryList VALUES(48,1,'Test Dates','Person fact changed: Residence',1599006492,0,1599006492,NULL);
INSERT INTO HistoryList VALUES(49,1,'Test Dates','Person fact changed: Residence',1599006504,0,1599006504,NULL);
INSERT INTO HistoryList VALUES(50,1,'Test Dates','Person fact added: Residence',1599006513,0,1599006513,NULL);
INSERT INTO HistoryList VALUES(51,1,'Test Dates','Person fact changed: Residence',1599006516,0,1599006516,NULL);
INSERT INTO HistoryList VALUES(52,1,'Test Dates','Person fact changed: Residence',1599006525,0,1599006525,NULL);
INSERT INTO HistoryList VALUES(53,1,'Test Dates','Person fact changed: Residence',1599006536,0,1599006536,NULL);
INSERT INTO HistoryList VALUES(54,1,'Test Dates','Person fact added: Residence',1599006562,0,1599006562,NULL);
INSERT INTO HistoryList VALUES(55,1,'Test Dates','Person fact changed: Residence',1599006582,0,1599006582,NULL);
INSERT INTO HistoryList VALUES(56,1,'Test Dates','Person fact changed: Residence',1599006583,0,1599006583,NULL);
INSERT INTO HistoryList VALUES(57,1,'Test Dates','Person fact changed: Residence',1599006591,0,1599006591,NULL);
INSERT INTO HistoryList VALUES(58,1,'Test Dates','Person fact changed: Residence',1599006615,0,1599006615,NULL);
INSERT INTO HistoryList VALUES(59,1,'Test Dates','Person fact changed: Residence',1599006628,0,1599006628,NULL);
INSERT INTO HistoryList VALUES(60,1,'Test Dates','Person fact added: Residence',1599006665,0,1599006665,NULL);
INSERT INTO HistoryList VALUES(61,1,'Test Dates','Person fact changed: Residence',1599006669,0,1599006669,NULL);
INSERT INTO HistoryList VALUES(62,1,'Test Dates','Person fact changed: Residence',1599006675,0,1599006675,NULL);
INSERT INTO HistoryList VALUES(63,1,'Test Dates','Person fact changed: Residence',1599006686,0,1599006686,NULL);
INSERT INTO HistoryList VALUES(64,1,'Test Dates','Person fact added: Residence',1599006699,0,1599006699,NULL);
INSERT INTO HistoryList VALUES(65,1,'Test Dates','Person fact changed: Residence',1599006702,0,1599006702,NULL);
INSERT INTO HistoryList VALUES(66,1,'Test Dates','Person fact changed: Residence',1599006710,0,1599006710,NULL);
INSERT INTO HistoryList VALUES(67,1,'Test Dates','Person fact added: Residence',1599006727,0,1599006727,NULL);
INSERT INTO HistoryList VALUES(68,1,'Test Dates','Person fact changed: Residence',1599006731,0,1599006731,NULL);
INSERT INTO HistoryList VALUES(69,1,'Test Dates','Person fact changed: Residence',1599006740,0,1599006740,NULL);
INSERT INTO HistoryList VALUES(70,1,'Test Dates','Person fact added: Residence',1599006766,0,1599006766,NULL);
INSERT INTO HistoryList VALUES(71,1,'Test Dates','Person fact changed: Residence',1599006770,0,1599006770,NULL);
INSERT INTO HistoryList VALUES(72,1,'Test Dates','Person fact changed: Residence',1599006780,0,1599006780,NULL);
INSERT INTO HistoryList VALUES(73,1,'Test Dates','Person fact added: Residence',1599006796,0,1599006796,NULL);
INSERT INTO HistoryList VALUES(74,1,'Test Dates','Person fact changed: Residence',1599006801,0,1599006801,NULL);
INSERT INTO HistoryList VALUES(75,1,'Test Dates','Person fact changed: Residence',1599006810,0,1599006810,NULL);
INSERT INTO HistoryList VALUES(76,1,'Test Dates','Person fact added: Residence',1599007173,0,1599007173,NULL);
INSERT INTO HistoryList VALUES(77,1,'Test Dates','Person fact changed: Residence',1599007178,0,1599007178,NULL);
INSERT INTO HistoryList VALUES(78,1,'Test Dates','Person fact changed: Residence',1599007183,0,1599007183,NULL);
INSERT INTO HistoryList VALUES(79,1,'Test Dates','Person fact changed: Residence',1599007192,0,1599007192,NULL);
INSERT INTO HistoryList VALUES(80,1,'Test Dates','Person fact added: Residence',1599007371,0,1599007371,NULL);
INSERT INTO HistoryList VALUES(81,1,'Test Dates','Person fact changed: Residence',1599007388,0,1599007388,NULL);
INSERT INTO HistoryList VALUES(82,1,'Test Dates','Person fact changed: Residence',1599007397,0,1599007397,NULL);
INSERT INTO HistoryList VALUES(83,1,'Test Dates','Person fact added: Residence',1599007404,0,1599007404,NULL);
INSERT INTO HistoryList VALUES(84,1,'Test Dates','Person fact changed: Residence',1599007418,0,1599007418,NULL);
INSERT INTO HistoryList VALUES(85,1,'Test Dates','Person fact changed: Residence',1599007427,0,1599007427,NULL);
INSERT INTO HistoryList VALUES(86,1,'Test Dates','Person fact added: Residence',1599008148,0,1599008148,NULL);
INSERT INTO HistoryList VALUES(87,1,'Test Dates','Person fact changed: Residence',1599008150,0,1599008150,NULL);
INSERT INTO HistoryList VALUES(88,1,'Test Dates','Person fact changed: Residence',1599008165,0,1599008165,NULL);
INSERT INTO HistoryList VALUES(89,1,'Test Dates','Person fact added: Residence',1599008174,0,1599008174,NULL);
INSERT INTO HistoryList VALUES(90,1,'Test Dates','Person fact changed: Residence',1599008178,0,1599008178,NULL);
INSERT INTO HistoryList VALUES(91,1,'Test Dates','Person fact changed: Residence',1599008186,0,1599008186,NULL);
INSERT INTO HistoryList VALUES(92,1,'Test Dates','Person fact changed: Residence',1599008206,0,1599008206,NULL);
INSERT INTO HistoryList VALUES(93,1,'Test Dates','Person fact added: Residence',1599008218,0,1599008218,NULL);
INSERT INTO HistoryList VALUES(94,1,'Test Dates','Person fact changed: Residence',1599008222,0,1599008222,NULL);
INSERT INTO HistoryList VALUES(95,1,'Test Dates','Person fact changed: Residence',1599008231,0,1599008231,NULL);
INSERT INTO HistoryList VALUES(96,1,'Test Dates','Person fact added: Residence',1599008259,0,1599008259,NULL);
INSERT INTO HistoryList VALUES(97,1,'Test Dates','Person fact changed: Residence',1599008270,0,1599008270,NULL);
INSERT INTO HistoryList VALUES(98,1,'Test Dates','Person fact changed: Residence',1599008282,0,1599008282,NULL);
INSERT INTO HistoryList VALUES(99,1,'Test Dates','Person fact changed: Residence',1599008298,0,1599008298,NULL);
INSERT INTO HistoryList VALUES(100,1,'Test Dates','Person fact added: Residence',1599008312,0,1599008312,NULL);
INSERT INTO HistoryList VALUES(101,1,'Test Dates','Person fact changed: Residence',1599008548,0,1599008548,NULL);
INSERT INTO HistoryList VALUES(102,1,'Test Dates','Person fact changed: Residence',1599009512,0,1599009512,NULL);
INSERT INTO HistoryList VALUES(103,1,'Test Dates','Person fact deleted: Residence',1599009528,0,1599009528,NULL);
INSERT INTO HistoryList VALUES(104,1,'Test Dates','Person fact added: Residence',1599009547,0,1599009547,NULL);
INSERT INTO HistoryList VALUES(105,1,'Test Dates','Person fact changed: Residence',1599009549,0,1599009549,NULL);
INSERT INTO HistoryList VALUES(106,1,'Test Dates','Person fact changed: Residence',1599009557,0,1599009557,NULL);
INSERT INTO HistoryList VALUES(107,1,'Test Dates','Person fact changed: Residence',1599009564,0,1599009564,NULL);
INSERT INTO HistoryList VALUES(108,1,'Test Dates','Person fact changed: Residence',1599009567,0,1599009567,NULL);
INSERT INTO HistoryList VALUES(109,1,'Test Dates','Person fact added: Residence',1599009619,0,1599009619,NULL);
INSERT INTO HistoryList VALUES(110,1,'Test Dates','Person fact changed: Residence',1599009637,0,1599009637,NULL);
INSERT INTO HistoryList VALUES(111,1,'Test Dates','Person fact added: Residence',1599009652,0,1599009652,NULL);
INSERT INTO HistoryList VALUES(112,1,'Test Dates','Person fact deleted: Residence',1599009678,0,1599009678,NULL);
INSERT INTO HistoryList VALUES(113,1,'Test Dates','Person fact added: Residence',1599273434,0,1599273434,NULL);
INSERT INTO HistoryList VALUES(114,1,'Test Dates','Person fact changed: Residence',1599273440,0,1599273440,NULL);
INSERT INTO HistoryList VALUES(115,1,'Test Dates','Person fact changed: Residence',1599273462,0,1599273462,NULL);
INSERT INTO HistoryList VALUES(116,1,'Test Dates','Person fact changed: Residence',1599273467,0,1599273467,NULL);
INSERT INTO HistoryList VALUES(117,1,'Test Dates','Person fact changed: Residence',1599273472,0,1599273472,NULL);
INSERT INTO HistoryList VALUES(118,1,'Test Dates','Person fact changed: Residence',1599273478,0,1599273478,NULL);
INSERT INTO HistoryList VALUES(119,1,'Test Dates','Person fact changed: Residence',1599273481,0,1599273481,NULL);
INSERT INTO HistoryList VALUES(120,1,'Test Dates','Person fact changed: Residence',1599273484,0,1599273484,NULL);
INSERT INTO HistoryList VALUES(121,1,'Test Dates','Person fact changed: Residence',1599273590,0,1599273590,NULL);
INSERT INTO HistoryList VALUES(122,1,'Test Dates','Person fact changed: Residence',1599273599,0,1599273599,NULL);
INSERT INTO HistoryList VALUES(123,1,'Test Dates','Person fact changed: Residence',1599273724,0,1599273724,NULL);
INSERT INTO HistoryList VALUES(124,1,'Test Dates','Person fact changed: Residence',1599273737,0,1599273737,NULL);
INSERT INTO HistoryList VALUES(125,1,'Test Dates','Person fact changed: Residence',1599273751,0,1599273751,NULL);
INSERT INTO HistoryList VALUES(126,1,'Test Dates','Person fact changed: Residence',1599273789,0,1599273789,NULL);
INSERT INTO HistoryList VALUES(127,1,'Test Dates','Person fact changed: Residence',1599273795,0,1599273795,NULL);
INSERT INTO HistoryList VALUES(128,1,'Test Dates','Person fact added: Residence',1599273995,0,1599273995,NULL);
INSERT INTO HistoryList VALUES(129,1,'Test Dates','Person fact changed: Residence',1599274000,0,1599274000,NULL);
INSERT INTO HistoryList VALUES(130,2,'Test Places','Person added',1599274149,0,1599274149,NULL);
INSERT INTO HistoryList VALUES(131,2,'Test Places','Person fact added: Residence',1599274158,0,1599274158,NULL);
INSERT INTO HistoryList VALUES(132,2,'Test Places','Person fact changed: Residence',1599274221,0,1599274221,NULL);
INSERT INTO HistoryList VALUES(133,2,'Test Places','Person fact changed: Residence',1599274299,0,1599274299,NULL);
INSERT INTO HistoryList VALUES(134,2,'Test Places','Person fact added: Residence',1599274307,0,1599274307,NULL);
INSERT INTO HistoryList VALUES(135,2,'Test Places','Person fact changed: Residence',1599274329,0,1599274329,NULL);
INSERT INTO HistoryList VALUES(136,2,'Test Places','Person fact changed: Residence',1599274353,0,1599274353,NULL);
INSERT INTO HistoryList VALUES(137,2,'Test Places','Person fact changed: Residence',1599274366,0,1599274366,NULL);
INSERT INTO HistoryList VALUES(138,2,'Test Places','Person fact added: Residence',1599274401,0,1599274401,NULL);
INSERT INTO HistoryList VALUES(139,2,'Test Places','Person fact changed: Residence',1599274419,0,1599274419,NULL);
INSERT INTO HistoryList VALUES(140,2,'Test Places','Person fact changed: Residence',1599274444,0,1599274444,NULL);
INSERT INTO HistoryList VALUES(141,2,'Test Places','Person fact changed: Residence',1599274667,0,1599274667,NULL);
INSERT INTO HistoryList VALUES(142,2,'Test Places','Person fact added: Residence',1599274706,0,1599274706,NULL);
INSERT INTO HistoryList VALUES(143,2,'Test Places','Person fact changed: Residence',1599274719,0,1599274719,NULL);
INSERT INTO HistoryList VALUES(144,2,'Test Places','Person fact changed: Residence',1599274723,0,1599274723,NULL);
INSERT INTO HistoryList VALUES(145,2,'Test Places','Person fact added: Residence',1599274747,0,1599274747,NULL);
INSERT INTO HistoryList VALUES(146,2,'Test Places','Person fact changed: Residence',1599274756,0,1599274756,NULL);
INSERT INTO HistoryList VALUES(147,2,'Test Places','Person fact changed: Residence',1599274758,0,1599274758,NULL);
INSERT INTO HistoryList VALUES(148,2,'Test Places','Person fact added: Residence',1599274766,0,1599274766,NULL);
INSERT INTO HistoryList VALUES(149,2,'Test Places','Person fact changed: Residence',1599274777,0,1599274777,NULL);
INSERT INTO HistoryList VALUES(150,2,'Test Places','Person fact changed: Residence',1599274782,0,1599274782,NULL);
INSERT INTO HistoryList VALUES(151,2,'Test Places','Person fact added: Residence',1599274791,0,1599274791,NULL);
INSERT INTO HistoryList VALUES(152,2,'Test Places','Person fact changed: Residence',1599274793,0,1599274793,NULL);
INSERT INTO HistoryList VALUES(153,2,'Test Places','Person fact changed: Residence',1599274796,0,1599274796,NULL);
INSERT INTO HistoryList VALUES(154,2,'Test Places','Person fact added: Residence',1599274831,0,1599274831,NULL);
INSERT INTO HistoryList VALUES(155,2,'Test Places','Person fact changed: Residence',1599274844,0,1599274844,NULL);
INSERT INTO HistoryList VALUES(156,2,'Test Places','Person fact changed: Residence',1599274847,0,1599274847,NULL);
INSERT INTO HistoryList VALUES(157,2,'Test Places','Person fact added: Residence',1599274874,0,1599274874,NULL);
INSERT INTO HistoryList VALUES(158,2,'Test Places','Person fact changed: Residence',1599274900,0,1599274900,NULL);
INSERT INTO HistoryList VALUES(159,2,'Test Places','Person fact changed: Residence',1599274903,0,1599274903,NULL);
INSERT INTO HistoryList VALUES(160,2,'Test Places','Person fact changed: Residence',1599274907,0,1599274907,NULL);
INSERT INTO HistoryList VALUES(161,2,'Test Places','Person fact added: Residence',1599274917,0,1599274917,NULL);
INSERT INTO HistoryList VALUES(162,2,'Test Places','Person fact changed: Residence',1599274943,0,1599274943,NULL);
INSERT INTO HistoryList VALUES(163,2,'Test Places','Person fact changed: Residence',1599274945,0,1599274945,NULL);
INSERT INTO HistoryList VALUES(164,2,'Test Places','Person fact added: Residence',1599274949,0,1599274949,NULL);
INSERT INTO HistoryList VALUES(165,2,'Test Places','Person fact changed: Residence',1599274967,0,1599274967,NULL);
INSERT INTO HistoryList VALUES(166,2,'Test Places','Person fact changed: Residence',1599274969,0,1599274969,NULL);
INSERT INTO HistoryList VALUES(167,2,'Test Places','Person fact added: Residence',1599274999,0,1599274999,NULL);
INSERT INTO HistoryList VALUES(168,2,'Test Places','Person fact changed: Residence',1599275064,0,1599275064,NULL);
INSERT INTO HistoryList VALUES(169,2,'Test Places','Person fact added: Residence',1600824757,0,1600824757,NULL);
INSERT INTO HistoryList VALUES(170,2,'Test Places','Person fact changed: Residence',1600824793,0,1600824793,NULL);
INSERT INTO HistoryList VALUES(171,2,'Test Places','Person fact changed: Residence',1600824817,0,1600824817,NULL);
INSERT INTO HistoryList VALUES(172,3,'TestEvents','Person added',1600824857,0,1600824857,NULL);
INSERT INTO HistoryList VALUES(173,3,'TestEvents','Person fact added: Birth',1600824892,0,1600824892,NULL);
INSERT INTO HistoryList VALUES(174,3,'TestEvents','Person fact changed: Birth',1600824899,0,1600824899,NULL);
INSERT INTO HistoryList VALUES(175,3,'TestEvents','Person fact added: Death',1600824911,0,1600824911,NULL);
INSERT INTO HistoryList VALUES(176,3,'TestEvents','Person fact changed: Death',1600824923,0,1600824923,NULL);
INSERT INTO HistoryList VALUES(177,2,'MasterSource.1.Author, MasterSource.1.Title (MasterSource.1.PublisherLocation, MasterSource.1.PublisherName, MasterSource.1.PublishDate), Repository.1, repo address 1 repo address 2, Source.1.1.CitationDetail.line1 Source.1.1.CitationDetail.line2 . Source.1.1.CitationText.line1 Source.1.1.CitationText.line2 . http://source.1.1.webaddress/.  ref note override? ','Source citation added: ',1600825697,3,1600825697,NULL);
INSERT INTO HistoryList VALUES(178,4,replace(replace('MasterSource.1.Author, MasterSource.1.Title (MasterSource.1.PublisherLocation, MasterSource.1.PublisherName, MasterSource.1.PublishDate), Repository.1, repo address 1\r\nrepo address 2, Source.1.2.CitationDetail.line1\r\nSource.1.2.CitationDetail.line2\r\n. Source.1.2.CitationText.line1\r\nSource.1.2.CitationText.line2\r\n. http://source.1.2.webaddress/.','\r',char(13)),'\n',char(10)),'Source citation added: ',1600825747,3,1600825747,NULL);
INSERT INTO HistoryList VALUES(179,6,replace(replace('MasterSource.2.Author, MasterSource.2.Ttile (MasterSource.2.PublisherLocation, MasterSource.2.PublisherName, MasterSource.2.PublishDate), Repository.1, repo address 1\r\nrepo address 2, Source.2.1.CitationDetail.line1\r\nSource.2.1.CitationDetail.line2\r\n. Source.2.1.CitationText.line1\r\nSource.2.1.CitationText.line2\r\n. http://source.2.1.webaddress/.','\r',char(13)),'\n',char(10)),'Source citation added: ',1600825801,3,1600825801,NULL);
INSERT INTO HistoryList VALUES(180,8,replace(replace('MasterSource.2.Author, MasterSource.2.Ttile (MasterSource.2.PublisherLocation, MasterSource.2.PublisherName, MasterSource.2.PublishDate), Repository.1, repo address 1\r\nrepo address 2, Source.2.2.CitationDetail.line1\r\nSource.2.2.CitationDetail.line2\r\n. Source.2.2.CitationText.line1\r\nSource.2.2.CitationText.line2\r\n. http://source.2.2.webaddress/.','\r',char(13)),'\n',char(10)),'Source citation added: ',1600825842,3,1600825842,NULL);
INSERT INTO HistoryList VALUES(181,2,'MasterSource.1.Author, MasterSource.1.Title (MasterSource.1.PublisherLocation, MasterSource.1.PublisherName, MasterSource.1.PublishDate), Repository.1, repo address 1 repo address 2, Source.1.1.CitationDetail.line1 Source.1.1.CitationDetail.line2 . Source.1.1.CitationText.line1 Source.1.1.CitationText.line2 . http://source.1.1.webaddress/.  ref note override?.','Source citation changed: ',1600825902,3,1600825902,NULL);
INSERT INTO HistoryList VALUES(182,2,'Test Places','Person fact added: Marriage',1600826010,0,1600826010,NULL);
INSERT INTO HistoryList VALUES(183,3,'TestEvents','Person fact added: Marriage',1600826010,0,1600826010,NULL);
INSERT INTO HistoryList VALUES(184,2,'Test Places','Person fact changed: Marriage',1600826020,0,1600826020,NULL);
INSERT INTO HistoryList VALUES(185,3,'TestEvents','Person fact changed: Marriage',1600826020,0,1600826020,NULL);
INSERT INTO HistoryList VALUES(186,2,'Test Places','Person fact changed: Marriage',1600826079,0,1600826079,NULL);
INSERT INTO HistoryList VALUES(187,3,'TestEvents','Person fact changed: Marriage',1600826079,0,1600826079,NULL);
INSERT INTO HistoryList VALUES(188,2,'Test Places','Person fact changed: Marriage',1600826084,0,1600826084,NULL);
INSERT INTO HistoryList VALUES(189,3,'TestEvents','Person fact changed: Marriage',1600826084,0,1600826084,NULL);
INSERT INTO HistoryList VALUES(190,3,'TestEvents','Person fact changed: Death',1600826093,0,1600826093,NULL);
INSERT INTO HistoryList VALUES(191,2,'Test Places','Person fact deleted: Marriage',1600826102,0,1600826102,NULL);
INSERT INTO HistoryList VALUES(192,3,'TestEvents','Person fact deleted: Marriage',1600826102,0,1600826102,NULL);
INSERT INTO HistoryList VALUES(193,3,'TestEvents','Person fact added: Residence',1600826122,0,1600826122,NULL);
INSERT INTO HistoryList VALUES(194,3,'TestEvents','Person fact changed: Residence',1600826128,0,1600826128,NULL);
INSERT INTO HistoryList VALUES(195,3,'TestEvents','Person fact changed: Residence',1600826142,0,1600826142,NULL);
INSERT INTO HistoryList VALUES(196,3,'TestEvents','Person fact changed: Residence',1600826180,0,1600826180,NULL);
INSERT INTO HistoryList VALUES(197,2,'MasterSource.1.Author, MasterSource.1.Title (MasterSource.1.PublisherLocation, MasterSource.1.PublisherName, MasterSource.1.PublishDate), Repository.1, repo address 1 repo address 2, Source.1.1.CitationDetail.line1 Source.1.1.CitationDetail.line2 . Source.1.1.CitationText.line1 Source.1.1.CitationText.line2 . http://source.1.1.webaddress/.  ref note override?.','Source citation link added: ',1600826195,3,1600826195,NULL);
INSERT INTO HistoryList VALUES(198,4,replace(replace('MasterSource.1.Author, MasterSource.1.Title (MasterSource.1.PublisherLocation, MasterSource.1.PublisherName, MasterSource.1.PublishDate), Repository.1, repo address 1\r\nrepo address 2, Source.1.2.CitationDetail.line1\r\nSource.1.2.CitationDetail.line2\r\n. Source.1.2.CitationText.line1\r\nSource.1.2.CitationText.line2\r\n. http://source.1.2.webaddress/.','\r',char(13)),'\n',char(10)),'Source citation link added: ',1600826211,3,1600826211,NULL);
INSERT INTO HistoryList VALUES(199,6,replace(replace('MasterSource.2.Author, MasterSource.2.Ttile (MasterSource.2.PublisherLocation, MasterSource.2.PublisherName, MasterSource.2.PublishDate), Repository.1, repo address 1\r\nrepo address 2, Source.2.1.CitationDetail.line1\r\nSource.2.1.CitationDetail.line2\r\n. Source.2.1.CitationText.line1\r\nSource.2.1.CitationText.line2\r\n. http://source.2.1.webaddress/.','\r',char(13)),'\n',char(10)),'Source citation link added: ',1600826218,3,1600826218,NULL);
INSERT INTO HistoryList VALUES(200,6,replace(replace('MasterSource.2.Author, MasterSource.2.Ttile (MasterSource.2.PublisherLocation, MasterSource.2.PublisherName, MasterSource.2.PublishDate), Repository.1, repo address 1\r\nrepo address 2, Source.2.1.CitationDetail.line1\r\nSource.2.1.CitationDetail.line2\r\n. Source.2.1.CitationText.line1\r\nSource.2.1.CitationText.line2\r\n. http://source.2.1.webaddress/.','\r',char(13)),'\n',char(10)),'Source citation link added: ',1600826224,3,1600826224,NULL);
INSERT INTO HistoryList VALUES(201,8,replace(replace('MasterSource.2.Author, MasterSource.2.Ttile (MasterSource.2.PublisherLocation, MasterSource.2.PublisherName, MasterSource.2.PublishDate), Repository.1, repo address 1\r\nrepo address 2, Source.2.2.CitationDetail.line1\r\nSource.2.2.CitationDetail.line2\r\n. Source.2.2.CitationText.line1\r\nSource.2.2.CitationText.line2\r\n. http://source.2.2.webaddress/.','\r',char(13)),'\n',char(10)),'Source citation link added: ',1600826227,3,1600826227,NULL);
INSERT INTO HistoryList VALUES(202,1,'Media.A.txt','Media Item Added: ',1600829410,2,1600829410,NULL);
INSERT INTO HistoryList VALUES(203,2,'Media.B.txt','Media Item Added: ',1600829416,2,1600829416,NULL);
INSERT INTO HistoryList VALUES(204,3,'Media.C.txt','Media Item Added: ',1600829423,2,1600829423,NULL);
INSERT INTO HistoryList VALUES(205,1,'Media.A.txt','Media Link Changed: ',1600829531,2,1600829531,NULL);
INSERT INTO HistoryList VALUES(206,2,'Media.B.txt','Media Link Changed: ',1600829556,2,1600829556,NULL);
INSERT INTO HistoryList VALUES(207,3,'Media.C.txt','Media Item Changed: ',1600829638,2,1600829638,NULL);
INSERT INTO HistoryList VALUES(208,3,'Media.C.txt','Media Item Changed: ',1600829649,2,1600829649,NULL);
INSERT INTO HistoryList VALUES(209,3,'Media.C.txt','Media Item Changed: ',1600829667,2,1600829667,NULL);
INSERT INTO HistoryList VALUES(210,3,'Media.C.txt','Media Item Changed: ',1600829674,2,1600829674,NULL);
INSERT INTO HistoryList VALUES(211,3,'Media.C.txt','Media Item Changed: ',1600829686,2,1600829686,NULL);
INSERT INTO HistoryList VALUES(212,2,'Media.B.txt','Media Link Changed: ',1600829739,2,1600829739,NULL);
INSERT INTO HistoryList VALUES(213,3,'Media.C.txt','Media Link Changed: ',1600829748,2,1600829748,NULL);
INSERT INTO HistoryList VALUES(214,2,'Media.B.txt','Media Link Changed: ',1600829788,2,1600829788,NULL);
INSERT INTO HistoryList VALUES(215,3,'Media.C.txt','Media Link Deleted: ',1600829847,2,1600829847,NULL);
INSERT INTO HistoryList VALUES(216,1,'Media.A.txt','Media Link Changed: ',1600829858,2,1600829858,NULL);
INSERT INTO HistoryList VALUES(217,3,'Media.C.txt','Media Link Changed: ',1600829880,2,1600829880,NULL);
INSERT INTO HistoryList VALUES(218,6,replace(replace('MasterSource.2.Author, MasterSource.2.Ttile (MasterSource.2.PublisherLocation, MasterSource.2.PublisherName, MasterSource.2.PublishDate), Repository.1, repo address 1\r\nrepo address 2, Source.2.1.CitationDetail.line1\r\nSource.2.1.CitationDetail.line2\r\n. Source.2.1.CitationText.line1\r\nSource.2.1.CitationText.line2\r\n. http://source.2.1.webaddress/.','\r',char(13)),'\n',char(10)),'Source citation changed: ',1600829952,3,1600829952,NULL);
INSERT INTO HistoryList VALUES(219,8,replace(replace('MasterSource.2.Author, MasterSource.2.Ttile (MasterSource.2.PublisherLocation, MasterSource.2.PublisherName, MasterSource.2.PublishDate), Repository.1, repo address 1\r\nrepo address 2, Source.2.2.CitationDetail.line1\r\nSource.2.2.CitationDetail.line2\r\n. Source.2.2.CitationText.line1\r\nSource.2.2.CitationText.line2\r\n. http://source.2.2.webaddress/.','\r',char(13)),'\n',char(10)),'Source citation changed: ',1600829965,3,1600829965,NULL);
INSERT INTO HistoryList VALUES(220,3,'Media.C.txt','Media Link Changed: ',1600832936,2,1600832936,NULL);
INSERT INTO HistoryList VALUES(221,2,'Media.B.txt','Media Link Changed: ',1600833486,2,1600833486,NULL);
INSERT INTO HistoryList VALUES(222,2,'MasterSource.1.Author, MasterSource.1.Title (MasterSource.1.PublisherLocation, MasterSource.1.PublisherName, MasterSource.1.PublishDate), Repository.1, repo address 1 repo address 2, Source.1.1.CitationDetail.line1 Source.1.1.CitationDetail.line2 . Source.1.1.CitationText.line1 Source.1.1.CitationText.line2 . http://source.1.1.webaddress/.  ref note override?.','Source citation changed: ',1600833910,3,1600833910,NULL);
INSERT INTO HistoryList VALUES(223,2,'MasterSource.1.Author, MasterSource.1.Title (MasterSource.1.PublisherLocation, MasterSource.1.PublisherName, MasterSource.1.PublishDate), Repository.1, repo address 1 repo address 2, Source.1.1.CitationDetail.line1 Source.1.1.CitationDetail.line2 . Source.1.1.CitationText.line1 Source.1.1.CitationText.line2 . http://source.1.1.webaddress/.  ref note override?.','Source citation changed: ',1600833944,3,1600833944,NULL);
INSERT INTO HistoryList VALUES(224,2,'Test Places','Person fact added: Residence',1600834301,0,1600834301,NULL);
INSERT INTO HistoryList VALUES(225,2,'Test Places','Person fact changed: Residence',1600834340,0,1600834340,NULL);
INSERT INTO HistoryList VALUES(226,2,'Test Places','Person fact changed: Residence',1600834348,0,1600834348,NULL);
CREATE TABLE MasterSource (
    ID INTEGER PRIMARY KEY AUTOINCREMENT,
    Title TEXT NOT NULL,
    Author TEXT NULL,
    PublisherName TEXT NULL,
    PublisherLocation TEXT NULL,
    PublishDate TEXT NULL,
    RepositoryID INTEGER NULL,
    CallNumber TEXT NULL,
    Comments TEXT NULL,
    PID TEXT NULL,
    SourceType INT NOT NULL DEFAULT 0,
    TemplateData TEXT NULL,
    CreateDate DATETIME NOT NULL DEFAULT (strftime('%s', 'now')),
    UpdateDate DATETIME NOT NULL DEFAULT (strftime('%s', 'now')),
    SyncVersion INTEGER NOT NULL DEFAULT 0,
    UID TEXT,
    CONSTRAINT FK_MasterSource_RepositoryID FOREIGN KEY(RepositoryID) REFERENCES Repository (ID) ON DELETE SET DEFAULT DEFERRABLE INITIALLY DEFERRED
);
INSERT INTO MasterSource VALUES(1,'MasterSource.1.Title','MasterSource.1.Author','MasterSource.1.PublisherName','MasterSource.1.PublisherLocation','MasterSource.1.PublishDate',1,'MasterSource.1.CallNumber',replace(replace('MasterSource.1.Comment.line1\r\nMasterSource.1.Comment.line2\r\n','\r',char(13)),'\n',char(10)),NULL,0,NULL,1600825501,1600829880,1,'');
INSERT INTO MasterSource VALUES(2,'MasterSource.2.Ttile','MasterSource.2.Author','MasterSource.2.PublisherName','MasterSource.2.PublisherLocation','MasterSource.2.PublishDate',1,'MasterSource.2.CallNumber',replace(replace('MasterSource.2.Comments.line1\r\nMasterSource.2.Comments.line2\r\n','\r',char(13)),'\n',char(10)),NULL,0,NULL,1600825568,1600825568,1,'');
INSERT INTO MasterSource VALUES(3,'1850',NULL,NULL,NULL,NULL,NULL,NULL,'Using source template',NULL,61,'<?xml version="1.0" encoding="utf-16"?><s><f /><f>New York</f><f>Madison</f><f>M432</f><f>527</f><f>Ancestry.com</f><f>Ancestry.com Operations, Inc.</f><f>Provo, Utah</f><f>2009</f><f>http://search.ancestry.com/cgi-bin/sse.dll?indiv=1&amp;dbid=8054&amp;h=7054862</f></s>',1600835493,1600835494,1,'');
CREATE TABLE MediaFile (
    ID INTEGER PRIMARY KEY AUTOINCREMENT,
    FileName TEXT NOT NULL,
    FileCaption TEXT NULL,
    FileDescription TEXT NULL,
    FileDate TEXT NULL,
    Thumbnail BLOB NULL,
    ModifiedTime DATETIME NOT NULL,
    GUID GUID NOT NULL,
    PID TEXT NULL,
    CreateDate DATETIME NOT NULL DEFAULT (strftime('%s', 'now')),
    UpdateDate DATETIME NOT NULL DEFAULT (strftime('%s', 'now')),
    IsPrivate BOOLEAN NOT NULL DEFAULT 0,
    SyncVersion INTEGER NOT NULL DEFAULT 0,
    WID INTEGER NULL DEFAULT NULL,
    UID TEXT,
    FileHash TEXT NULL,
    CONSTRAINT FK_Watermark_MediaFileWID FOREIGN KEY (WID) REFERENCES Watermark(ID) DEFERRABLE INITIALLY DEFERRED
);
INSERT INTO MediaFile VALUES(1,'~\Media.A.txt','Media.A','Media.A.Description (private)','9/23/2020 2:50:10 AM',NULL,1600829410,X'7eb86fd0c96ab3419e40623808c92832','',1600829410,1600829607,1,1,NULL,'','7fc56270e7a70fa81a5935b72eacbe29');
INSERT INTO MediaFile VALUES(2,'~\Media.B.txt','Media.B','Media.B.Description','9/23/2020 2:50:15 AM',NULL,1600829416,X'4ab6fe137fbd424a9fc962bd57dd23bb','',1600829416,1600834011,0,1,NULL,'','9d5ed678fe57bcca610140957afab571');
INSERT INTO MediaFile VALUES(3,'~\Media.C.txt','Media.C','Media.C.Description (categories: documents, stories)','9/23/2020 2:50:23 AM',NULL,1600829423,X'b83eb3a978fb9e45a60a3f8df3c3260f','',1600829423,1600829686,0,1,NULL,'','0d61f8370cad1d412f80b84d143e1257');
CREATE TABLE MediaFileOriginal (
    ID INTEGER PRIMARY KEY AUTOINCREMENT,
    MediaFileID INTEGER NOT NULL,
    FileHash TEXT NULL,
    UID TEXT NULL,
    CONSTRAINT FK_MediaFile_Fact FOREIGN KEY (MediaFileID) REFERENCES MediaFile(ID) DEFERRABLE INITIALLY DEFERRED
);
CREATE TABLE MediaLink (
    ID INTEGER PRIMARY KEY AUTOINCREMENT,
    LinkID INTEGER NOT NULL,
    LinkTableID INT NOT NULL,
    MediaFileID INTEGER NOT NULL,
    Private BOOLEAN NOT NULL DEFAULT 0,
    FileOrder INT NOT NULL DEFAULT 0,
    CreateDate DATETIME NOT NULL DEFAULT (strftime('%s', 'now')),
    UpdateDate DATETIME NOT NULL DEFAULT (strftime('%s', 'now')),
    SyncVersion INTEGER NOT NULL DEFAULT 0,
    UID TEXT,
    CONSTRAINT CT_MediaLink UNIQUE (LinkID, LinkTableID, MediaFileID),
    CONSTRAINT FK_MediaLink_MediaFileID FOREIGN KEY(MediaFileID) REFERENCES MediaFile (ID) ON DELETE CASCADE DEFERRABLE INITIALLY DEFERRED
);
INSERT INTO MediaLink VALUES(1,1,10,1,0,0,1600829531,1600829607,1,'');
INSERT INTO MediaLink VALUES(2,1,10,2,0,0,1600829556,1600829590,1,'');
INSERT INTO MediaLink VALUES(3,2,16,2,0,0,1600829739,1600829739,1,'');
INSERT INTO MediaLink VALUES(5,4,16,2,0,0,1600829788,1600829788,1,'');
INSERT INTO MediaLink VALUES(6,2,16,1,0,0,1600829858,1600829858,1,'');
INSERT INTO MediaLink VALUES(7,1,10,3,0,0,1600829880,1600829880,1,'');
INSERT INTO MediaLink VALUES(8,6,16,1,0,0,1600829947,1600829947,1,'');
INSERT INTO MediaLink VALUES(9,6,16,2,0,0,1600829950,1600829950,1,'');
INSERT INTO MediaLink VALUES(10,8,16,2,0,0,1600829960,1600829960,1,'');
INSERT INTO MediaLink VALUES(11,8,16,3,0,0,1600829963,1600829963,1,'');
INSERT INTO MediaLink VALUES(12,54,2,3,0,0,1600832936,1600832936,1,'');
INSERT INTO MediaLink VALUES(13,3,5,2,0,0,1600833486,1600833486,1,'');
INSERT INTO MediaLink VALUES(14,1,7,1,0,0,1600834739,1600834739,1,'');
INSERT INTO MediaLink VALUES(15,1,7,2,0,0,1600834744,1600834744,1,'');
CREATE TABLE Note (
    ID INTEGER PRIMARY KEY AUTOINCREMENT,
    LinkID INTEGER NOT NULL,
    LinkTableID INT NOT NULL,
    Category TEXT NOT NULL,
    CreateDate DATETIME NOT NULL DEFAULT (strftime('%s', 'now')),
    ModifyDate DATETIME NOT NULL DEFAULT (strftime('%s', 'now')),
    Private BOOLEAN NOT NULL DEFAULT 0,
    NoteText TEXT NULL,
    SyncVersion INTEGER NOT NULL DEFAULT 0,
    UID TEXT,
    CONSTRAINT CT_Note UNIQUE (LinkID, LinkTableID, Category)
);
INSERT INTO Note VALUES(1,2,16,'0',1600833910,1600833944,0,replace(replace('{\rtf1\ansi\ansicpg1252\deff0\deflang1033{\fonttbl{\f0\fnil\fcharset0 Microsoft Sans Serif;}}\015\n\viewkind4\uc1\pard\f0\fs17 Source.1.1.Note.line1\par\015\nSource.1.1.Note.line2\par\015\n\par\015\n}\015\n','\015',char(13)),'\n',char(10)),1,'');
INSERT INTO Note VALUES(2,2,13,'0',1600834001,1600834011,0,replace(replace('{\rtf1\ansi\ansicpg1252\deff0\deflang1033{\fonttbl{\f0\fnil\fcharset0 Microsoft Sans Serif;}}\015\n\viewkind4\uc1\pard\f0\fs20 Media.B.Notes.line1\par\015\n\pard\fs20 Media.B.Notes.line2\par\015\n\pard\fs20\par\015\n}\015\n','\015',char(13)),'\n',char(10)),1,'');
INSERT INTO Note VALUES(3,54,2,'0',1600834389,1600834389,0,replace(replace('{\rtf1\ansi\ansicpg1252\deff0\deflang1033{\fonttbl{\f0\fnil\fcharset0 Microsoft Sans Serif;}}\015\n\viewkind4\uc1\pard\f0\fs20 Birth Fact Note line 1\par\015\n\pard\fs20 Birth Fact Note line 2\par\015\n\pard\fs20\par\015\n}\015\n','\015',char(13)),'\n',char(10)),1,'');
INSERT INTO Note VALUES(4,3,5,'0',1600834403,1600834403,0,replace(replace('{\rtf1\ansi\ansicpg1252\deff0\deflang1033{\fonttbl{\f0\fnil\fcharset0 Microsoft Sans Serif;}}\015\n\viewkind4\uc1\pard\f0\fs20 Person Note line 1\par\015\n\pard\fs20 Person Note line 2\par\015\n\pard\fs20\par\015\n}\015\n','\015',char(13)),'\n',char(10)),1,'');
INSERT INTO Note VALUES(5,1,7,'0',1600834757,1600834757,0,replace(replace('{\rtf1\ansi\ansicpg1252\deff0\deflang1033{\fonttbl{\f0\fnil\fcharset0 Microsoft Sans Serif;}}\015\n\viewkind4\uc1\pard\f0\fs20 Relationship Note\par\015\n}\015\n','\015',char(13)),'\n',char(10)),1,'');
CREATE TABLE Person (
    ID INTEGER PRIMARY KEY AUTOINCREMENT,
    PersonGUID GUID NOT NULL,
    Private BOOLEAN NOT NULL DEFAULT 0,
    NameFactID INTEGER NULL,
    Sex TEXT NULL,
    SexFactID INTEGER NULL,
    BirthDate TEXT NULL,
    BirthPlace TEXT NULL,
    BirthPlaceID INTEGER NULL,
    BirthFactID INTEGER NULL,
    DeathDate TEXT NULL,
    DeathPlace TEXT NULL,
    DeathPlaceID INTEGER NULL,
    DeathFactID INTEGER NULL,
    MarriageDate TEXT NULL,
    MarriagePlace TEXT NULL,
    MarriagePlaceID INTEGER NULL,
    MarriageFactID INTEGER NULL,
    PreferredRelID INTEGER NULL,
    PreferredMediaFileID INTEGER NULL,
    MediaLinkedCounts INT NOT NULL DEFAULT 0,
    LinkedCounts INT NOT NULL DEFAULT 0,
    Sequence INT NOT NULL DEFAULT 0,
    CreateDate DATETIME NOT NULL DEFAULT (strftime('%s', 'now')),
    UpdateDate DATETIME NOT NULL DEFAULT (strftime('%s', 'now')),
    Title TEXT NULL COLLATE NOCASE,
    GivenName TEXT NULL,
    FamilyName TEXT NULL,
    NameSuffix TEXT NULL,
    FullName TEXT NULL COLLATE NOCASE,
    FullNameReversed TEXT NULL COLLATE NOCASE,
    BirthDateSort1 INTEGER NULL,
    BirthDateSort2 INTEGER NULL,
    BirthDateModifier1 INT(8) NULL,
    BirthDateModifier2 INT(8) NULL,
    BirthDateYear INTEGER NULL,
    DeathDateSort1 INTEGER NULL,
    DeathDateSort2 INTEGER NULL,
    DeathDateModifier1 INT(8) NULL,
    DeathDateModifier2 INT(8) NULL,
    DeathDateYear INTEGER NULL,
    MarriageDateSort1 INTEGER NULL,
    MarriageDateSort2 INTEGER NULL,
    MarriageDateModifier1 INT(8) NULL,
    MarriageDateModifier2 INT(8) NULL,
    MarriageDateYear INTEGER NULL,
    SyncVersion INTEGER NOT NULL DEFAULT 0,
    UID TEXT,
    PreferredMediaFileCrop TEXT NULL,
    CONSTRAINT FK_Person_NameFactID FOREIGN KEY(NameFactID) REFERENCES Fact (ID) ON DELETE SET DEFAULT DEFERRABLE INITIALLY DEFERRED,
    CONSTRAINT FK_Person_SexFactID FOREIGN KEY(SexFactID) REFERENCES Fact (ID) ON DELETE SET DEFAULT DEFERRABLE INITIALLY DEFERRED,
    CONSTRAINT FK_Person_BirthPlaceID FOREIGN KEY(BirthPlaceID) REFERENCES Place (ID) ON DELETE SET DEFAULT DEFERRABLE INITIALLY DEFERRED,
    CONSTRAINT FK_Person_BirthFactID FOREIGN KEY(BirthFactID) REFERENCES Fact (ID) ON DELETE SET DEFAULT DEFERRABLE INITIALLY DEFERRED,
    CONSTRAINT FK_Person_DeathPlaceID FOREIGN KEY(DeathPlaceID) REFERENCES Place (ID) ON DELETE SET DEFAULT DEFERRABLE INITIALLY DEFERRED,
    CONSTRAINT FK_Person_DeathFactID FOREIGN KEY(DeathFactID) REFERENCES Fact (ID) ON DELETE SET DEFAULT DEFERRABLE INITIALLY DEFERRED,
    CONSTRAINT FK_Person_MarriagePlaceID FOREIGN KEY(MarriagePlaceID) REFERENCES Place (ID) ON DELETE SET DEFAULT DEFERRABLE INITIALLY DEFERRED,
    CONSTRAINT FK_Person_MarriageFactID FOREIGN KEY(MarriageFactID) REFERENCES Fact (ID) ON DELETE SET DEFAULT DEFERRABLE INITIALLY DEFERRED,
    CONSTRAINT FK_Person_PreferredRelID FOREIGN KEY(PreferredRelID) REFERENCES Relationship (ID) ON DELETE SET DEFAULT DEFERRABLE INITIALLY DEFERRED,
    CONSTRAINT FK_Person_PreferredMediaFileID FOREIGN KEY(PreferredMediaFileID) REFERENCES MediaFile (ID) ON DELETE SET DEFAULT DEFERRABLE INITIALLY DEFERRED
);
INSERT INTO Person VALUES(1,X'379b48e2e271584eba2bd27de8557a69',0,1,'2',2,NULL,NULL,NULL,NULL,NULL,NULL,NULL,NULL,NULL,NULL,NULL,NULL,NULL,NULL,0,0,0,1599005930,1599274149,'Test /Dates/','Test','Dates','','Test Dates','Dates, Test',2147387392,NULL,0,NULL,6770,2147387392,NULL,0,NULL,6770,2147387392,NULL,0,NULL,6770,1,NULL,NULL);
INSERT INTO Person VALUES(2,X'adc9d9d8c9915a47bdd9da7728551e27',0,37,'0',38,NULL,NULL,NULL,NULL,NULL,NULL,NULL,NULL,NULL,NULL,NULL,NULL,1,NULL,131072,0,0,1599274149,1600834744,'Test /Places/','Test','Places','','Test Places','Places, Test',2147387392,NULL,0,NULL,6770,2147387392,NULL,0,NULL,6770,2147387392,NULL,0,NULL,6770,1,NULL,NULL);
INSERT INTO Person VALUES(3,X'68f4334b8feef046b20b600bc5a2df2d',0,52,'1',53,'1236677632',NULL,NULL,54,'1255378432',NULL,NULL,55,NULL,NULL,NULL,NULL,1,NULL,786433,5,0,1600824857,1600834744,'/TestEvents/','','TestEvents','','TestEvents','TestEvents',1236677632,NULL,0,NULL,1901,1255378432,NULL,0,NULL,2001,2147387392,NULL,0,NULL,6770,1,NULL,NULL);
CREATE TABLE Place (
    ID INTEGER PRIMARY KEY AUTOINCREMENT,
    Name TEXT NOT NULL,
    DisplayName TEXT NULL,
    CreateDate DATETIME NOT NULL DEFAULT (strftime('%s', 'now')),
    UpdateDate DATETIME NOT NULL DEFAULT (strftime('%s', 'now')),
    SyncVersion INTEGER NOT NULL DEFAULT 0,
    UID TEXT
);
INSERT INTO Place VALUES(2,'//Brandywine/New Castle/Delaware/USA/5995/0.6951549/-1.31833','',1599274221,1599274221,1,'');
INSERT INTO Place VALUES(3,'/second floor, 1211 Brook Drive/Brandywine/New Castle/Delaware/USA/-5995//','',1599274329,1599274353,1,'');
INSERT INTO Place VALUES(4,'/back yard, 1211 Brook Drive/Brandywine/New Castle/Delaware/USA/-5995/0.6944141/-1.317912','',1599274419,1599274579,1,'');
INSERT INTO Place VALUES(5,'///New Castle/Delaware/USA/2156/0.6908112/-1.320133','',1599274756,1599274756,1,'');
INSERT INTO Place VALUES(6,'////Delaware/USA/10/0.6808202/-1.317156','',1599274777,1599274777,1,'');
INSERT INTO Place VALUES(7,'/////USA/2//','',1599274793,1599274793,1,'');
INSERT INTO Place VALUES(8,'//Syracuse/Onondaga/New York/USA/11269/0.7513314/-1.329023','',1599274844,1599274844,1,'');
INSERT INTO Place VALUES(9,'///Madison/New York/USA/1864/0.7489517/-1.320659','',1599274900,1599274900,1,'');
INSERT INTO Place VALUES(10,'/Unknown, Madison, New York, USA|//','',1599274943,1599274943,1,'');
INSERT INTO Place VALUES(11,'/Unknown, New Castle, Delaware, USA|//','',1599274967,1599274967,1,'');
INSERT INTO Place VALUES(12,'/Unknown|//','',1599275064,1599275064,1,'');
INSERT INTO Place VALUES(13,'/Place, Name w/some slash/es | and, verical | bars|//','',1600824793,1600824817,1,'');
INSERT INTO Place VALUES(14,'/another place / with slashes | and  bars, but, resolved, in///Connecticut/USA/-9//','',1600834340,1600834348,1,'');
CREATE TABLE Publication (
    ID INTEGER PRIMARY KEY AUTOINCREMENT,
    Category INT NOT NULL DEFAULT 0,
    Type TEXT NOT NULL,
    Name TEXT NOT NULL,
    Attributes INT NOT NULL DEFAULT 0,
    Context INT NOT NULL DEFAULT 0,
    Size INT NOT NULL,
    Xml TEXT NOT NULL,
    CreateDate DATETIME NOT NULL DEFAULT (strftime('%s', 'now')),
    ModifyDate DATETIME NOT NULL DEFAULT (strftime('%s', 'now')),
    SyncVersion INTEGER NOT NULL DEFAULT 0,
    UID TEXT
);
CREATE TABLE Relationship (
    ID INTEGER PRIMARY KEY AUTOINCREMENT,
    Person1ID INTEGER NULL,
    Person2ID INTEGER NULL,
    RelType INT NOT NULL DEFAULT 0,
    Status INT NOT NULL DEFAULT 0,
    Nature INT NOT NULL DEFAULT 0,
    Order1 INT NOT NULL DEFAULT 0,
    Order2 INT NOT NULL DEFAULT 0,
    Private BOOLEAN NOT NULL DEFAULT 0,
    CreateDate DATETIME NOT NULL DEFAULT (strftime('%s', 'now')),
    UpdateDate DATETIME NOT NULL DEFAULT (strftime('%s', 'now')),
    SyncVersion INTEGER NOT NULL DEFAULT 0,
    UID TEXT,
    CONSTRAINT FK_Relationship_Person1ID FOREIGN KEY(Person1ID) REFERENCES Person (ID) ON DELETE SET DEFAULT DEFERRABLE INITIALLY DEFERRED,
    CONSTRAINT FK_Relationship_Person2ID FOREIGN KEY(Person2ID) REFERENCES Person (ID) ON DELETE SET DEFAULT DEFERRABLE INITIALLY DEFERRED
);
INSERT INTO Relationship VALUES(1,2,3,0,1,7,0,0,0,1599274149,1600834757,1,'');
CREATE TABLE Repository (
    ID INTEGER PRIMARY KEY AUTOINCREMENT,
    Name TEXT NOT NULL,
    Contact TEXT NULL,
    Address TEXT NULL,
    Phone TEXT NULL,
    Email TEXT NULL,
    CreateDate DATETIME NOT NULL DEFAULT (strftime('%s', 'now')),
    UpdateDate DATETIME NOT NULL DEFAULT (strftime('%s', 'now')),
    SyncVersion INTEGER NOT NULL DEFAULT 0,
    UID TEXT
);
INSERT INTO Repository VALUES(1,'Repository.1','',replace(replace('repo address 1\r\nrepo address 2','\r',char(13)),'\n',char(10)),'repo-phone','repo@email',1600825384,1600825390,1,'');
CREATE TABLE Setting (
    ID INTEGER PRIMARY KEY AUTOINCREMENT,
    Name TEXT NOT NULL,
    StringValue TEXT NULL,
    CreateDate DATETIME NOT NULL DEFAULT (strftime('%s', 'now')),
    UpdateDate DATETIME NOT NULL DEFAULT (strftime('%s', 'now')),
    UID TEXT
);
INSERT INTO Setting VALUES(2,'ProjectID','6b422996-43e9-4e6b-a5b0-538d5174acca',1599005929,1599005929,NULL);
INSERT INTO Setting VALUES(3,'HomePerson','1',1599005929,1599005929,NULL);
INSERT INTO Setting VALUES(4,'CurrentPerson','3',1599005929,1600834364,NULL);
INSERT INTO Setting VALUES(5,'TreeVaultIncludeMedia','1',1599005929,1599005929,NULL);
INSERT INTO Setting VALUES(6,'HomePersonSex','U',1599005929,1599005930,NULL);
INSERT INTO Setting VALUES(7,'HomePersonPicture','',1599005929,1599005929,NULL);
INSERT INTO Setting VALUES(8,'HomePersonName','Test /Dates/',1599005929,1599005930,NULL);
INSERT INTO Setting VALUES(9,'SyncVersion','1',1599005929,1599005929,NULL);
INSERT INTO Setting VALUES(10,'LatestSyncUpdate','132453090935379403',1599005930,1600835494,NULL);
INSERT INTO Setting VALUES(11,'SubmitterInfo','',1599005930,1599005930,'');
INSERT INTO Setting VALUES(12,'PeCoFactTypes','',1599005930,1599005930,'');
INSERT INTO Setting VALUES(13,'SortOptions','',1599005930,1599005930,'');
INSERT INTO Setting VALUES(14,'FileBackupDate','',1599005930,1599005930,'');
INSERT INTO Setting VALUES(15,'FilePrivitized','',1599005930,1599005930,'');
INSERT INTO Setting VALUES(16,'PlaceCollectionFactsToShow','',1599005930,1599005930,'');
INSERT INTO Setting VALUES(17,'PeopleCollectionFactsToShow','',1599005930,1599005930,'');
INSERT INTO Setting VALUES(18,'AutoRINPersonEnabled','',1599005930,1599005930,'');
INSERT INTO Setting VALUES(19,'AutoRINUnionEnabled','',1599005930,1599005930,'');
INSERT INTO Setting VALUES(20,'PersonsMRU','3; 2; 1',1599005930,1600834364,'');
INSERT INTO Setting VALUES(21,'Background','',1599005931,1599005931,'');
INSERT INTO Setting VALUES(22,'TasksFilteredCategoriesList0','',1599005932,1599005932,'');
INSERT INTO Setting VALUES(23,'LastUsedPeopleSubWorkspace','1',1599005935,1600834367,'');
INSERT INTO Setting VALUES(24,'TotalMediaSizeValidityFlag','0',1600829410,1600829410,'');
CREATE TABLE Source (
    ID INTEGER PRIMARY KEY AUTOINCREMENT,
    MasterSourceID INTEGER NULL,
    PageNumber TEXT NULL,
    Comment TEXT NULL,
    IncludeComment INT NOT NULL DEFAULT 0,
    Footnote TEXT NULL,
    Abbreviated TEXT NULL,
    MediaLinkedCounts INT NOT NULL DEFAULT 0,
    PID TEXT NULL,
    CreateDate DATETIME NOT NULL DEFAULT (strftime('%s', 'now')),
    UpdateDate DATETIME NOT NULL DEFAULT (strftime('%s', 'now')),
    SyncVersion INTEGER NOT NULL DEFAULT 0,
    UID TEXT,
    CONSTRAINT FK_Source_MasterSourceID FOREIGN KEY(MasterSourceID) REFERENCES MasterSource (ID) ON DELETE SET DEFAULT DEFERRABLE INITIALLY DEFERRED
);
INSERT INTO Source VALUES(2,1,replace(replace('Source.1.1.CitationDetail.line1\r\nSource.1.1.CitationDetail.line2\r\n','\r',char(13)),'\n',char(10)),replace(replace('Source.1.1.CitationText.line1\r\nSource.1.1.CitationText.line2\r\n','\r',char(13)),'\n',char(10)),0,replace(replace('{\rtf1\ansi\ansicpg1252\deff0\deflang1033{\fonttbl{\f0\fnil\fcharset0 Microsoft Sans Serif;}}\015\n\viewkind4\uc1\pard\f0\fs17 MasterSource.1.Author, MasterSource.1.Title (MasterSource.1.PublisherLocation, MasterSource.1.PublisherName, MasterSource.1.PublishDate), Repository.1, repo address 1 repo address 2, Source.1.1.CitationDetail.line1 Source.1.1.CitationDetail.line2 . Source.1.1.CitationText.line1 Source.1.1.CitationText.line2 . http://source.1.1.webaddress/.  ref note override?.\par\015\n}\015\n','\015',char(13)),'\n',char(10)),NULL,2,NULL,1600825697,1600833944,1,'');
INSERT INTO Source VALUES(4,1,replace(replace('Source.1.2.CitationDetail.line1\r\nSource.1.2.CitationDetail.line2\r\n','\r',char(13)),'\n',char(10)),replace(replace('Source.1.2.CitationText.line1\r\nSource.1.2.CitationText.line2\r\n','\r',char(13)),'\n',char(10)),9,NULL,NULL,1,NULL,1600825747,1600829788,1,'');
INSERT INTO Source VALUES(6,2,replace(replace('Source.2.1.CitationDetail.line1\r\nSource.2.1.CitationDetail.line2\r\n','\r',char(13)),'\n',char(10)),replace(replace('Source.2.1.CitationText.line1\r\nSource.2.1.CitationText.line2\r\n','\r',char(13)),'\n',char(10)),9,NULL,NULL,2,NULL,1600825801,1600829952,1,'');
INSERT INTO Source VALUES(8,2,replace(replace('Source.2.2.CitationDetail.line1\r\nSource.2.2.CitationDetail.line2\r\n','\r',char(13)),'\n',char(10)),replace(replace('Source.2.2.CitationText.line1\r\nSource.2.2.CitationText.line2\r\n','\r',char(13)),'\n',char(10)),9,NULL,NULL,2,NULL,1600825842,1600829965,1,'');
CREATE TABLE SourceLink (
    ID INTEGER PRIMARY KEY AUTOINCREMENT,
    LinkID INTEGER NOT NULL,
    LinkTableID INT NOT NULL,
    SourceID INTEGER NOT NULL,
    IsSource BOOLEAN NOT NULL DEFAULT 0,
    Stars INT NOT NULL DEFAULT 0,
    CalcFlags INT NOT NULL DEFAULT 0,
    Calculated BOOLEAN NOT NULL DEFAULT 0,
    Justification TEXT NULL,
    ExternalID TEXT NULL,
    CreateDate DATETIME NOT NULL DEFAULT (strftime('%s', 'now')),
    UpdateDate DATETIME NOT NULL DEFAULT (strftime('%s', 'now')),
    SyncVersion INTEGER NOT NULL DEFAULT 0,
    UID TEXT,
    CONSTRAINT CT_SourceLink UNIQUE (LinkID, LinkTableID, SourceID),
    CONSTRAINT FK_SourceLink_SourceID FOREIGN KEY(SourceID) REFERENCES Source (ID) ON DELETE CASCADE DEFERRABLE INITIALLY DEFERRED
);
INSERT INTO SourceLink VALUES(1,54,2,2,0,0,85,1,'0.stars.standards','',1600826195,1600833944,1,'');
INSERT INTO SourceLink VALUES(2,57,2,4,0,1,0,0,'one.star','',1600826211,1600829788,1,'');
INSERT INTO SourceLink VALUES(3,57,2,6,0,2,0,0,'2,stars','',1600826218,1600829952,1,'');
INSERT INTO SourceLink VALUES(4,55,2,6,0,3,0,0,'3.stars','',1600826224,1600829952,1,'');
INSERT INTO SourceLink VALUES(5,55,2,8,0,4,170,1,'4.stars.standards','',1600826227,1600829965,1,'');
CREATE TABLE Tag (
    ID INTEGER PRIMARY KEY,
    Name TEXT NOT NULL,
    IsSystem BOOLEAN NOT NULL DEFAULT 0,
    Color INT NULL,
    Emphasize BOOLEAN NOT NULL DEFAULT 0,
    TableID INT NULL,
    CreateDate DATETIME NOT NULL DEFAULT (strftime('%s', 'now')),
    UpdateDate DATETIME NOT NULL DEFAULT (strftime('%s', 'now')),
    SyncVersion INTEGER NOT NULL DEFAULT 0,
    UID TEXT
);
INSERT INTO Tag VALUES(1,'SYS_BOOKMARK',1,NULL,0,5,1599005929,1599005929,0,NULL);
INSERT INTO Tag VALUES(2,'Cemetery',0,NULL,0,13,1599005929,1599005929,0,NULL);
INSERT INTO Tag VALUES(3,'Census',0,NULL,0,13,1599005929,1599005929,0,NULL);
INSERT INTO Tag VALUES(4,'Documents',0,NULL,0,13,1599005929,1599005929,0,NULL);
INSERT INTO Tag VALUES(5,'Photos',0,NULL,0,13,1599005929,1599005929,0,NULL);
INSERT INTO Tag VALUES(6,'Video',0,NULL,0,13,1599005929,1599005929,0,NULL);
INSERT INTO Tag VALUES(7,'Audio',0,NULL,0,13,1599005929,1599005929,0,NULL);
INSERT INTO Tag VALUES(8,'Vital Records',0,NULL,0,13,1599005929,1599005929,0,NULL);
INSERT INTO Tag VALUES(9,'Other',0,NULL,0,13,1599005929,1599005929,0,NULL);
INSERT INTO Tag VALUES(10,'Stories',0,NULL,0,13,1599005929,1599005929,0,NULL);
INSERT INTO Tag VALUES(11,'AlbumWALK',0,NULL,0,13,1599005929,1599005929,0,NULL);
CREATE TABLE TagLink (
    ID INTEGER NOT NULL PRIMARY KEY AUTOINCREMENT,
    TagID INTEGER NOT NULL,
    LinkID INTEGER NOT NULL,
    LinkTableID INT NOT NULL,
    CreateDate DATETIME NOT NULL DEFAULT (strftime('%s', 'now')),
    UpdateDate DATETIME NOT NULL DEFAULT (strftime('%s', 'now')),
    SyncVersion INTEGER NOT NULL DEFAULT 0,
    UID TEXT,
    CONSTRAINT CT_TagLink UNIQUE (TagID ASC, LinkID ASC, LinkTableID ASC),
    CONSTRAINT FK_TagID FOREIGN KEY(TagID) REFERENCES Tag (ID) ON DELETE CASCADE DEFERRABLE INITIALLY DEFERRED
);
INSERT INTO TagLink VALUES(1,4,3,13,1600829649,1600829649,1,'');
INSERT INTO TagLink VALUES(2,10,3,13,1600829674,1600829674,1,'');
CREATE TABLE Task (
    ID INTEGER PRIMARY KEY AUTOINCREMENT,
    LinkID INTEGER NOT NULL,
    LinkTableID INT NOT NULL,
    Category INT NOT NULL DEFAULT 0,
    TaskPriority INT NOT NULL,
    CreateDate INT NOT NULL DEFAULT 0,
    DueDate INT NOT NULL,
    Complete BOOLEAN NOT NULL DEFAULT 0,
    SystemTask BOOLEAN NOT NULL DEFAULT 0,
    TaskText TEXT NOT NULL,
    UpdateDate DATETIME NOT NULL DEFAULT (strftime('%s', 'now')),
    SyncVersion INTEGER NOT NULL DEFAULT 0,
    UID TEXT
);
CREATE TABLE WebLink (
    ID INTEGER PRIMARY KEY AUTOINCREMENT,
    LinkID INTEGER NOT NULL,
    LinkTableID INT NOT NULL,
    Title TEXT NULL,
    Url TEXT NULL,
    CreateDate DATETIME NOT NULL DEFAULT (strftime('%s', 'now')),
    UpdateDate DATETIME NOT NULL DEFAULT (strftime('%s', 'now')),
    SyncVersion INTEGER NOT NULL DEFAULT 0,
    UID TEXT
);
INSERT INTO WebLink VALUES(1,2,16,NULL,'http://source.1.1.webaddress/',1600825697,1600825697,1,'');
INSERT INTO WebLink VALUES(2,4,16,NULL,'http://source.1.2.webaddress/',1600825747,1600825747,1,'');
INSERT INTO WebLink VALUES(3,6,16,NULL,'http://source.2.1.webaddress/',1600825801,1600825801,1,'');
INSERT INTO WebLink VALUES(4,8,16,NULL,'http://source.2.2.webaddress/',1600825842,1600825842,1,'');
CREATE TABLE PersonExternal (
    ID INTEGER PRIMARY KEY AUTOINCREMENT,
    PersonID INTEGER NOT NULL,
    ProviderID INT NOT NULL,
    ExternalID TEXT NOT NULL,
    Status TEXT,
    CreateDate DATETIME NOT NULL DEFAULT (strftime('%s', 'now')),
    UpdateDate DATETIME NOT NULL DEFAULT (strftime('%s', 'now')),
    SyncVersion INTEGER NOT NULL DEFAULT 0,
    UID TEXT,
    CONSTRAINT FK_PersonExternal_PersonID FOREIGN KEY(PersonID) REFERENCES Person (ID) ON DELETE CASCADE DEFERRABLE INITIALLY DEFERRED
);
CREATE TABLE ChangeMacroCommand (
    ID INTEGER PRIMARY KEY NOT NULL,
    Title TEXT NOT NULL,
    Description TEXT NOT NULL,
    Date DATETIME NOT NULL DEFAULT (strftime('%s', 'now')),
    IsHidden BOOLEAN DEFAULT NULL,
	Owner INTEGER NULL,
	OwnerId INTEGER NULL,
	Type INTEGER NULL,
    UID TEXT,
	Deleted BOOLEAN DEFAULT NULL
);
INSERT INTO ChangeMacroCommand VALUES(1,'Test Dates','Add Residence Fact',1599005956,0,5,1,1,NULL,0);
INSERT INTO ChangeMacroCommand VALUES(2,'Test Dates','Set Residence Date to ''1984''',1599005967,0,5,1,3,NULL,0);
INSERT INTO ChangeMacroCommand VALUES(3,'Test Dates','Change Residence from '''' to ''"1984" year''',1599005989,0,5,1,3,NULL,0);
INSERT INTO ChangeMacroCommand VALUES(4,'Test Dates','Add Residence Fact',1599005998,0,5,1,1,NULL,0);
INSERT INTO ChangeMacroCommand VALUES(5,'Test Dates','Set Residence Date to ''Jul 1984''',1599006009,0,5,1,3,NULL,0);
INSERT INTO ChangeMacroCommand VALUES(6,'Test Dates','Set Residence Place to ''"Jul 1984" month year''',1599006022,0,5,1,3,NULL,0);
INSERT INTO ChangeMacroCommand VALUES(7,'Test Dates','Add Residence Fact',1599006031,0,5,1,1,NULL,0);
INSERT INTO ChangeMacroCommand VALUES(8,'Test Dates','Set Residence Date to ''03 Jul 1984''',1599006036,0,5,1,3,NULL,0);
INSERT INTO ChangeMacroCommand VALUES(9,'Test Dates','Change Residence from '''' to ''"03 Jul 1984" day month year''',1599006057,0,5,1,3,NULL,0);
INSERT INTO ChangeMacroCommand VALUES(10,'Test Dates','Delete Residence Place',1599006062,0,5,1,2,NULL,0);
INSERT INTO ChangeMacroCommand VALUES(11,'Test Dates','Change Residence from '''' to ''"Jul 1984" month year''',1599006064,0,5,1,3,NULL,0);
INSERT INTO ChangeMacroCommand VALUES(12,'Test Dates','Add Residence Fact',1599006074,0,5,1,1,NULL,0);
INSERT INTO ChangeMacroCommand VALUES(13,'Test Dates','Set Residence Date to ''Abt 1984''',1599006082,0,5,1,3,NULL,0);
INSERT INTO ChangeMacroCommand VALUES(14,'Test Dates','Change Residence from '''' to ''"Abt 1984" about year''',1599006099,0,5,1,3,NULL,0);
INSERT INTO ChangeMacroCommand VALUES(15,'Test Dates','Add Residence Fact',1599006106,0,5,1,1,NULL,0);
INSERT INTO ChangeMacroCommand VALUES(16,'Test Dates','Set Residence Date to ''Abt Jul 1984''',1599006112,0,5,1,3,NULL,0);
INSERT INTO ChangeMacroCommand VALUES(17,'Test Dates','Change Residence from '''' to ''"Abt Jul 1984" about month year''',1599006130,0,5,1,3,NULL,0);
INSERT INTO ChangeMacroCommand VALUES(18,'Test Dates','Add Residence Fact',1599006135,0,5,1,1,NULL,0);
INSERT INTO ChangeMacroCommand VALUES(19,'Test Dates','Set Residence Date to ''Abt 03 Jul 1984''',1599006139,0,5,1,3,NULL,0);
INSERT INTO ChangeMacroCommand VALUES(20,'Test Dates','Change Residence from '''' to ''"Abt 03 Jul 1984" about day month year''',1599006150,0,5,1,3,NULL,0);
INSERT INTO ChangeMacroCommand VALUES(21,'Test Dates','Add Residence Fact',1599006172,0,5,1,1,NULL,0);
INSERT INTO ChangeMacroCommand VALUES(22,'Test Dates','Set Residence Date to ''Bef. 1984''',1599006190,0,5,1,3,NULL,0);
INSERT INTO ChangeMacroCommand VALUES(23,'Test Dates','Change Residence from '''' to ''"Bef. 1984"''',1599006201,0,5,1,3,NULL,0);
INSERT INTO ChangeMacroCommand VALUES(24,'Test Dates','Change Residence from ''"Bef. 1984"'' to ''"Bef. 1984" before year''',1599006209,0,5,1,3,NULL,0);
INSERT INTO ChangeMacroCommand VALUES(25,'Test Dates','Add Residence Fact',1599006216,0,5,1,1,NULL,0);
INSERT INTO ChangeMacroCommand VALUES(26,'Test Dates','Set Residence Date to ''Aft. 1984''',1599006219,0,5,1,3,NULL,0);
INSERT INTO ChangeMacroCommand VALUES(27,'Test Dates','Change Residence from '''' to ''"Aft. 1984" after year''',1599006231,0,5,1,3,NULL,0);
INSERT INTO ChangeMacroCommand VALUES(28,'Test Dates','Add Residence Fact',1599006246,0,5,1,1,NULL,0);
INSERT INTO ChangeMacroCommand VALUES(29,'Test Dates','Set Residence Date to ''1984''',1599006266,0,5,1,3,NULL,0);
INSERT INTO ChangeMacroCommand VALUES(30,'Test Dates','Set Residence Date to ''Bet. 1982–1983''',1599006283,0,5,1,3,NULL,0);
INSERT INTO ChangeMacroCommand VALUES(31,'Test Dates','Set Residence Date to ''Bet. 1983–1985''',1599006293,0,5,1,3,NULL,0);
INSERT INTO ChangeMacroCommand VALUES(32,'Test Dates','Change Residence from '''' to ''"Bet. 1983–1985" between year and year''',1599006308,0,5,1,3,NULL,0);
INSERT INTO ChangeMacroCommand VALUES(33,'Test Dates','Add Residence Fact',1599006317,0,5,1,1,NULL,0);
INSERT INTO ChangeMacroCommand VALUES(34,'Test Dates','Set Residence Date to ''Bet. 1983–1988''',1599006327,0,5,1,3,NULL,0);
INSERT INTO ChangeMacroCommand VALUES(35,'Test Dates','Set Residence Date to ''Bet. Jul 1983–1985''',1599006339,0,5,1,3,NULL,0);
INSERT INTO ChangeMacroCommand VALUES(36,'Test Dates','Change Residence from '''' to ''"Bet. Jul 1983–1985" between month year and year''',1599006356,0,5,1,3,NULL,0);
INSERT INTO ChangeMacroCommand VALUES(37,'Test Dates','Add Residence Fact',1599006361,0,5,1,1,NULL,0);
INSERT INTO ChangeMacroCommand VALUES(38,'Test Dates','Set Residence Date to ''Bet. 03 Jul 1983–1985''',1599006369,0,5,1,3,NULL,0);
INSERT INTO ChangeMacroCommand VALUES(39,'Test Dates','Change Residence from '''' to ''"Bet. 03 Jul 1983–1985" between day month year and year''',1599006380,0,5,1,3,NULL,0);
INSERT INTO ChangeMacroCommand VALUES(40,'Test Dates','Add Residence Fact',1599006405,0,5,1,1,NULL,0);
INSERT INTO ChangeMacroCommand VALUES(41,'Test Dates','Set Residence Date to ''Bet. 1983–1985''',1599006419,0,5,1,3,NULL,0);
INSERT INTO ChangeMacroCommand VALUES(42,'Test Dates','Set Residence Date to ''Bet. 1983–Jul 1985''',1599006428,0,5,1,3,NULL,0);
INSERT INTO ChangeMacroCommand VALUES(43,'Test Dates','Change Residence from '''' to ''"Bet. 1983–Jul 1985" between year and month year''',1599006440,0,5,1,3,NULL,0);
INSERT INTO ChangeMacroCommand VALUES(44,'Test Dates','Add Residence Fact',1599006452,0,5,1,1,NULL,0);
INSERT INTO ChangeMacroCommand VALUES(45,'Test Dates','Set Residence Date to ''Bet. 1983–03 Jul 1985''',1599006457,0,5,1,3,NULL,0);
INSERT INTO ChangeMacroCommand VALUES(46,'Test Dates','Change Residence from '''' to ''"Bet. 1983–03 Jul 1985" between year and day month year''',1599006470,0,5,1,3,NULL,0);
INSERT INTO ChangeMacroCommand VALUES(47,'Test Dates','Add Residence Fact',1599006485,0,5,1,1,NULL,0);
INSERT INTO ChangeMacroCommand VALUES(48,'Test Dates','Set Residence Date to ''Bet. Jul 1983–Jul 1985''',1599006492,0,5,1,3,NULL,0);
INSERT INTO ChangeMacroCommand VALUES(49,'Test Dates','Change Residence from '''' to ''"Bet. Jul 1983–Jul 1985" between month year and month year''',1599006504,0,5,1,3,NULL,0);
INSERT INTO ChangeMacroCommand VALUES(50,'Test Dates','Add Residence Fact',1599006513,0,5,1,1,NULL,0);
INSERT INTO ChangeMacroCommand VALUES(51,'Test Dates','Change Residence from '''' to ''"Bet. Jul 1983–Jul 1985" between month year and month year''',1599006516,0,5,1,3,NULL,0);
INSERT INTO ChangeMacroCommand VALUES(52,'Test Dates','Set Residence Date to ''Bet. 03 Jul 1983–Jul 1985''',1599006525,0,5,1,3,NULL,0);
INSERT INTO ChangeMacroCommand VALUES(53,'Test Dates','Change Residence from ''"Bet. Jul 1983–Jul 1985" between month year and month year'' to ''"Bet. 03 Jul 1983–Jul 1985" day between month year and month year''',1599006536,0,5,1,3,NULL,0);
INSERT INTO ChangeMacroCommand VALUES(54,'Test Dates','Add Residence Fact',1599006562,0,5,1,1,NULL,0);
INSERT INTO ChangeMacroCommand VALUES(55,'Test Dates','Change Residence from '''' to ''"" between month year and month year''',1599006582,0,5,1,3,NULL,0);
INSERT INTO ChangeMacroCommand VALUES(56,'Test Dates','Set Residence Date to ''Bet. 03 Jul 1983–Jul 1985''',1599006583,0,5,1,3,NULL,0);
INSERT INTO ChangeMacroCommand VALUES(57,'Test Dates','Change Residence from ''"" between month year and month year'' to ''"Bet. 03 Jul 1983–Jul 1985" between day month year and month year''',1599006591,0,5,1,3,NULL,0);
INSERT INTO ChangeMacroCommand VALUES(58,'Test Dates','Set Residence Date to ''Bet. Jul 1983–03 Jul 1985''',1599006615,0,5,1,3,NULL,0);
INSERT INTO ChangeMacroCommand VALUES(59,'Test Dates','Change Residence from ''"Bet. 03 Jul 1983–Jul 1985" day between month year and month year'' to ''"Bet. Jul 1983–03 Jul 1985" between month year and day month year''',1599006628,0,5,1,3,NULL,0);
INSERT INTO ChangeMacroCommand VALUES(60,'Test Dates','Add Residence Fact',1599006665,0,5,1,1,NULL,0);
INSERT INTO ChangeMacroCommand VALUES(61,'Test Dates','Change Residence from '''' to ''"Bet. 03 Jul 1983–Jul 1985" between day month year and month year''',1599006669,0,5,1,3,NULL,0);
INSERT INTO ChangeMacroCommand VALUES(62,'Test Dates','Set Residence Date to ''Bet. 03 Jul 1983–03 Jul 1985''',1599006675,0,5,1,3,NULL,0);
INSERT INTO ChangeMacroCommand VALUES(63,'Test Dates','Change Residence from ''"Bet. 03 Jul 1983–Jul 1985" between day month year and month year'' to ''"Bet. 03 Jul 1983–03 Jul 1985" between day month year and day month year''',1599006686,0,5,1,3,NULL,0);
INSERT INTO ChangeMacroCommand VALUES(64,'Test Dates','Add Residence Fact',1599006699,0,5,1,1,NULL,0);
INSERT INTO ChangeMacroCommand VALUES(65,'Test Dates','Set Residence Date to ''Bef. Jul 1984''',1599006702,0,5,1,3,NULL,0);
INSERT INTO ChangeMacroCommand VALUES(66,'Test Dates','Change Residence from '''' to ''"Bef. Jul 1984" before month year''',1599006710,0,5,1,3,NULL,0);
INSERT INTO ChangeMacroCommand VALUES(67,'Test Dates','Add Residence Fact',1599006727,0,5,1,1,NULL,0);
INSERT INTO ChangeMacroCommand VALUES(68,'Test Dates','Set Residence Date to ''Bef. 03 Jul 1984''',1599006731,0,5,1,3,NULL,0);
INSERT INTO ChangeMacroCommand VALUES(69,'Test Dates','Change Residence from '''' to ''"Bef. 03 Jul 1984" before day month year''',1599006740,0,5,1,3,NULL,0);
INSERT INTO ChangeMacroCommand VALUES(70,'Test Dates','Add Residence Fact',1599006766,0,5,1,1,NULL,0);
INSERT INTO ChangeMacroCommand VALUES(71,'Test Dates','Set Residence Date to ''Aft. Jul 1984''',1599006770,0,5,1,3,NULL,0);
INSERT INTO ChangeMacroCommand VALUES(72,'Test Dates','Change Residence from '''' to ''"Aft. Jul 1984" after month year''',1599006780,0,5,1,3,NULL,0);
INSERT INTO ChangeMacroCommand VALUES(73,'Test Dates','Add Residence Fact',1599006796,0,5,1,1,NULL,0);
INSERT INTO ChangeMacroCommand VALUES(74,'Test Dates','Set Residence Date to ''Aft. 03 Jul 1984''',1599006801,0,5,1,3,NULL,0);
INSERT INTO ChangeMacroCommand VALUES(75,'Test Dates','Change Residence from '''' to ''"Aft. 03 Jul 1984" after day month year''',1599006810,0,5,1,3,NULL,0);
INSERT INTO ChangeMacroCommand VALUES(76,'Test Dates','Add Residence Fact',1599007173,0,5,1,1,NULL,0);
INSERT INTO ChangeMacroCommand VALUES(77,'Test Dates','Set Residence Date to ''Unknown''',1599007178,0,5,1,3,NULL,0);
INSERT INTO ChangeMacroCommand VALUES(78,'Test Dates','Set Residence Date to ''Unknown''',1599007183,0,5,1,3,NULL,0);
INSERT INTO ChangeMacroCommand VALUES(79,'Test Dates','Change Residence from '''' to ''"Unknown" unknown''',1599007192,0,5,1,3,NULL,0);
INSERT INTO ChangeMacroCommand VALUES(80,'Test Dates','Add Residence Fact',1599007371,0,5,1,1,NULL,0);
INSERT INTO ChangeMacroCommand VALUES(81,'Test Dates','Set Residence Date to ''Cal. 03 Jul 1984''',1599007388,0,5,1,3,NULL,0);
INSERT INTO ChangeMacroCommand VALUES(82,'Test Dates','Change Residence from '''' to ''"Cal. 03 Jul 1984" calculated''',1599007397,0,5,1,3,NULL,0);
INSERT INTO ChangeMacroCommand VALUES(83,'Test Dates','Add Residence Fact',1599007404,0,5,1,1,NULL,0);
INSERT INTO ChangeMacroCommand VALUES(84,'Test Dates','Set Residence Date to ''3 invalid format''',1599007418,0,5,1,3,NULL,0);
INSERT INTO ChangeMacroCommand VALUES(85,'Test Dates','Change Residence from '''' to ''"3 invalid format" invalid''',1599007427,0,5,1,3,NULL,0);
INSERT INTO ChangeMacroCommand VALUES(86,'Test Dates','Add Residence Fact',1599008148,0,5,1,1,NULL,0);
INSERT INTO ChangeMacroCommand VALUES(87,'Test Dates','Set Residence Date to ''03 Jul''',1599008150,0,5,1,3,NULL,0);
INSERT INTO ChangeMacroCommand VALUES(88,'Test Dates','Change Residence from '''' to ''"03 Jul" day month''',1599008165,0,5,1,3,NULL,0);
INSERT INTO ChangeMacroCommand VALUES(89,'Test Dates','Add Residence Fact',1599008173,0,5,1,1,NULL,0);
INSERT INTO ChangeMacroCommand VALUES(90,'Test Dates','Set Residence Date to ''3 AD''',1599008178,0,5,1,3,NULL,0);
INSERT INTO ChangeMacroCommand VALUES(91,'Test Dates','Set Residence Date to ''3 AD''',1599008186,0,5,1,3,NULL,0);
INSERT INTO ChangeMacroCommand VALUES(92,'Test Dates','Change Residence from '''' to ''"3 AD" year era''',1599008206,0,5,1,3,NULL,0);
INSERT INTO ChangeMacroCommand VALUES(93,'Test Dates','Add Residence Fact',1599008218,0,5,1,1,NULL,0);
INSERT INTO ChangeMacroCommand VALUES(94,'Test Dates','Set Residence Date to ''3 BC''',1599008222,0,5,1,3,NULL,0);
INSERT INTO ChangeMacroCommand VALUES(95,'Test Dates','Change Residence from '''' to ''"3 BC" year era''',1599008231,0,5,1,3,NULL,0);
INSERT INTO ChangeMacroCommand VALUES(96,'Test Dates','Add Residence Fact',1599008259,0,5,1,1,NULL,0);
INSERT INTO ChangeMacroCommand VALUES(97,'Test Dates','Set Residence Date to ''02 Mar 1700''',1599008270,0,5,1,3,NULL,0);
INSERT INTO ChangeMacroCommand VALUES(98,'Test Dates','Set Residence Date to ''02 Mar 1700/01''',1599008282,0,5,1,3,NULL,0);
INSERT INTO ChangeMacroCommand VALUES(99,'Test Dates','Change Residence from '''' to ''"02 Mar 1700/01" day month dual-year''',1599008298,0,5,1,3,NULL,0);
INSERT INTO ChangeMacroCommand VALUES(100,'Test Dates','Add Residence Fact',1599008312,0,5,1,1,NULL,0);
INSERT INTO ChangeMacroCommand VALUES(101,'Test Dates','Set Residence Date to ''Bet. 1983–1985''',1599008548,0,5,1,3,NULL,0);
INSERT INTO ChangeMacroCommand VALUES(102,'Test Dates','Set Residence Date to ''Abt 1984''',1599009512,0,5,1,3,NULL,0);
INSERT INTO ChangeMacroCommand VALUES(103,'Test Dates','Delete Residence Fact',1599009528,0,5,1,2,NULL,0);
INSERT INTO ChangeMacroCommand VALUES(104,'Test Dates','Add Residence Fact',1599009547,0,5,1,1,NULL,0);
INSERT INTO ChangeMacroCommand VALUES(105,'Test Dates','Set Residence Date to ''Jun''',1599009549,0,5,1,3,NULL,0);
INSERT INTO ChangeMacroCommand VALUES(106,'Test Dates','Change Residence from '''' to ''"Jun" month''',1599009557,0,5,1,3,NULL,0);
INSERT INTO ChangeMacroCommand VALUES(107,'Test Dates','Set Residence Date to ''Jul''',1599009564,0,5,1,3,NULL,0);
INSERT INTO ChangeMacroCommand VALUES(108,'Test Dates','Change Residence from ''"Jun" month'' to ''"Jul" month''',1599009567,0,5,1,3,NULL,0);
INSERT INTO ChangeMacroCommand VALUES(109,'Test Dates','Add Residence Fact',1599009619,0,5,1,1,NULL,0);
INSERT INTO ChangeMacroCommand VALUES(110,'Test Dates','Change Residence from '''' to ''"" no date''',1599009637,0,5,1,3,NULL,0);
INSERT INTO ChangeMacroCommand VALUES(111,'Test Dates','Add Residence Fact',1599009651,0,5,1,1,NULL,0);
INSERT INTO ChangeMacroCommand VALUES(112,'Test Dates','Delete Residence Fact',1599009678,0,5,1,2,NULL,0);
INSERT INTO ChangeMacroCommand VALUES(113,'Test Dates','Add Residence Fact',1599273434,0,5,1,1,NULL,0);
INSERT INTO ChangeMacroCommand VALUES(114,'Test Dates','Set Residence Date to ''Cal. 1999''',1599273440,0,5,1,3,NULL,0);
INSERT INTO ChangeMacroCommand VALUES(115,'Test Dates','Set Residence Date to ''Bet. 1983–1985''',1599273462,0,5,1,3,NULL,0);
INSERT INTO ChangeMacroCommand VALUES(116,'Test Dates','Set Residence Date to ''Bet. 1983–1985''',1599273467,0,5,1,3,NULL,0);
INSERT INTO ChangeMacroCommand VALUES(117,'Test Dates','Set Residence Date to ''Bet. 1983–1985''',1599273472,0,5,1,3,NULL,0);
INSERT INTO ChangeMacroCommand VALUES(118,'Test Dates','Set Residence Date to ''Bet. 1983–1985''',1599273478,0,5,1,3,NULL,0);
INSERT INTO ChangeMacroCommand VALUES(119,'Test Dates','Set Residence Date to ''Bet. 1983–1985''',1599273481,0,5,1,3,NULL,0);
INSERT INTO ChangeMacroCommand VALUES(120,'Test Dates','Set Residence Date to ''Bet. 1983–1986''',1599273484,0,5,1,3,NULL,0);
INSERT INTO ChangeMacroCommand VALUES(121,'Test Dates','Set Residence Date to ''25 Nov 4713 BC''',1599273590,0,5,1,3,NULL,0);
INSERT INTO ChangeMacroCommand VALUES(122,'Test Dates','Set Residence Date to ''01 Jan 4713 BC''',1599273599,0,5,1,3,NULL,0);
INSERT INTO ChangeMacroCommand VALUES(123,'Test Dates','Set Residence Date to ''01 Jan 4713''',1599273724,0,5,1,3,NULL,0);
INSERT INTO ChangeMacroCommand VALUES(124,'Test Dates','Set Residence Date to ''01 Jan 5000''',1599273737,0,5,1,3,NULL,0);
INSERT INTO ChangeMacroCommand VALUES(125,'Test Dates','Set Residence Date to ''01 Jan 6000''',1599273751,0,5,1,3,NULL,0);
INSERT INTO ChangeMacroCommand VALUES(126,'Test Dates','Set Residence Date to ''01 Jan 6000''',1599273789,0,5,1,3,NULL,0);
INSERT INTO ChangeMacroCommand VALUES(127,'Test Dates','Set Residence Date to ''31 Dec 6000''',1599273795,0,5,1,3,NULL,0);
INSERT INTO ChangeMacroCommand VALUES(128,'Test Dates','Add Residence Fact',1599273995,0,5,1,1,NULL,0);
INSERT INTO ChangeMacroCommand VALUES(129,'Test Dates','Set Residence Date to ''01 Jan 4713 BC''',1599274000,0,5,1,3,NULL,0);
INSERT INTO ChangeMacroCommand VALUES(130,'Test Dates','Add Parent Test Places',1599274149,0,5,1,1,NULL,0);
INSERT INTO ChangeMacroCommand VALUES(131,'Test Places','Add Residence Fact',1599274157,0,5,2,1,NULL,0);
INSERT INTO ChangeMacroCommand VALUES(132,'Test Places','Set Residence Place to ''Brandywine, New Castle, Delaware, USA''',1599274221,0,5,2,3,NULL,0);
INSERT INTO ChangeMacroCommand VALUES(133,'Test Places','Change Residence from '''' to ''resolved''',1599274299,0,5,2,3,NULL,0);
INSERT INTO ChangeMacroCommand VALUES(134,'Test Places','Add Residence Fact',1599274307,0,5,2,1,NULL,0);
INSERT INTO ChangeMacroCommand VALUES(135,'Test Places','Set Residence Place to ''1211 brook drive, brandywine, de''',1599274329,0,5,2,3,NULL,0);
INSERT INTO ChangeMacroCommand VALUES(136,'Test Places','Set Residence Place to ''second floor, 1211 Brook Drive, Brandywine, New Castle, Delaware, USA''',1599274353,0,5,2,3,NULL,0);
INSERT INTO ChangeMacroCommand VALUES(137,'Test Places','Change Residence from '''' to ''resolved with 2 extra''',1599274366,0,5,2,3,NULL,0);
INSERT INTO ChangeMacroCommand VALUES(138,'Test Places','Add Residence Fact',1599274401,0,5,2,1,NULL,0);
INSERT INTO ChangeMacroCommand VALUES(139,'Test Places','Set Residence Place to ''1211 Brook''',1599274419,0,5,2,3,NULL,0);
INSERT INTO ChangeMacroCommand VALUES(140,'Test Places','Set Residence Place to ''back yeard, 1211 Brook Drive, Brandywine, New Castle, Delaware, USA''',1599274444,0,5,2,3,NULL,0);
INSERT INTO ChangeMacroCommand VALUES(141,'back yard, 1211 Brook Drive, Brandywine, New Castle, Delaware, USA','Set place name to ''back yard, 1211 Brook Drive, Brandywine, New Castle, Delaware, USA''',1599274522,0,6,4,3,NULL,0);
INSERT INTO ChangeMacroCommand VALUES(142,'back yard, 1211 Brook Drive, Brandywine, New Castle, Delaware, USA','Set place name to ''back yard, 1211 Brook Drive, Brandywine, New Castle, Delaware, USA''',1599274560,0,6,4,3,NULL,0);
INSERT INTO ChangeMacroCommand VALUES(143,'back yard, 1211 Brook Drive, Brandywine, New Castle, Delaware, USA','Set place name to ''back yard, 1211 Brook Drive, Brandywine, New Castle, Delaware, USA''',1599274579,0,6,4,3,NULL,0);
INSERT INTO ChangeMacroCommand VALUES(144,'Test Places','Change Residence from '''' to ''resolved with 2 extra with adjusted lat/lon''',1599274667,0,5,2,3,NULL,0);
INSERT INTO ChangeMacroCommand VALUES(145,'Test Places','Add Residence Fact',1599274706,0,5,2,1,NULL,0);
INSERT INTO ChangeMacroCommand VALUES(146,'Test Places','Set Residence Place to ''Brandywine, New Castle, Delaware, USA''',1599274719,0,5,2,3,NULL,0);
INSERT INTO ChangeMacroCommand VALUES(147,'Test Places','Change Residence from '''' to ''unresolved''',1599274723,0,5,2,3,NULL,0);
INSERT INTO ChangeMacroCommand VALUES(148,'Test Places','Add Residence Fact',1599274747,0,5,2,1,NULL,0);
INSERT INTO ChangeMacroCommand VALUES(149,'Test Places','Set Residence Place to ''New Castle, Delaware, USA''',1599274756,0,5,2,3,NULL,0);
INSERT INTO ChangeMacroCommand VALUES(150,'Test Places','Change Residence from '''' to ''unresolved''',1599274758,0,5,2,3,NULL,0);
INSERT INTO ChangeMacroCommand VALUES(151,'Test Places','Add Residence Fact',1599274766,0,5,2,1,NULL,0);
INSERT INTO ChangeMacroCommand VALUES(152,'Test Places','Set Residence Place to ''Delaware, USA''',1599274777,0,5,2,3,NULL,0);
INSERT INTO ChangeMacroCommand VALUES(153,'Test Places','Change Residence from '''' to ''unresolved''',1599274782,0,5,2,3,NULL,0);
INSERT INTO ChangeMacroCommand VALUES(154,'Test Places','Add Residence Fact',1599274791,0,5,2,1,NULL,0);
INSERT INTO ChangeMacroCommand VALUES(155,'Test Places','Set Residence Place to ''USA''',1599274793,0,5,2,3,NULL,0);
INSERT INTO ChangeMacroCommand VALUES(156,'Test Places','Change Residence from '''' to ''unresolved''',1599274796,0,5,2,3,NULL,0);
INSERT INTO ChangeMacroCommand VALUES(157,'Test Places','Add Residence Fact',1599274831,0,5,2,1,NULL,0);
INSERT INTO ChangeMacroCommand VALUES(158,'Test Places','Set Residence Place to ''Syracuse, Onondaga, New York, USA''',1599274844,0,5,2,3,NULL,0);
INSERT INTO ChangeMacroCommand VALUES(159,'Test Places','Change Residence from '''' to ''unresolved''',1599274847,0,5,2,3,NULL,0);
INSERT INTO ChangeMacroCommand VALUES(160,'Test Places','Add Residence Fact',1599274874,0,5,2,1,NULL,0);
INSERT INTO ChangeMacroCommand VALUES(161,'Test Places','Set Residence Place to ''Madison, New York, USA''',1599274900,0,5,2,3,NULL,0);
INSERT INTO ChangeMacroCommand VALUES(162,'Test Places','Change Residence from '''' to ''unre''',1599274903,0,5,2,3,NULL,0);
INSERT INTO ChangeMacroCommand VALUES(163,'Test Places','Change Residence from ''unre'' to ''unresolved''',1599274907,0,5,2,3,NULL,0);
INSERT INTO ChangeMacroCommand VALUES(164,'Test Places','Add Residence Fact',1599274917,0,5,2,1,NULL,0);
INSERT INTO ChangeMacroCommand VALUES(165,'Test Places','Set Residence Place to ''Unknown, Madison, New York, USA''',1599274943,0,5,2,3,NULL,0);
INSERT INTO ChangeMacroCommand VALUES(166,'Test Places','Change Residence from '''' to ''unresolved''',1599274945,0,5,2,3,NULL,0);
INSERT INTO ChangeMacroCommand VALUES(167,'Test Places','Add Residence Fact',1599274949,0,5,2,1,NULL,0);
INSERT INTO ChangeMacroCommand VALUES(168,'Test Places','Set Residence Place to ''Unknown, New Castle, Delaware, USA''',1599274967,0,5,2,3,NULL,0);
INSERT INTO ChangeMacroCommand VALUES(169,'Test Places','Change Residence from '''' to ''unresolved''',1599274969,0,5,2,3,NULL,0);
INSERT INTO ChangeMacroCommand VALUES(170,'Test Places','Add Residence Fact',1599274999,0,5,2,1,NULL,0);
INSERT INTO ChangeMacroCommand VALUES(171,'Test Places','Set Residence Place to ''Unknown''',1599275064,0,5,2,3,NULL,0);
INSERT INTO ChangeMacroCommand VALUES(172,'Test Places','Add Residence Fact',1600824757,0,5,2,1,NULL,0);
INSERT INTO ChangeMacroCommand VALUES(173,'Test Places','Set Residence Place to ''Place, Name w/some slashes | and, verical | bars''',1600824793,0,5,2,3,NULL,0);
INSERT INTO ChangeMacroCommand VALUES(174,'Test Places','Set Residence Place to ''Place, Name w/some slash/es | and, verical | bars''',1600824817,0,5,2,3,NULL,0);
INSERT INTO ChangeMacroCommand VALUES(175,'Test Places','Add Spouse TestEvents',1600824857,0,5,2,1,NULL,0);
INSERT INTO ChangeMacroCommand VALUES(176,'TestEvents','Add Birth Fact',1600824891,0,5,3,1,NULL,0);
INSERT INTO ChangeMacroCommand VALUES(177,'TestEvents','Set Birth Date to ''01 Jan 1901''',1600824899,0,5,3,3,NULL,0);
INSERT INTO ChangeMacroCommand VALUES(178,'TestEvents','Add Death Fact',1600824911,0,5,3,1,NULL,0);
INSERT INTO ChangeMacroCommand VALUES(179,'TestEvents','Set Death Date to ''31 Dec 2000''',1600824923,0,5,3,3,NULL,0);
INSERT INTO ChangeMacroCommand VALUES(180,'Repository.1','Add Repository Repository.1',1600825384,0,12,1,1,NULL,0);
INSERT INTO ChangeMacroCommand VALUES(181,'Repository.1','Edit Repository Repository.1',1600825390,0,12,1,3,NULL,0);
INSERT INTO ChangeMacroCommand VALUES(182,'MasterSource.1.Title','Add Source',1600825501,0,10,1,1,NULL,0);
INSERT INTO ChangeMacroCommand VALUES(183,'MasterSource.2.Ttile','Add Source',1600825568,0,10,2,1,NULL,0);
INSERT INTO ChangeMacroCommand VALUES(184,'MasterSource.1.Author, MasterSource.1.Title (MasterSource.1.PublisherLocation, MasterSource.1.PublisherName, MasterSource.1.PublishDate), Repository.1, repo address 1 repo address 2, Source.1.1.CitationDetail.line1 Source.1.1.CitationDetail.line2 . Source.1.1.CitationText.line1 Source.1.1.CitationText.line2 . http://source.1.1.webaddress/.  ref note override? ','Add Source Citation',1600825584,0,16,2,1,NULL,0);
INSERT INTO ChangeMacroCommand VALUES(185,replace(replace('MasterSource.1.Author, MasterSource.1.Title (MasterSource.1.PublisherLocation, MasterSource.1.PublisherName, MasterSource.1.PublishDate), Repository.1, repo address 1\r\nrepo address 2, Source.1.2.CitationDetail.line1\r\nSource.1.2.CitationDetail.line2\r\n. Source.1.2.CitationText.line1\r\nSource.1.2.CitationText.line2\r\n. http://source.1.2.webaddress/.','\r',char(13)),'\n',char(10)),'Add Source Citation',1600825704,0,16,4,1,NULL,0);
INSERT INTO ChangeMacroCommand VALUES(186,replace(replace('MasterSource.2.Author, MasterSource.2.Ttile (MasterSource.2.PublisherLocation, MasterSource.2.PublisherName, MasterSource.2.PublishDate), Repository.1, repo address 1\r\nrepo address 2, Source.2.1.CitationDetail.line1\r\nSource.2.1.CitationDetail.line2\r\n. Source.2.1.CitationText.line1\r\nSource.2.1.CitationText.line2\r\n. http://source.2.1.webaddress/.','\r',char(13)),'\n',char(10)),'Add Source Citation',1600825754,0,16,6,1,NULL,0);
INSERT INTO ChangeMacroCommand VALUES(187,replace(replace('MasterSource.2.Author, MasterSource.2.Ttile (MasterSource.2.PublisherLocation, MasterSource.2.PublisherName, MasterSource.2.PublishDate), Repository.1, repo address 1\r\nrepo address 2, Source.2.2.CitationDetail.line1\r\nSource.2.2.CitationDetail.line2\r\n. Source.2.2.CitationText.line1\r\nSource.2.2.CitationText.line2\r\n. http://source.2.2.webaddress/.','\r',char(13)),'\n',char(10)),'Add Source Citation',1600825803,0,16,8,1,NULL,0);
INSERT INTO ChangeMacroCommand VALUES(188,'MasterSource.1.Author, MasterSource.1.Title (MasterSource.1.PublisherLocation, MasterSource.1.PublisherName, MasterSource.1.PublishDate), Repository.1, repo address 1 repo address 2, Source.1.1.CitationDetail.line1 Source.1.1.CitationDetail.line2 . Source.1.1.CitationText.line1 Source.1.1.CitationText.line2 . http://source.1.1.webaddress/.  ref note override?.','Edit Source Citation',1600825894,0,16,2,3,NULL,0);
INSERT INTO ChangeMacroCommand VALUES(189,'Test Places and TestEvents','Add Marriage Fact',1600826010,0,7,1,1,NULL,0);
INSERT INTO ChangeMacroCommand VALUES(190,'Test Places and TestEvents','Set Marriage Date to ''02 Jul 1500''',1600826020,0,7,1,3,NULL,0);
INSERT INTO ChangeMacroCommand VALUES(191,'Test Places and TestEvents','Set Marriage Date to ''02 Jan 1500''',1600826079,0,7,1,3,NULL,0);
INSERT INTO ChangeMacroCommand VALUES(192,'Test Places and TestEvents','Set Marriage Date to ''01 Jan 1500''',1600826084,0,7,1,3,NULL,0);
INSERT INTO ChangeMacroCommand VALUES(193,'TestEvents','Set Death Date to ''01 Jan 2001''',1600826093,0,5,3,3,NULL,0);
INSERT INTO ChangeMacroCommand VALUES(194,'Test Places and TestEvents','Delete Marriage Fact',1600826102,0,7,1,2,NULL,0);
INSERT INTO ChangeMacroCommand VALUES(195,'TestEvents','Add Residence Fact',1600826122,0,5,3,1,NULL,0);
INSERT INTO ChangeMacroCommand VALUES(196,'TestEvents','Set Residence Date to ''01 Jan 1500''',1600826128,0,5,3,3,NULL,0);
INSERT INTO ChangeMacroCommand VALUES(197,'TestEvents','Set Residence Date to ''01 Jan 1950''',1600826142,0,5,3,3,NULL,0);
INSERT INTO ChangeMacroCommand VALUES(198,'TestEvents','Set Residence Date to ''01 Jan 1951''',1600826180,0,5,3,3,NULL,0);
INSERT INTO ChangeMacroCommand VALUES(199,'TestEvents','Link Source Citation to Birth Fact',1600826195,0,5,3,3,NULL,0);
INSERT INTO ChangeMacroCommand VALUES(200,'TestEvents','Link Source Citation to Residence Fact',1600826211,0,5,3,3,NULL,0);
INSERT INTO ChangeMacroCommand VALUES(201,'TestEvents','Link Source Citation to Residence Fact',1600826218,0,5,3,3,NULL,0);
INSERT INTO ChangeMacroCommand VALUES(202,'TestEvents','Link Source Citation to Death Fact',1600826224,0,5,3,3,NULL,0);
INSERT INTO ChangeMacroCommand VALUES(203,'TestEvents','Link Source Citation to Death Fact',1600826227,0,5,3,3,NULL,0);
INSERT INTO ChangeMacroCommand VALUES(204,replace(replace('MasterSource.1.Author, MasterSource.1.Title (MasterSource.1.PublisherLocation, MasterSource.1.PublisherName, MasterSource.1.PublishDate), Repository.1, repo address 1\r\nrepo address 2, Source.1.2.CitationDetail.line1\r\nSource.1.2.CitationDetail.line2\r\n. Source.1.2.CitationText.line1\r\nSource.1.2.CitationText.line2\r\n. http://source.1.2.webaddress/.','\r',char(13)),'\n',char(10)),'Rate Source Citation',1600827248,0,16,4,3,NULL,0);
INSERT INTO ChangeMacroCommand VALUES(205,replace(replace('MasterSource.2.Author, MasterSource.2.Ttile (MasterSource.2.PublisherLocation, MasterSource.2.PublisherName, MasterSource.2.PublishDate), Repository.1, repo address 1\r\nrepo address 2, Source.2.1.CitationDetail.line1\r\nSource.2.1.CitationDetail.line2\r\n. Source.2.1.CitationText.line1\r\nSource.2.1.CitationText.line2\r\n. http://source.2.1.webaddress/.','\r',char(13)),'\n',char(10)),'Rate Source Citation',1600827268,0,16,6,3,NULL,0);
INSERT INTO ChangeMacroCommand VALUES(206,replace(replace('MasterSource.2.Author, MasterSource.2.Ttile (MasterSource.2.PublisherLocation, MasterSource.2.PublisherName, MasterSource.2.PublishDate), Repository.1, repo address 1\r\nrepo address 2, Source.2.1.CitationDetail.line1\r\nSource.2.1.CitationDetail.line2\r\n. Source.2.1.CitationText.line1\r\nSource.2.1.CitationText.line2\r\n. http://source.2.1.webaddress/.','\r',char(13)),'\n',char(10)),'Rate Source Citation',1600827281,0,16,6,3,NULL,0);
INSERT INTO ChangeMacroCommand VALUES(207,replace(replace('MasterSource.2.Author, MasterSource.2.Ttile (MasterSource.2.PublisherLocation, MasterSource.2.PublisherName, MasterSource.2.PublishDate), Repository.1, repo address 1\r\nrepo address 2, Source.2.2.CitationDetail.line1\r\nSource.2.2.CitationDetail.line2\r\n. Source.2.2.CitationText.line1\r\nSource.2.2.CitationText.line2\r\n. http://source.2.2.webaddress/.','\r',char(13)),'\n',char(10)),'Rate Source Citation',1600827290,0,16,8,3,NULL,0);
INSERT INTO ChangeMacroCommand VALUES(208,'MasterSource.1.Author, MasterSource.1.Title (MasterSource.1.PublisherLocation, MasterSource.1.PublisherName, MasterSource.1.PublishDate), Repository.1, repo address 1 repo address 2, Source.1.1.CitationDetail.line1 Source.1.1.CitationDetail.line2 . Source.1.1.CitationText.line1 Source.1.1.CitationText.line2 . http://source.1.1.webaddress/.  ref note override?.','Rate Source Citation',1600827334,0,16,2,3,NULL,0);
INSERT INTO ChangeMacroCommand VALUES(209,'MasterSource.1.Author, MasterSource.1.Title (MasterSource.1.PublisherLocation, MasterSource.1.PublisherName, MasterSource.1.PublishDate), Repository.1, repo address 1 repo address 2, Source.1.1.CitationDetail.line1 Source.1.1.CitationDetail.line2 . Source.1.1.CitationText.line1 Source.1.1.CitationText.line2 . http://source.1.1.webaddress/.  ref note override?.','Rate Source Citation',1600827356,0,16,2,3,NULL,0);
INSERT INTO ChangeMacroCommand VALUES(210,'Media.A','Add Media',1600829410,0,13,1,1,NULL,0);
INSERT INTO ChangeMacroCommand VALUES(211,'Media.B','Add Media',1600829416,0,13,2,1,NULL,0);
INSERT INTO ChangeMacroCommand VALUES(212,'Media.C','Add Media',1600829423,0,13,3,1,NULL,0);
INSERT INTO ChangeMacroCommand VALUES(213,'MasterSource.1.Title','Link Media Media.A',1600829531,0,10,1,3,NULL,0);
INSERT INTO ChangeMacroCommand VALUES(214,'MasterSource.1.Title','Link Media Media.B',1600829556,0,10,1,3,NULL,0);
INSERT INTO ChangeMacroCommand VALUES(215,'TestEvents','Set Profile Picture',1600829567,0,5,3,3,NULL,0);
INSERT INTO ChangeMacroCommand VALUES(216,'TestEvents','Set Profile Picture',1600829595,0,5,3,3,NULL,0);
INSERT INTO ChangeMacroCommand VALUES(217,'Media.C','Edit Media Attributes',1600829638,0,13,3,3,NULL,0);
INSERT INTO ChangeMacroCommand VALUES(218,'Media.C','Edit Media Attributes',1600829649,0,13,3,3,NULL,0);
INSERT INTO ChangeMacroCommand VALUES(219,'Media.C','Edit Media Attributes',1600829667,0,13,3,3,NULL,0);
INSERT INTO ChangeMacroCommand VALUES(220,'Media.C','Edit Media Attributes',1600829674,0,13,3,3,NULL,0);
INSERT INTO ChangeMacroCommand VALUES(221,'Media.C','Edit Media Attributes',1600829686,0,13,3,3,NULL,0);
INSERT INTO ChangeMacroCommand VALUES(222,'MasterSource.1.Author, MasterSource.1.Title (MasterSource.1.PublisherLocation, MasterSource.1.PublisherName, MasterSource.1.PublishDate), Repository.1, repo address 1 repo address 2, Source.1.1.CitationDetail.line1 Source.1.1.CitationDetail.line2 . Source.1.1.CitationText.line1 Source.1.1.CitationText.line2 . http://source.1.1.webaddress/.  ref note override?.','Link Media Media.B',1600829739,0,16,2,3,NULL,0);
INSERT INTO ChangeMacroCommand VALUES(223,'MasterSource.1.Author, MasterSource.1.Title (MasterSource.1.PublisherLocation, MasterSource.1.PublisherName, MasterSource.1.PublishDate), Repository.1, repo address 1 repo address 2, Source.1.1.CitationDetail.line1 Source.1.1.CitationDetail.line2 . Source.1.1.CitationText.line1 Source.1.1.CitationText.line2 . http://source.1.1.webaddress/.  ref note override?.','Link Media Media.C',1600829748,0,16,2,3,NULL,0);
INSERT INTO ChangeMacroCommand VALUES(224,replace(replace('MasterSource.1.Author, MasterSource.1.Title (MasterSource.1.PublisherLocation, MasterSource.1.PublisherName, MasterSource.1.PublishDate), Repository.1, repo address 1\r\nrepo address 2, Source.1.2.CitationDetail.line1\r\nSource.1.2.CitationDetail.line2\r\n. Source.1.2.CitationText.line1\r\nSource.1.2.CitationText.line2\r\n. http://source.1.2.webaddress/.','\r',char(13)),'\n',char(10)),'Link Media Media.B',1600829788,0,16,4,3,NULL,0);
INSERT INTO ChangeMacroCommand VALUES(225,'MasterSource.1.Author, MasterSource.1.Title (MasterSource.1.PublisherLocation, MasterSource.1.PublisherName, MasterSource.1.PublishDate), Repository.1, repo address 1 repo address 2, Source.1.1.CitationDetail.line1 Source.1.1.CitationDetail.line2 . Source.1.1.CitationText.line1 Source.1.1.CitationText.line2 . http://source.1.1.webaddress/.  ref note override?.','Unlink Media Media.C',1600829847,0,16,2,3,NULL,0);
INSERT INTO ChangeMacroCommand VALUES(226,'MasterSource.1.Author, MasterSource.1.Title (MasterSource.1.PublisherLocation, MasterSource.1.PublisherName, MasterSource.1.PublishDate), Repository.1, repo address 1 repo address 2, Source.1.1.CitationDetail.line1 Source.1.1.CitationDetail.line2 . Source.1.1.CitationText.line1 Source.1.1.CitationText.line2 . http://source.1.1.webaddress/.  ref note override?.','Link Media Media.A',1600829858,0,16,2,3,NULL,0);
INSERT INTO ChangeMacroCommand VALUES(227,'MasterSource.1.Title','Link Media Media.C',1600829880,0,10,1,3,NULL,0);
INSERT INTO ChangeMacroCommand VALUES(228,replace(replace('MasterSource.2.Author, MasterSource.2.Ttile (MasterSource.2.PublisherLocation, MasterSource.2.PublisherName, MasterSource.2.PublishDate), Repository.1, repo address 1\r\nrepo address 2, Source.2.1.CitationDetail.line1\r\nSource.2.1.CitationDetail.line2\r\n. Source.2.1.CitationText.line1\r\nSource.2.1.CitationText.line2\r\n. http://source.2.1.webaddress/.','\r',char(13)),'\n',char(10)),'Edit Source Citation',1600829940,0,16,6,3,NULL,0);
INSERT INTO ChangeMacroCommand VALUES(229,replace(replace('MasterSource.2.Author, MasterSource.2.Ttile (MasterSource.2.PublisherLocation, MasterSource.2.PublisherName, MasterSource.2.PublishDate), Repository.1, repo address 1\r\nrepo address 2, Source.2.2.CitationDetail.line1\r\nSource.2.2.CitationDetail.line2\r\n. Source.2.2.CitationText.line1\r\nSource.2.2.CitationText.line2\r\n. http://source.2.2.webaddress/.','\r',char(13)),'\n',char(10)),'Edit Source Citation',1600829957,0,16,8,3,NULL,0);
INSERT INTO ChangeMacroCommand VALUES(230,'Media','Link Media Media.C',1600832936,0,0,NULL,3,NULL,0);
INSERT INTO ChangeMacroCommand VALUES(231,'TestEvents','Link Media Media.B',1600833486,0,5,3,3,NULL,0);
INSERT INTO ChangeMacroCommand VALUES(232,'MasterSource.1.Author, MasterSource.1.Title (MasterSource.1.PublisherLocation, MasterSource.1.PublisherName, MasterSource.1.PublishDate), Repository.1, repo address 1 repo address 2, Source.1.1.CitationDetail.line1 Source.1.1.CitationDetail.line2 . Source.1.1.CitationText.line1 Source.1.1.CitationText.line2 . http://source.1.1.webaddress/.  ref note override?.','Edit Source Citation',1600833860,0,16,2,3,NULL,0);
INSERT INTO ChangeMacroCommand VALUES(233,'MasterSource.1.Author, MasterSource.1.Title (MasterSource.1.PublisherLocation, MasterSource.1.PublisherName, MasterSource.1.PublishDate), Repository.1, repo address 1 repo address 2, Source.1.1.CitationDetail.line1 Source.1.1.CitationDetail.line2 . Source.1.1.CitationText.line1 Source.1.1.CitationText.line2 . http://source.1.1.webaddress/.  ref note override?.','Edit Source Citation',1600833935,0,16,2,3,NULL,0);
INSERT INTO ChangeMacroCommand VALUES(234,'Media.B','Add Note',1600834001,0,13,2,1,NULL,0);
INSERT INTO ChangeMacroCommand VALUES(235,'Media.B','Edit Note',1600834011,0,13,2,3,NULL,0);
INSERT INTO ChangeMacroCommand VALUES(236,'Test Places','Add Residence Fact',1600834301,0,5,2,1,NULL,0);
INSERT INTO ChangeMacroCommand VALUES(237,'Test Places','Set Residence Place to ''another place / with slashes | and  bars, but, resolved, in, Connecticut''',1600834340,0,5,2,3,NULL,0);
INSERT INTO ChangeMacroCommand VALUES(238,'Test Places','Set Residence Place to ''another place / with slashes | and  bars, but, resolved, in, Connecticut, USA''',1600834348,0,5,2,3,NULL,0);
INSERT INTO ChangeMacroCommand VALUES(239,'TestEvents','Add Birth Note',1600834389,0,5,3,1,NULL,0);
INSERT INTO ChangeMacroCommand VALUES(240,'TestEvents','Add Note',1600834403,0,5,3,1,NULL,0);
INSERT INTO ChangeMacroCommand VALUES(241,'Media','Link Media Media.A',1600834739,0,0,NULL,3,NULL,0);
INSERT INTO ChangeMacroCommand VALUES(242,'Media','Link Media Media.B',1600834744,0,0,NULL,3,NULL,0);
INSERT INTO ChangeMacroCommand VALUES(243,'Test Places and TestEvents','Add Relationship Note',1600834757,0,7,1,1,NULL,0);
INSERT INTO ChangeMacroCommand VALUES(244,'1850 U.S. Census, New York, Madison, Population Schedule; NARA Microfilm Publication M432','Add Source',1600835493,0,10,3,1,NULL,0);
CREATE TABLE ChangeCommand (
    ID INTEGER PRIMARY KEY NOT NULL,
    TableID INT NOT NULL,
    OldValues TEXT NULL,
    NewValues TEXT NULL,
    ChangeMacroCommandID INTEGER NOT NULL,
    OrderNumber INTEGER NOT NULL,
    UID TEXT,
    CONSTRAINT FK_ChangeCommand_ChangeMacroCommand FOREIGN KEY (ChangeMacroCommandID) REFERENCES ChangeMacroCommand(ID) DEFERRABLE INITIALLY DEFERRED
);
INSERT INTO ChangeCommand VALUES(1,2,'{}','{"ID":3,"LinkID":1,"LinkTableID":5,"FactTypeID":67,"Private":false,"Preferred":false,"Date":null,"PlaceID":null,"Text":null,"MediaLinkedCounts":0,"SourceLinkedCounts":0,"CreateDate":1599005956,"UpdateDate":1599005956,"Status":null,"DateSort1":null,"DateSort2":null,"DateModifier1":null,"DateModifier2":null,"SyncVersion":1,"UID":""}',1,1,NULL);
INSERT INTO ChangeCommand VALUES(2,5,'{"ID":1,"UpdateDate":1599005930,"SyncVersion":1}','{"ID":1,"UpdateDate":1599005956,"SyncVersion":1}',1,2,NULL);
INSERT INTO ChangeCommand VALUES(3,5,'{"ID":1,"UpdateDate":1599005956}','{"ID":1,"UpdateDate":1599005956}',1,4,NULL);
INSERT INTO ChangeCommand VALUES(4,2,'{"UpdateDate":1599005956,"ID":3}','{"UpdateDate":1599005956,"ID":3}',1,3,NULL);
INSERT INTO ChangeCommand VALUES(5,2,'{"UpdateDate":1599005956,"ID":3}','{"UpdateDate":1599005956,"ID":3}',1,5,NULL);
INSERT INTO ChangeCommand VALUES(6,5,'{"ID":1,"UpdateDate":1599005956}','{"ID":1,"UpdateDate":1599005956}',1,6,NULL);
INSERT INTO ChangeCommand VALUES(7,2,'{"Preferred":false,"UpdateDate":1599005956,"ID":3}','{"Preferred":true,"UpdateDate":1599005956,"ID":3}',1,7,NULL);
INSERT INTO ChangeCommand VALUES(8,5,'{"ID":1,"UpdateDate":1599005956}','{"ID":1,"UpdateDate":1599005956}',1,8,NULL);
INSERT INTO ChangeCommand VALUES(9,2,'{"UpdateDate":1599005956,"ID":3,"Date":null,"DateSort1":null,"DateModifier1":null}','{"UpdateDate":1599005967,"ID":3,"Date":"1252199104","DateSort1":1252199104,"DateModifier1":0}',2,1,NULL);
INSERT INTO ChangeCommand VALUES(10,5,'{"ID":1,"UpdateDate":1599005956}','{"ID":1,"UpdateDate":1599005967}',2,2,NULL);
INSERT INTO ChangeCommand VALUES(11,2,'{"UpdateDate":1599005967,"ID":3,"Text":null}','{"UpdateDate":1599005989,"ID":3,"Text":"\"1984\" year"}',3,1,NULL);
INSERT INTO ChangeCommand VALUES(12,5,'{"ID":1,"UpdateDate":1599005967}','{"ID":1,"UpdateDate":1599005989}',3,2,NULL);
INSERT INTO ChangeCommand VALUES(13,2,'{}','{"ID":4,"LinkID":1,"LinkTableID":5,"FactTypeID":67,"Private":false,"Preferred":false,"Date":null,"PlaceID":null,"Text":null,"MediaLinkedCounts":0,"SourceLinkedCounts":0,"CreateDate":1599005998,"UpdateDate":1599005998,"Status":null,"DateSort1":null,"DateSort2":null,"DateModifier1":null,"DateModifier2":null,"SyncVersion":1,"UID":""}',4,1,NULL);
INSERT INTO ChangeCommand VALUES(14,5,'{"ID":1,"UpdateDate":1599005989}','{"ID":1,"UpdateDate":1599005998}',4,2,NULL);
INSERT INTO ChangeCommand VALUES(15,5,'{"ID":1,"UpdateDate":1599005998}','{"ID":1,"UpdateDate":1599005998}',4,4,NULL);
INSERT INTO ChangeCommand VALUES(16,2,'{"UpdateDate":1599005998,"ID":4}','{"UpdateDate":1599005998,"ID":4}',4,3,NULL);
INSERT INTO ChangeCommand VALUES(17,2,'{"UpdateDate":1599005998,"ID":4}','{"UpdateDate":1599005998,"ID":4}',4,5,NULL);
INSERT INTO ChangeCommand VALUES(18,2,'{"UpdateDate":1599005998,"ID":4,"Date":null,"DateSort1":null,"DateModifier1":null}','{"UpdateDate":1599006009,"ID":4,"Date":"1252292224","DateSort1":1252292224,"DateModifier1":0}',5,1,NULL);
INSERT INTO ChangeCommand VALUES(19,5,'{"ID":1,"UpdateDate":1599005998}','{"ID":1,"UpdateDate":1599006009}',5,2,NULL);
INSERT INTO ChangeCommand VALUES(20,6,'{}','{"ID":1,"Name":"/\"Jul 1984\" month year|//","DisplayName":"","CreateDate":1599006022,"UpdateDate":1599006022,"SyncVersion":1,"UID":""}',6,1,NULL);
INSERT INTO ChangeCommand VALUES(21,2,'{"UpdateDate":1599006009,"ID":4,"PlaceID":null}','{"UpdateDate":1599006022,"ID":4,"PlaceID":1}',6,2,NULL);
INSERT INTO ChangeCommand VALUES(22,5,'{"ID":1,"UpdateDate":1599006009}','{"ID":1,"UpdateDate":1599006022}',6,3,NULL);
INSERT INTO ChangeCommand VALUES(23,2,'{}','{"ID":5,"LinkID":1,"LinkTableID":5,"FactTypeID":67,"Private":false,"Preferred":false,"Date":null,"PlaceID":null,"Text":null,"MediaLinkedCounts":0,"SourceLinkedCounts":0,"CreateDate":1599006031,"UpdateDate":1599006031,"Status":null,"DateSort1":null,"DateSort2":null,"DateModifier1":null,"DateModifier2":null,"SyncVersion":1,"UID":""}',7,1,NULL);
INSERT INTO ChangeCommand VALUES(24,5,'{"ID":1,"UpdateDate":1599006022}','{"ID":1,"UpdateDate":1599006031}',7,2,NULL);
INSERT INTO ChangeCommand VALUES(25,5,'{"ID":1,"UpdateDate":1599006031}','{"ID":1,"UpdateDate":1599006031}',7,4,NULL);
INSERT INTO ChangeCommand VALUES(26,2,'{"UpdateDate":1599006031,"ID":5}','{"UpdateDate":1599006031,"ID":5}',7,3,NULL);
INSERT INTO ChangeCommand VALUES(27,2,'{"UpdateDate":1599006031,"ID":5}','{"UpdateDate":1599006031,"ID":5}',7,5,NULL);
INSERT INTO ChangeCommand VALUES(28,5,'{"ID":1,"UpdateDate":1599006031}','{"ID":1,"UpdateDate":1599006031}',7,6,NULL);
INSERT INTO ChangeCommand VALUES(29,2,'{"UpdateDate":1599006031,"ID":5,"Date":null,"DateSort1":null,"DateModifier1":null}','{"UpdateDate":1599006036,"ID":5,"Date":"1252293120","DateSort1":1252293120,"DateModifier1":0}',8,1,NULL);
INSERT INTO ChangeCommand VALUES(30,5,'{"ID":1,"UpdateDate":1599006031}','{"ID":1,"UpdateDate":1599006036}',8,2,NULL);
INSERT INTO ChangeCommand VALUES(31,2,'{"UpdateDate":1599006036,"ID":5,"Text":null}','{"UpdateDate":1599006057,"ID":5,"Text":"\"03 Jul 1984\" day month year"}',9,1,NULL);
INSERT INTO ChangeCommand VALUES(32,5,'{"ID":1,"UpdateDate":1599006036}','{"ID":1,"UpdateDate":1599006057}',9,2,NULL);
INSERT INTO ChangeCommand VALUES(33,5,'{"ID":1,"UpdateDate":1599006057}','{"ID":1,"UpdateDate":1599006062}',10,2,NULL);
INSERT INTO ChangeCommand VALUES(34,6,'{"Name":"/\"Jul 1984\" month year|//","DisplayName":"","CreateDate":1599006022,"UpdateDate":1599006022,"SyncVersion":1,"UID":"","ID":1}','{}',10,3,NULL);
INSERT INTO ChangeCommand VALUES(35,2,'{"UpdateDate":1599006022,"ID":4,"PlaceID":1}','{"UpdateDate":1599006062,"ID":4,"PlaceID":null}',10,1,NULL);
INSERT INTO ChangeCommand VALUES(36,2,'{"UpdateDate":1599006062,"ID":4,"Text":null}','{"UpdateDate":1599006064,"ID":4,"Text":"\"Jul 1984\" month year"}',11,1,NULL);
INSERT INTO ChangeCommand VALUES(37,5,'{"ID":1,"UpdateDate":1599006062}','{"ID":1,"UpdateDate":1599006064}',11,2,NULL);
INSERT INTO ChangeCommand VALUES(38,2,'{}','{"ID":6,"LinkID":1,"LinkTableID":5,"FactTypeID":67,"Private":false,"Preferred":false,"Date":null,"PlaceID":null,"Text":null,"MediaLinkedCounts":0,"SourceLinkedCounts":0,"CreateDate":1599006074,"UpdateDate":1599006074,"Status":null,"DateSort1":null,"DateSort2":null,"DateModifier1":null,"DateModifier2":null,"SyncVersion":1,"UID":""}',12,1,NULL);
INSERT INTO ChangeCommand VALUES(39,5,'{"ID":1,"UpdateDate":1599006064}','{"ID":1,"UpdateDate":1599006074}',12,2,NULL);
INSERT INTO ChangeCommand VALUES(40,5,'{"ID":1,"UpdateDate":1599006074}','{"ID":1,"UpdateDate":1599006074}',12,4,NULL);
INSERT INTO ChangeCommand VALUES(41,2,'{"UpdateDate":1599006074,"ID":6}','{"UpdateDate":1599006074,"ID":6}',12,3,NULL);
INSERT INTO ChangeCommand VALUES(42,2,'{"UpdateDate":1599006074,"ID":6}','{"UpdateDate":1599006074,"ID":6}',12,5,NULL);
INSERT INTO ChangeCommand VALUES(43,5,'{"ID":1,"UpdateDate":1599006074}','{"ID":1,"UpdateDate":1599006074}',12,6,NULL);
INSERT INTO ChangeCommand VALUES(44,2,'{"UpdateDate":1599006074,"ID":6,"Date":null,"DateSort1":null,"DateModifier1":null}','{"UpdateDate":1599006082,"ID":6,"Date":"1252199107","DateSort1":1252199107,"DateModifier1":-1}',13,1,NULL);
INSERT INTO ChangeCommand VALUES(45,5,'{"ID":1,"UpdateDate":1599006074}','{"ID":1,"UpdateDate":1599006082}',13,2,NULL);
INSERT INTO ChangeCommand VALUES(46,2,'{"UpdateDate":1599006082,"ID":6,"Text":null}','{"UpdateDate":1599006099,"ID":6,"Text":"\"Abt 1984\" about year"}',14,1,NULL);
INSERT INTO ChangeCommand VALUES(47,5,'{"ID":1,"UpdateDate":1599006082}','{"ID":1,"UpdateDate":1599006099}',14,2,NULL);
INSERT INTO ChangeCommand VALUES(48,2,'{}','{"ID":7,"LinkID":1,"LinkTableID":5,"FactTypeID":67,"Private":false,"Preferred":false,"Date":null,"PlaceID":null,"Text":null,"MediaLinkedCounts":0,"SourceLinkedCounts":0,"CreateDate":1599006106,"UpdateDate":1599006106,"Status":null,"DateSort1":null,"DateSort2":null,"DateModifier1":null,"DateModifier2":null,"SyncVersion":1,"UID":""}',15,1,NULL);
INSERT INTO ChangeCommand VALUES(49,5,'{"ID":1,"UpdateDate":1599006099}','{"ID":1,"UpdateDate":1599006106}',15,2,NULL);
INSERT INTO ChangeCommand VALUES(50,5,'{"ID":1,"UpdateDate":1599006106}','{"ID":1,"UpdateDate":1599006106}',15,4,NULL);
INSERT INTO ChangeCommand VALUES(51,2,'{"UpdateDate":1599006106,"ID":7}','{"UpdateDate":1599006106,"ID":7}',15,3,NULL);
INSERT INTO ChangeCommand VALUES(52,2,'{"UpdateDate":1599006106,"ID":7}','{"UpdateDate":1599006106,"ID":7}',15,5,NULL);
INSERT INTO ChangeCommand VALUES(53,5,'{"ID":1,"UpdateDate":1599006106}','{"ID":1,"UpdateDate":1599006106}',15,6,NULL);
INSERT INTO ChangeCommand VALUES(54,2,'{"UpdateDate":1599006106,"ID":7,"Date":null,"DateSort1":null,"DateModifier1":null}','{"UpdateDate":1599006112,"ID":7,"Date":"1252292227","DateSort1":1252292227,"DateModifier1":-1}',16,1,NULL);
INSERT INTO ChangeCommand VALUES(55,5,'{"ID":1,"UpdateDate":1599006106}','{"ID":1,"UpdateDate":1599006112}',16,2,NULL);
INSERT INTO ChangeCommand VALUES(56,2,'{"UpdateDate":1599006112,"ID":7,"Text":null}','{"UpdateDate":1599006130,"ID":7,"Text":"\"Abt Jul 1984\" about month year"}',17,1,NULL);
INSERT INTO ChangeCommand VALUES(57,5,'{"ID":1,"UpdateDate":1599006112}','{"ID":1,"UpdateDate":1599006130}',17,2,NULL);
INSERT INTO ChangeCommand VALUES(58,2,'{}','{"ID":8,"LinkID":1,"LinkTableID":5,"FactTypeID":67,"Private":false,"Preferred":false,"Date":null,"PlaceID":null,"Text":null,"MediaLinkedCounts":0,"SourceLinkedCounts":0,"CreateDate":1599006135,"UpdateDate":1599006135,"Status":null,"DateSort1":null,"DateSort2":null,"DateModifier1":null,"DateModifier2":null,"SyncVersion":1,"UID":""}',18,1,NULL);
INSERT INTO ChangeCommand VALUES(59,5,'{"ID":1,"UpdateDate":1599006130}','{"ID":1,"UpdateDate":1599006135}',18,2,NULL);
INSERT INTO ChangeCommand VALUES(60,5,'{"ID":1,"UpdateDate":1599006135}','{"ID":1,"UpdateDate":1599006135}',18,4,NULL);
INSERT INTO ChangeCommand VALUES(61,2,'{"UpdateDate":1599006135,"ID":8}','{"UpdateDate":1599006135,"ID":8}',18,3,NULL);
INSERT INTO ChangeCommand VALUES(62,2,'{"UpdateDate":1599006135,"ID":8}','{"UpdateDate":1599006135,"ID":8}',18,5,NULL);
INSERT INTO ChangeCommand VALUES(63,5,'{"ID":1,"UpdateDate":1599006135}','{"ID":1,"UpdateDate":1599006135}',18,6,NULL);
INSERT INTO ChangeCommand VALUES(64,2,'{"UpdateDate":1599006135,"ID":8,"Date":null,"DateSort1":null,"DateModifier1":null}','{"UpdateDate":1599006139,"ID":8,"Date":"1252293123","DateSort1":1252293123,"DateModifier1":-1}',19,1,NULL);
INSERT INTO ChangeCommand VALUES(65,5,'{"ID":1,"UpdateDate":1599006135}','{"ID":1,"UpdateDate":1599006139}',19,2,NULL);
INSERT INTO ChangeCommand VALUES(66,2,'{"UpdateDate":1599006139,"ID":8,"Text":null}','{"UpdateDate":1599006150,"ID":8,"Text":"\"Abt 03 Jul 1984\" about day month year"}',20,1,NULL);
INSERT INTO ChangeCommand VALUES(67,5,'{"ID":1,"UpdateDate":1599006139}','{"ID":1,"UpdateDate":1599006150}',20,2,NULL);
INSERT INTO ChangeCommand VALUES(68,2,'{}','{"ID":9,"LinkID":1,"LinkTableID":5,"FactTypeID":67,"Private":false,"Preferred":false,"Date":null,"PlaceID":null,"Text":null,"MediaLinkedCounts":0,"SourceLinkedCounts":0,"CreateDate":1599006172,"UpdateDate":1599006172,"Status":null,"DateSort1":null,"DateSort2":null,"DateModifier1":null,"DateModifier2":null,"SyncVersion":1,"UID":""}',21,1,NULL);
INSERT INTO ChangeCommand VALUES(69,5,'{"ID":1,"UpdateDate":1599006150}','{"ID":1,"UpdateDate":1599006172}',21,2,NULL);
INSERT INTO ChangeCommand VALUES(70,5,'{"ID":1,"UpdateDate":1599006172}','{"ID":1,"UpdateDate":1599006172}',21,4,NULL);
INSERT INTO ChangeCommand VALUES(71,2,'{"UpdateDate":1599006172,"ID":9}','{"UpdateDate":1599006172,"ID":9}',21,3,NULL);
INSERT INTO ChangeCommand VALUES(72,2,'{"UpdateDate":1599006172,"ID":9}','{"UpdateDate":1599006172,"ID":9}',21,5,NULL);
INSERT INTO ChangeCommand VALUES(73,5,'{"ID":1,"UpdateDate":1599006172}','{"ID":1,"UpdateDate":1599006172}',21,6,NULL);
INSERT INTO ChangeCommand VALUES(74,2,'{"UpdateDate":1599006172,"ID":9,"Date":null,"DateSort1":null,"DateModifier1":null}','{"UpdateDate":1599006190,"ID":9,"Date":"1252199105","DateSort1":1252199105,"DateModifier1":-1}',22,1,NULL);
INSERT INTO ChangeCommand VALUES(75,5,'{"ID":1,"UpdateDate":1599006172}','{"ID":1,"UpdateDate":1599006190}',22,2,NULL);
INSERT INTO ChangeCommand VALUES(76,2,'{"UpdateDate":1599006190,"ID":9,"Text":null}','{"UpdateDate":1599006201,"ID":9,"Text":"\"Bef. 1984\""}',23,1,NULL);
INSERT INTO ChangeCommand VALUES(77,5,'{"ID":1,"UpdateDate":1599006190}','{"ID":1,"UpdateDate":1599006201}',23,2,NULL);
INSERT INTO ChangeCommand VALUES(78,2,'{"UpdateDate":1599006201,"ID":9,"Text":"\"Bef. 1984\""}','{"UpdateDate":1599006209,"ID":9,"Text":"\"Bef. 1984\" before year"}',24,1,NULL);
INSERT INTO ChangeCommand VALUES(79,5,'{"ID":1,"UpdateDate":1599006201}','{"ID":1,"UpdateDate":1599006209}',24,2,NULL);
INSERT INTO ChangeCommand VALUES(80,2,'{}','{"ID":10,"LinkID":1,"LinkTableID":5,"FactTypeID":67,"Private":false,"Preferred":false,"Date":null,"PlaceID":null,"Text":null,"MediaLinkedCounts":0,"SourceLinkedCounts":0,"CreateDate":1599006216,"UpdateDate":1599006216,"Status":null,"DateSort1":null,"DateSort2":null,"DateModifier1":null,"DateModifier2":null,"SyncVersion":1,"UID":""}',25,1,NULL);
INSERT INTO ChangeCommand VALUES(81,5,'{"ID":1,"UpdateDate":1599006209}','{"ID":1,"UpdateDate":1599006216}',25,2,NULL);
INSERT INTO ChangeCommand VALUES(82,5,'{"ID":1,"UpdateDate":1599006216}','{"ID":1,"UpdateDate":1599006216}',25,4,NULL);
INSERT INTO ChangeCommand VALUES(83,2,'{"UpdateDate":1599006216,"ID":10}','{"UpdateDate":1599006216,"ID":10}',25,3,NULL);
INSERT INTO ChangeCommand VALUES(84,2,'{"UpdateDate":1599006216,"ID":10}','{"UpdateDate":1599006216,"ID":10}',25,5,NULL);
INSERT INTO ChangeCommand VALUES(85,2,'{"UpdateDate":1599006216,"ID":10,"Date":null,"DateSort1":null,"DateModifier1":null}','{"UpdateDate":1599006219,"ID":10,"Date":"1252199106","DateSort1":1252199106,"DateModifier1":1}',26,1,NULL);
INSERT INTO ChangeCommand VALUES(86,5,'{"ID":1,"UpdateDate":1599006216}','{"ID":1,"UpdateDate":1599006219}',26,2,NULL);
INSERT INTO ChangeCommand VALUES(87,2,'{"UpdateDate":1599006219,"ID":10,"Text":null}','{"UpdateDate":1599006231,"ID":10,"Text":"\"Aft. 1984\" after year"}',27,1,NULL);
INSERT INTO ChangeCommand VALUES(88,5,'{"ID":1,"UpdateDate":1599006219}','{"ID":1,"UpdateDate":1599006231}',27,2,NULL);
INSERT INTO ChangeCommand VALUES(89,2,'{}','{"ID":11,"LinkID":1,"LinkTableID":5,"FactTypeID":67,"Private":false,"Preferred":false,"Date":null,"PlaceID":null,"Text":null,"MediaLinkedCounts":0,"SourceLinkedCounts":0,"CreateDate":1599006246,"UpdateDate":1599006246,"Status":null,"DateSort1":null,"DateSort2":null,"DateModifier1":null,"DateModifier2":null,"SyncVersion":1,"UID":""}',28,1,NULL);
INSERT INTO ChangeCommand VALUES(90,5,'{"ID":1,"UpdateDate":1599006231}','{"ID":1,"UpdateDate":1599006246}',28,2,NULL);
INSERT INTO ChangeCommand VALUES(91,5,'{"ID":1,"UpdateDate":1599006246}','{"ID":1,"UpdateDate":1599006246}',28,4,NULL);
INSERT INTO ChangeCommand VALUES(92,2,'{"UpdateDate":1599006246,"ID":11}','{"UpdateDate":1599006246,"ID":11}',28,3,NULL);
INSERT INTO ChangeCommand VALUES(93,2,'{"UpdateDate":1599006246,"ID":11}','{"UpdateDate":1599006246,"ID":11}',28,5,NULL);
INSERT INTO ChangeCommand VALUES(94,5,'{"ID":1,"UpdateDate":1599006246}','{"ID":1,"UpdateDate":1599006246}',28,6,NULL);
INSERT INTO ChangeCommand VALUES(95,2,'{"UpdateDate":1599006246,"ID":11,"Date":null,"DateSort1":null,"DateModifier1":null}','{"UpdateDate":1599006266,"ID":11,"Date":"1252199104","DateSort1":1252199104,"DateModifier1":0}',29,1,NULL);
INSERT INTO ChangeCommand VALUES(96,5,'{"ID":1,"UpdateDate":1599006246}','{"ID":1,"UpdateDate":1599006266}',29,2,NULL);
INSERT INTO ChangeCommand VALUES(97,2,'{"UpdateDate":1599006266,"ID":11,"Date":"1252199104","DateSort1":1252199104,"DateSort2":null,"DateModifier2":null}','{"UpdateDate":1599006283,"ID":11,"Date":"1251825344:1252012224","DateSort1":1251825344,"DateSort2":1252012224,"DateModifier2":0}',30,1,NULL);
INSERT INTO ChangeCommand VALUES(98,5,'{"ID":1,"UpdateDate":1599006266}','{"ID":1,"UpdateDate":1599006283}',30,2,NULL);
INSERT INTO ChangeCommand VALUES(99,2,'{"UpdateDate":1599006283,"ID":11,"Date":"1251825344:1252012224","DateSort1":1251825344,"DateSort2":1252012224}','{"UpdateDate":1599006293,"ID":11,"Date":"1252012224:1252386496","DateSort1":1252012224,"DateSort2":1252386496}',31,1,NULL);
INSERT INTO ChangeCommand VALUES(100,5,'{"ID":1,"UpdateDate":1599006283}','{"ID":1,"UpdateDate":1599006293}',31,2,NULL);
INSERT INTO ChangeCommand VALUES(101,2,'{"UpdateDate":1599006293,"ID":11,"Text":null}','{"UpdateDate":1599006308,"ID":11,"Text":"\"Bet. 1983–1985\" between year and year"}',32,1,NULL);
INSERT INTO ChangeCommand VALUES(102,5,'{"ID":1,"UpdateDate":1599006293}','{"ID":1,"UpdateDate":1599006308}',32,2,NULL);
INSERT INTO ChangeCommand VALUES(103,2,'{}','{"ID":12,"LinkID":1,"LinkTableID":5,"FactTypeID":67,"Private":false,"Preferred":false,"Date":null,"PlaceID":null,"Text":null,"MediaLinkedCounts":0,"SourceLinkedCounts":0,"CreateDate":1599006317,"UpdateDate":1599006317,"Status":null,"DateSort1":null,"DateSort2":null,"DateModifier1":null,"DateModifier2":null,"SyncVersion":1,"UID":""}',33,1,NULL);
INSERT INTO ChangeCommand VALUES(104,5,'{"ID":1,"UpdateDate":1599006308}','{"ID":1,"UpdateDate":1599006317}',33,2,NULL);
INSERT INTO ChangeCommand VALUES(105,5,'{"ID":1,"UpdateDate":1599006317}','{"ID":1,"UpdateDate":1599006317}',33,4,NULL);
INSERT INTO ChangeCommand VALUES(106,2,'{"UpdateDate":1599006317,"ID":12}','{"UpdateDate":1599006317,"ID":12}',33,3,NULL);
INSERT INTO ChangeCommand VALUES(107,2,'{"UpdateDate":1599006317,"ID":12}','{"UpdateDate":1599006317,"ID":12}',33,5,NULL);
INSERT INTO ChangeCommand VALUES(108,5,'{"ID":1,"UpdateDate":1599006317}','{"ID":1,"UpdateDate":1599006317}',33,6,NULL);
INSERT INTO ChangeCommand VALUES(109,2,'{"UpdateDate":1599006317,"ID":12,"Date":null,"DateSort1":null,"DateSort2":null,"DateModifier1":null,"DateModifier2":null}','{"UpdateDate":1599006327,"ID":12,"Date":"1252012224:1252947136","DateSort1":1252012224,"DateSort2":1252947136,"DateModifier1":0,"DateModifier2":0}',34,1,NULL);
INSERT INTO ChangeCommand VALUES(110,5,'{"ID":1,"UpdateDate":1599006317}','{"ID":1,"UpdateDate":1599006327}',34,2,NULL);
INSERT INTO ChangeCommand VALUES(111,2,'{"UpdateDate":1599006327,"ID":12,"Date":"1252012224:1252947136","DateSort1":1252012224,"DateSort2":1252947136}','{"UpdateDate":1599006339,"ID":12,"Date":"1252104832:1252386496","DateSort1":1252104832,"DateSort2":1252386496}',35,1,NULL);
INSERT INTO ChangeCommand VALUES(112,5,'{"ID":1,"UpdateDate":1599006327}','{"ID":1,"UpdateDate":1599006339}',35,2,NULL);
INSERT INTO ChangeCommand VALUES(113,2,'{"UpdateDate":1599006339,"ID":12,"Text":null}','{"UpdateDate":1599006356,"ID":12,"Text":"\"Bet. Jul 1983–1985\" between month year and year"}',36,1,NULL);
INSERT INTO ChangeCommand VALUES(114,5,'{"ID":1,"UpdateDate":1599006339}','{"ID":1,"UpdateDate":1599006356}',36,2,NULL);
INSERT INTO ChangeCommand VALUES(115,2,'{}','{"ID":13,"LinkID":1,"LinkTableID":5,"FactTypeID":67,"Private":false,"Preferred":false,"Date":null,"PlaceID":null,"Text":null,"MediaLinkedCounts":0,"SourceLinkedCounts":0,"CreateDate":1599006361,"UpdateDate":1599006361,"Status":null,"DateSort1":null,"DateSort2":null,"DateModifier1":null,"DateModifier2":null,"SyncVersion":1,"UID":""}',37,1,NULL);
INSERT INTO ChangeCommand VALUES(116,5,'{"ID":1,"UpdateDate":1599006356}','{"ID":1,"UpdateDate":1599006361}',37,2,NULL);
INSERT INTO ChangeCommand VALUES(117,5,'{"ID":1,"UpdateDate":1599006361}','{"ID":1,"UpdateDate":1599006361}',37,4,NULL);
INSERT INTO ChangeCommand VALUES(118,2,'{"UpdateDate":1599006361,"ID":13}','{"UpdateDate":1599006361,"ID":13}',37,3,NULL);
INSERT INTO ChangeCommand VALUES(119,2,'{"UpdateDate":1599006361,"ID":13}','{"UpdateDate":1599006361,"ID":13}',37,5,NULL);
INSERT INTO ChangeCommand VALUES(120,5,'{"ID":1,"UpdateDate":1599006361}','{"ID":1,"UpdateDate":1599006361}',37,6,NULL);
INSERT INTO ChangeCommand VALUES(121,2,'{"UpdateDate":1599006361,"ID":13,"Date":null,"DateSort1":null,"DateSort2":null,"DateModifier1":null,"DateModifier2":null}','{"UpdateDate":1599006369,"ID":13,"Date":"1252105728:1252386496","DateSort1":1252105728,"DateSort2":1252386496,"DateModifier1":0,"DateModifier2":0}',38,1,NULL);
INSERT INTO ChangeCommand VALUES(122,5,'{"ID":1,"UpdateDate":1599006361}','{"ID":1,"UpdateDate":1599006369}',38,2,NULL);
INSERT INTO ChangeCommand VALUES(123,2,'{"UpdateDate":1599006369,"ID":13,"Text":null}','{"UpdateDate":1599006380,"ID":13,"Text":"\"Bet. 03 Jul 1983–1985\" between day month year and year"}',39,1,NULL);
INSERT INTO ChangeCommand VALUES(124,5,'{"ID":1,"UpdateDate":1599006369}','{"ID":1,"UpdateDate":1599006380}',39,2,NULL);
INSERT INTO ChangeCommand VALUES(125,2,'{}','{"ID":14,"LinkID":1,"LinkTableID":5,"FactTypeID":67,"Private":false,"Preferred":false,"Date":null,"PlaceID":null,"Text":null,"MediaLinkedCounts":0,"SourceLinkedCounts":0,"CreateDate":1599006405,"UpdateDate":1599006405,"Status":null,"DateSort1":null,"DateSort2":null,"DateModifier1":null,"DateModifier2":null,"SyncVersion":1,"UID":""}',40,1,NULL);
INSERT INTO ChangeCommand VALUES(126,5,'{"ID":1,"UpdateDate":1599006380}','{"ID":1,"UpdateDate":1599006405}',40,2,NULL);
INSERT INTO ChangeCommand VALUES(127,5,'{"ID":1,"UpdateDate":1599006405}','{"ID":1,"UpdateDate":1599006405}',40,4,NULL);
INSERT INTO ChangeCommand VALUES(128,2,'{"UpdateDate":1599006405,"ID":14}','{"UpdateDate":1599006405,"ID":14}',40,3,NULL);
INSERT INTO ChangeCommand VALUES(129,2,'{"UpdateDate":1599006405,"ID":14}','{"UpdateDate":1599006405,"ID":14}',40,5,NULL);
INSERT INTO ChangeCommand VALUES(130,5,'{"ID":1,"UpdateDate":1599006405}','{"ID":1,"UpdateDate":1599006405}',40,6,NULL);
INSERT INTO ChangeCommand VALUES(131,2,'{"UpdateDate":1599006405,"ID":14,"Date":null,"DateSort1":null,"DateSort2":null,"DateModifier1":null,"DateModifier2":null}','{"UpdateDate":1599006419,"ID":14,"Date":"1252012224:1252386496","DateSort1":1252012224,"DateSort2":1252386496,"DateModifier1":0,"DateModifier2":0}',41,1,NULL);
INSERT INTO ChangeCommand VALUES(132,5,'{"ID":1,"UpdateDate":1599006405}','{"ID":1,"UpdateDate":1599006419}',41,2,NULL);
INSERT INTO ChangeCommand VALUES(133,2,'{"UpdateDate":1599006419,"ID":14,"Date":"1252012224:1252386496","DateSort2":1252386496}','{"UpdateDate":1599006428,"ID":14,"Date":"1252012224:1252479104","DateSort2":1252479104}',42,1,NULL);
INSERT INTO ChangeCommand VALUES(134,5,'{"ID":1,"UpdateDate":1599006419}','{"ID":1,"UpdateDate":1599006428}',42,2,NULL);
INSERT INTO ChangeCommand VALUES(135,2,'{"UpdateDate":1599006428,"ID":14,"Text":null}','{"UpdateDate":1599006440,"ID":14,"Text":"\"Bet. 1983–Jul 1985\" between year and month year"}',43,1,NULL);
INSERT INTO ChangeCommand VALUES(136,5,'{"ID":1,"UpdateDate":1599006428}','{"ID":1,"UpdateDate":1599006440}',43,2,NULL);
INSERT INTO ChangeCommand VALUES(137,2,'{}','{"ID":15,"LinkID":1,"LinkTableID":5,"FactTypeID":67,"Private":false,"Preferred":false,"Date":null,"PlaceID":null,"Text":null,"MediaLinkedCounts":0,"SourceLinkedCounts":0,"CreateDate":1599006452,"UpdateDate":1599006452,"Status":null,"DateSort1":null,"DateSort2":null,"DateModifier1":null,"DateModifier2":null,"SyncVersion":1,"UID":""}',44,1,NULL);
INSERT INTO ChangeCommand VALUES(138,5,'{"ID":1,"UpdateDate":1599006440}','{"ID":1,"UpdateDate":1599006452}',44,2,NULL);
INSERT INTO ChangeCommand VALUES(139,5,'{"ID":1,"UpdateDate":1599006452}','{"ID":1,"UpdateDate":1599006452}',44,4,NULL);
INSERT INTO ChangeCommand VALUES(140,2,'{"UpdateDate":1599006452,"ID":15}','{"UpdateDate":1599006452,"ID":15}',44,3,NULL);
INSERT INTO ChangeCommand VALUES(141,2,'{"UpdateDate":1599006452,"ID":15}','{"UpdateDate":1599006452,"ID":15}',44,5,NULL);
INSERT INTO ChangeCommand VALUES(142,5,'{"ID":1,"UpdateDate":1599006452}','{"ID":1,"UpdateDate":1599006452}',44,6,NULL);
INSERT INTO ChangeCommand VALUES(143,2,'{"UpdateDate":1599006452,"ID":15,"Date":null,"DateSort1":null,"DateSort2":null,"DateModifier1":null,"DateModifier2":null}','{"UpdateDate":1599006457,"ID":15,"Date":"1252012224:1252480000","DateSort1":1252012224,"DateSort2":1252480000,"DateModifier1":0,"DateModifier2":0}',45,1,NULL);
INSERT INTO ChangeCommand VALUES(144,5,'{"ID":1,"UpdateDate":1599006452}','{"ID":1,"UpdateDate":1599006457}',45,2,NULL);
INSERT INTO ChangeCommand VALUES(145,2,'{"UpdateDate":1599006457,"ID":15,"Text":null}','{"UpdateDate":1599006470,"ID":15,"Text":"\"Bet. 1983–03 Jul 1985\" between year and day month year"}',46,1,NULL);
INSERT INTO ChangeCommand VALUES(146,5,'{"ID":1,"UpdateDate":1599006457}','{"ID":1,"UpdateDate":1599006470}',46,2,NULL);
INSERT INTO ChangeCommand VALUES(147,2,'{}','{"ID":16,"LinkID":1,"LinkTableID":5,"FactTypeID":67,"Private":false,"Preferred":false,"Date":null,"PlaceID":null,"Text":null,"MediaLinkedCounts":0,"SourceLinkedCounts":0,"CreateDate":1599006485,"UpdateDate":1599006485,"Status":null,"DateSort1":null,"DateSort2":null,"DateModifier1":null,"DateModifier2":null,"SyncVersion":1,"UID":""}',47,1,NULL);
INSERT INTO ChangeCommand VALUES(148,5,'{"ID":1,"UpdateDate":1599006470}','{"ID":1,"UpdateDate":1599006485}',47,2,NULL);
INSERT INTO ChangeCommand VALUES(149,5,'{"ID":1,"UpdateDate":1599006485}','{"ID":1,"UpdateDate":1599006485}',47,4,NULL);
INSERT INTO ChangeCommand VALUES(150,2,'{"UpdateDate":1599006485,"ID":16}','{"UpdateDate":1599006485,"ID":16}',47,3,NULL);
INSERT INTO ChangeCommand VALUES(151,2,'{"UpdateDate":1599006485,"ID":16}','{"UpdateDate":1599006485,"ID":16}',47,5,NULL);
INSERT INTO ChangeCommand VALUES(152,5,'{"ID":1,"UpdateDate":1599006485}','{"ID":1,"UpdateDate":1599006485}',47,6,NULL);
INSERT INTO ChangeCommand VALUES(153,2,'{"UpdateDate":1599006485,"ID":16,"Date":null,"DateSort1":null,"DateSort2":null,"DateModifier1":null,"DateModifier2":null}','{"UpdateDate":1599006492,"ID":16,"Date":"1252104832:1252479104","DateSort1":1252104832,"DateSort2":1252479104,"DateModifier1":0,"DateModifier2":0}',48,1,NULL);
INSERT INTO ChangeCommand VALUES(154,5,'{"ID":1,"UpdateDate":1599006485}','{"ID":1,"UpdateDate":1599006492}',48,2,NULL);
INSERT INTO ChangeCommand VALUES(155,2,'{"UpdateDate":1599006492,"ID":16,"Text":null}','{"UpdateDate":1599006504,"ID":16,"Text":"\"Bet. Jul 1983–Jul 1985\" between month year and month year"}',49,1,NULL);
INSERT INTO ChangeCommand VALUES(156,5,'{"ID":1,"UpdateDate":1599006492}','{"ID":1,"UpdateDate":1599006504}',49,2,NULL);
INSERT INTO ChangeCommand VALUES(157,2,'{}','{"ID":17,"LinkID":1,"LinkTableID":5,"FactTypeID":67,"Private":false,"Preferred":false,"Date":null,"PlaceID":null,"Text":null,"MediaLinkedCounts":0,"SourceLinkedCounts":0,"CreateDate":1599006513,"UpdateDate":1599006513,"Status":null,"DateSort1":null,"DateSort2":null,"DateModifier1":null,"DateModifier2":null,"SyncVersion":1,"UID":""}',50,1,NULL);
INSERT INTO ChangeCommand VALUES(158,5,'{"ID":1,"UpdateDate":1599006504}','{"ID":1,"UpdateDate":1599006513}',50,2,NULL);
INSERT INTO ChangeCommand VALUES(159,5,'{"ID":1,"UpdateDate":1599006513}','{"ID":1,"UpdateDate":1599006513}',50,4,NULL);
INSERT INTO ChangeCommand VALUES(160,2,'{"UpdateDate":1599006513,"ID":17}','{"UpdateDate":1599006513,"ID":17}',50,3,NULL);
INSERT INTO ChangeCommand VALUES(161,2,'{"UpdateDate":1599006513,"ID":17}','{"UpdateDate":1599006513,"ID":17}',50,5,NULL);
INSERT INTO ChangeCommand VALUES(162,5,'{"ID":1,"UpdateDate":1599006513}','{"ID":1,"UpdateDate":1599006513}',50,6,NULL);
INSERT INTO ChangeCommand VALUES(163,2,'{"UpdateDate":1599006513,"ID":17,"Text":null}','{"UpdateDate":1599006516,"ID":17,"Text":"\"Bet. Jul 1983–Jul 1985\" between month year and month year"}',51,1,NULL);
INSERT INTO ChangeCommand VALUES(164,5,'{"ID":1,"UpdateDate":1599006513}','{"ID":1,"UpdateDate":1599006516}',51,2,NULL);
INSERT INTO ChangeCommand VALUES(165,2,'{"UpdateDate":1599006516,"ID":17,"Date":null,"DateSort1":null,"DateSort2":null,"DateModifier1":null,"DateModifier2":null}','{"UpdateDate":1599006525,"ID":17,"Date":"1252105728:1252479104","DateSort1":1252105728,"DateSort2":1252479104,"DateModifier1":0,"DateModifier2":0}',52,1,NULL);
INSERT INTO ChangeCommand VALUES(166,5,'{"ID":1,"UpdateDate":1599006516}','{"ID":1,"UpdateDate":1599006525}',52,2,NULL);
INSERT INTO ChangeCommand VALUES(167,2,'{"UpdateDate":1599006525,"ID":17,"Text":"\"Bet. Jul 1983–Jul 1985\" between month year and month year"}','{"UpdateDate":1599006536,"ID":17,"Text":"\"Bet. 03 Jul 1983–Jul 1985\" day between month year and month year"}',53,1,NULL);
INSERT INTO ChangeCommand VALUES(168,5,'{"ID":1,"UpdateDate":1599006525}','{"ID":1,"UpdateDate":1599006536}',53,2,NULL);
INSERT INTO ChangeCommand VALUES(169,2,'{}','{"ID":18,"LinkID":1,"LinkTableID":5,"FactTypeID":67,"Private":false,"Preferred":false,"Date":null,"PlaceID":null,"Text":null,"MediaLinkedCounts":0,"SourceLinkedCounts":0,"CreateDate":1599006562,"UpdateDate":1599006562,"Status":null,"DateSort1":null,"DateSort2":null,"DateModifier1":null,"DateModifier2":null,"SyncVersion":1,"UID":""}',54,1,NULL);
INSERT INTO ChangeCommand VALUES(170,5,'{"ID":1,"UpdateDate":1599006536}','{"ID":1,"UpdateDate":1599006562}',54,2,NULL);
INSERT INTO ChangeCommand VALUES(171,5,'{"ID":1,"UpdateDate":1599006562}','{"ID":1,"UpdateDate":1599006562}',54,4,NULL);
INSERT INTO ChangeCommand VALUES(172,2,'{"UpdateDate":1599006562,"ID":18}','{"UpdateDate":1599006562,"ID":18}',54,3,NULL);
INSERT INTO ChangeCommand VALUES(173,2,'{"UpdateDate":1599006562,"ID":18}','{"UpdateDate":1599006562,"ID":18}',54,5,NULL);
INSERT INTO ChangeCommand VALUES(174,5,'{"ID":1,"UpdateDate":1599006562}','{"ID":1,"UpdateDate":1599006562}',54,6,NULL);
INSERT INTO ChangeCommand VALUES(175,2,'{"UpdateDate":1599006562,"ID":18,"Text":null}','{"UpdateDate":1599006582,"ID":18,"Text":"\"\" between month year and month year"}',55,1,NULL);
INSERT INTO ChangeCommand VALUES(176,5,'{"ID":1,"UpdateDate":1599006562}','{"ID":1,"UpdateDate":1599006582}',55,2,NULL);
INSERT INTO ChangeCommand VALUES(177,2,'{"UpdateDate":1599006582,"ID":18,"Date":null,"DateSort1":null,"DateSort2":null,"DateModifier1":null,"DateModifier2":null}','{"UpdateDate":1599006583,"ID":18,"Date":"1252105728:1252479104","DateSort1":1252105728,"DateSort2":1252479104,"DateModifier1":0,"DateModifier2":0}',56,1,NULL);
INSERT INTO ChangeCommand VALUES(178,5,'{"ID":1,"UpdateDate":1599006582}','{"ID":1,"UpdateDate":1599006583}',56,2,NULL);
INSERT INTO ChangeCommand VALUES(179,2,'{"UpdateDate":1599006583,"ID":18,"Text":"\"\" between month year and month year"}','{"UpdateDate":1599006591,"ID":18,"Text":"\"Bet. 03 Jul 1983–Jul 1985\" between day month year and month year"}',57,1,NULL);
INSERT INTO ChangeCommand VALUES(180,5,'{"ID":1,"UpdateDate":1599006583}','{"ID":1,"UpdateDate":1599006591}',57,2,NULL);
INSERT INTO ChangeCommand VALUES(181,2,'{"UpdateDate":1599006536,"ID":17,"Date":"1252105728:1252479104","DateSort1":1252105728,"DateSort2":1252479104}','{"UpdateDate":1599006615,"ID":17,"Date":"1252104832:1252480000","DateSort1":1252104832,"DateSort2":1252480000}',58,1,NULL);
INSERT INTO ChangeCommand VALUES(182,5,'{"ID":1,"UpdateDate":1599006591}','{"ID":1,"UpdateDate":1599006615}',58,2,NULL);
INSERT INTO ChangeCommand VALUES(183,2,'{"UpdateDate":1599006615,"ID":17,"Text":"\"Bet. 03 Jul 1983–Jul 1985\" day between month year and month year"}','{"UpdateDate":1599006628,"ID":17,"Text":"\"Bet. Jul 1983–03 Jul 1985\" between month year and day month year"}',59,1,NULL);
INSERT INTO ChangeCommand VALUES(184,5,'{"ID":1,"UpdateDate":1599006615}','{"ID":1,"UpdateDate":1599006628}',59,2,NULL);
INSERT INTO ChangeCommand VALUES(185,2,'{}','{"ID":19,"LinkID":1,"LinkTableID":5,"FactTypeID":67,"Private":false,"Preferred":false,"Date":null,"PlaceID":null,"Text":null,"MediaLinkedCounts":0,"SourceLinkedCounts":0,"CreateDate":1599006665,"UpdateDate":1599006665,"Status":null,"DateSort1":null,"DateSort2":null,"DateModifier1":null,"DateModifier2":null,"SyncVersion":1,"UID":""}',60,1,NULL);
INSERT INTO ChangeCommand VALUES(186,5,'{"ID":1,"UpdateDate":1599006628}','{"ID":1,"UpdateDate":1599006665}',60,2,NULL);
INSERT INTO ChangeCommand VALUES(187,5,'{"ID":1,"UpdateDate":1599006665}','{"ID":1,"UpdateDate":1599006665}',60,4,NULL);
INSERT INTO ChangeCommand VALUES(188,2,'{"UpdateDate":1599006665,"ID":19}','{"UpdateDate":1599006665,"ID":19}',60,3,NULL);
INSERT INTO ChangeCommand VALUES(189,2,'{"UpdateDate":1599006665,"ID":19}','{"UpdateDate":1599006665,"ID":19}',60,5,NULL);
INSERT INTO ChangeCommand VALUES(190,2,'{"UpdateDate":1599006665,"ID":19,"Text":null}','{"UpdateDate":1599006669,"ID":19,"Text":"\"Bet. 03 Jul 1983–Jul 1985\" between day month year and month year"}',61,1,NULL);
INSERT INTO ChangeCommand VALUES(191,5,'{"ID":1,"UpdateDate":1599006665}','{"ID":1,"UpdateDate":1599006669}',61,2,NULL);
INSERT INTO ChangeCommand VALUES(192,2,'{"UpdateDate":1599006669,"ID":19,"Date":null,"DateSort1":null,"DateSort2":null,"DateModifier1":null,"DateModifier2":null}','{"UpdateDate":1599006675,"ID":19,"Date":"1252105728:1252480000","DateSort1":1252105728,"DateSort2":1252480000,"DateModifier1":0,"DateModifier2":0}',62,1,NULL);
INSERT INTO ChangeCommand VALUES(193,5,'{"ID":1,"UpdateDate":1599006669}','{"ID":1,"UpdateDate":1599006675}',62,2,NULL);
INSERT INTO ChangeCommand VALUES(194,2,'{"UpdateDate":1599006675,"ID":19,"Text":"\"Bet. 03 Jul 1983–Jul 1985\" between day month year and month year"}','{"UpdateDate":1599006686,"ID":19,"Text":"\"Bet. 03 Jul 1983–03 Jul 1985\" between day month year and day month year"}',63,1,NULL);
INSERT INTO ChangeCommand VALUES(195,5,'{"ID":1,"UpdateDate":1599006675}','{"ID":1,"UpdateDate":1599006686}',63,2,NULL);
INSERT INTO ChangeCommand VALUES(196,2,'{}','{"ID":20,"LinkID":1,"LinkTableID":5,"FactTypeID":67,"Private":false,"Preferred":false,"Date":null,"PlaceID":null,"Text":null,"MediaLinkedCounts":0,"SourceLinkedCounts":0,"CreateDate":1599006699,"UpdateDate":1599006699,"Status":null,"DateSort1":null,"DateSort2":null,"DateModifier1":null,"DateModifier2":null,"SyncVersion":1,"UID":""}',64,1,NULL);
INSERT INTO ChangeCommand VALUES(197,5,'{"ID":1,"UpdateDate":1599006686}','{"ID":1,"UpdateDate":1599006699}',64,2,NULL);
INSERT INTO ChangeCommand VALUES(198,5,'{"ID":1,"UpdateDate":1599006699}','{"ID":1,"UpdateDate":1599006699}',64,4,NULL);
INSERT INTO ChangeCommand VALUES(199,2,'{"UpdateDate":1599006699,"ID":20}','{"UpdateDate":1599006699,"ID":20}',64,3,NULL);
INSERT INTO ChangeCommand VALUES(200,2,'{"UpdateDate":1599006699,"ID":20}','{"UpdateDate":1599006699,"ID":20}',64,5,NULL);
INSERT INTO ChangeCommand VALUES(201,5,'{"ID":1,"UpdateDate":1599006699}','{"ID":1,"UpdateDate":1599006699}',64,6,NULL);
INSERT INTO ChangeCommand VALUES(202,2,'{"UpdateDate":1599006699,"ID":20,"Date":null,"DateSort1":null,"DateModifier1":null}','{"UpdateDate":1599006702,"ID":20,"Date":"1252292225","DateSort1":1252292225,"DateModifier1":-1}',65,1,NULL);
INSERT INTO ChangeCommand VALUES(203,5,'{"ID":1,"UpdateDate":1599006699}','{"ID":1,"UpdateDate":1599006702}',65,2,NULL);
INSERT INTO ChangeCommand VALUES(204,2,'{"UpdateDate":1599006702,"ID":20,"Text":null}','{"UpdateDate":1599006710,"ID":20,"Text":"\"Bef. Jul 1984\" before month year"}',66,1,NULL);
INSERT INTO ChangeCommand VALUES(205,5,'{"ID":1,"UpdateDate":1599006702}','{"ID":1,"UpdateDate":1599006710}',66,2,NULL);
INSERT INTO ChangeCommand VALUES(206,2,'{}','{"ID":21,"LinkID":1,"LinkTableID":5,"FactTypeID":67,"Private":false,"Preferred":false,"Date":null,"PlaceID":null,"Text":null,"MediaLinkedCounts":0,"SourceLinkedCounts":0,"CreateDate":1599006727,"UpdateDate":1599006727,"Status":null,"DateSort1":null,"DateSort2":null,"DateModifier1":null,"DateModifier2":null,"SyncVersion":1,"UID":""}',67,1,NULL);
INSERT INTO ChangeCommand VALUES(207,5,'{"ID":1,"UpdateDate":1599006710}','{"ID":1,"UpdateDate":1599006727}',67,2,NULL);
INSERT INTO ChangeCommand VALUES(208,5,'{"ID":1,"UpdateDate":1599006727}','{"ID":1,"UpdateDate":1599006727}',67,4,NULL);
INSERT INTO ChangeCommand VALUES(209,2,'{"UpdateDate":1599006727,"ID":21}','{"UpdateDate":1599006727,"ID":21}',67,3,NULL);
INSERT INTO ChangeCommand VALUES(210,2,'{"UpdateDate":1599006727,"ID":21}','{"UpdateDate":1599006727,"ID":21}',67,5,NULL);
INSERT INTO ChangeCommand VALUES(211,5,'{"ID":1,"UpdateDate":1599006727}','{"ID":1,"UpdateDate":1599006727}',67,6,NULL);
INSERT INTO ChangeCommand VALUES(212,2,'{"UpdateDate":1599006727,"ID":21,"Date":null,"DateSort1":null,"DateModifier1":null}','{"UpdateDate":1599006731,"ID":21,"Date":"1252293121","DateSort1":1252293121,"DateModifier1":-1}',68,1,NULL);
INSERT INTO ChangeCommand VALUES(213,5,'{"ID":1,"UpdateDate":1599006727}','{"ID":1,"UpdateDate":1599006731}',68,2,NULL);
INSERT INTO ChangeCommand VALUES(214,2,'{"UpdateDate":1599006731,"ID":21,"Text":null}','{"UpdateDate":1599006740,"ID":21,"Text":"\"Bef. 03 Jul 1984\" before day month year"}',69,1,NULL);
INSERT INTO ChangeCommand VALUES(215,5,'{"ID":1,"UpdateDate":1599006731}','{"ID":1,"UpdateDate":1599006740}',69,2,NULL);
INSERT INTO ChangeCommand VALUES(216,2,'{}','{"ID":22,"LinkID":1,"LinkTableID":5,"FactTypeID":67,"Private":false,"Preferred":false,"Date":null,"PlaceID":null,"Text":null,"MediaLinkedCounts":0,"SourceLinkedCounts":0,"CreateDate":1599006766,"UpdateDate":1599006766,"Status":null,"DateSort1":null,"DateSort2":null,"DateModifier1":null,"DateModifier2":null,"SyncVersion":1,"UID":""}',70,1,NULL);
INSERT INTO ChangeCommand VALUES(217,5,'{"ID":1,"UpdateDate":1599006740}','{"ID":1,"UpdateDate":1599006766}',70,2,NULL);
INSERT INTO ChangeCommand VALUES(218,5,'{"ID":1,"UpdateDate":1599006766}','{"ID":1,"UpdateDate":1599006766}',70,4,NULL);
INSERT INTO ChangeCommand VALUES(219,2,'{"UpdateDate":1599006766,"ID":22}','{"UpdateDate":1599006766,"ID":22}',70,3,NULL);
INSERT INTO ChangeCommand VALUES(220,2,'{"UpdateDate":1599006766,"ID":22}','{"UpdateDate":1599006766,"ID":22}',70,5,NULL);
INSERT INTO ChangeCommand VALUES(221,2,'{"UpdateDate":1599006766,"ID":22,"Date":null,"DateSort1":null,"DateModifier1":null}','{"UpdateDate":1599006770,"ID":22,"Date":"1252292226","DateSort1":1252292226,"DateModifier1":1}',71,1,NULL);
INSERT INTO ChangeCommand VALUES(222,5,'{"ID":1,"UpdateDate":1599006766}','{"ID":1,"UpdateDate":1599006770}',71,2,NULL);
INSERT INTO ChangeCommand VALUES(223,2,'{"UpdateDate":1599006770,"ID":22,"Text":null}','{"UpdateDate":1599006780,"ID":22,"Text":"\"Aft. Jul 1984\" after month year"}',72,1,NULL);
INSERT INTO ChangeCommand VALUES(224,5,'{"ID":1,"UpdateDate":1599006770}','{"ID":1,"UpdateDate":1599006780}',72,2,NULL);
INSERT INTO ChangeCommand VALUES(225,2,'{}','{"ID":23,"LinkID":1,"LinkTableID":5,"FactTypeID":67,"Private":false,"Preferred":false,"Date":null,"PlaceID":null,"Text":null,"MediaLinkedCounts":0,"SourceLinkedCounts":0,"CreateDate":1599006796,"UpdateDate":1599006796,"Status":null,"DateSort1":null,"DateSort2":null,"DateModifier1":null,"DateModifier2":null,"SyncVersion":1,"UID":""}',73,1,NULL);
INSERT INTO ChangeCommand VALUES(226,5,'{"ID":1,"UpdateDate":1599006780}','{"ID":1,"UpdateDate":1599006796}',73,2,NULL);
INSERT INTO ChangeCommand VALUES(227,5,'{"ID":1,"UpdateDate":1599006796}','{"ID":1,"UpdateDate":1599006796}',73,4,NULL);
INSERT INTO ChangeCommand VALUES(228,2,'{"UpdateDate":1599006796,"ID":23}','{"UpdateDate":1599006796,"ID":23}',73,3,NULL);
INSERT INTO ChangeCommand VALUES(229,2,'{"UpdateDate":1599006796,"ID":23}','{"UpdateDate":1599006796,"ID":23}',73,5,NULL);
INSERT INTO ChangeCommand VALUES(230,5,'{"ID":1,"UpdateDate":1599006796}','{"ID":1,"UpdateDate":1599006796}',73,6,NULL);
INSERT INTO ChangeCommand VALUES(231,2,'{"UpdateDate":1599006796,"ID":23,"Date":null,"DateSort1":null,"DateModifier1":null}','{"UpdateDate":1599006801,"ID":23,"Date":"1252293122","DateSort1":1252293122,"DateModifier1":1}',74,1,NULL);
INSERT INTO ChangeCommand VALUES(232,5,'{"ID":1,"UpdateDate":1599006796}','{"ID":1,"UpdateDate":1599006801}',74,2,NULL);
INSERT INTO ChangeCommand VALUES(233,2,'{"UpdateDate":1599006801,"ID":23,"Text":null}','{"UpdateDate":1599006810,"ID":23,"Text":"\"Aft. 03 Jul 1984\" after day month year"}',75,1,NULL);
INSERT INTO ChangeCommand VALUES(234,5,'{"ID":1,"UpdateDate":1599006801}','{"ID":1,"UpdateDate":1599006810}',75,2,NULL);
INSERT INTO ChangeCommand VALUES(235,2,'{}','{"ID":24,"LinkID":1,"LinkTableID":5,"FactTypeID":67,"Private":false,"Preferred":false,"Date":null,"PlaceID":null,"Text":null,"MediaLinkedCounts":0,"SourceLinkedCounts":0,"CreateDate":1599007173,"UpdateDate":1599007173,"Status":null,"DateSort1":null,"DateSort2":null,"DateModifier1":null,"DateModifier2":null,"SyncVersion":1,"UID":""}',76,1,NULL);
INSERT INTO ChangeCommand VALUES(236,5,'{"ID":1,"UpdateDate":1599006810}','{"ID":1,"UpdateDate":1599007173}',76,2,NULL);
INSERT INTO ChangeCommand VALUES(237,5,'{"ID":1,"UpdateDate":1599007173}','{"ID":1,"UpdateDate":1599007173}',76,4,NULL);
INSERT INTO ChangeCommand VALUES(238,2,'{"UpdateDate":1599007173,"ID":24}','{"UpdateDate":1599007173,"ID":24}',76,3,NULL);
INSERT INTO ChangeCommand VALUES(239,2,'{"UpdateDate":1599007173,"ID":24}','{"UpdateDate":1599007173,"ID":24}',76,5,NULL);
INSERT INTO ChangeCommand VALUES(240,5,'{"ID":1,"UpdateDate":1599007173}','{"ID":1,"UpdateDate":1599007173}',76,6,NULL);
INSERT INTO ChangeCommand VALUES(241,2,'{"UpdateDate":1599007173,"ID":24,"Date":null,"DateSort1":null,"DateModifier1":null}','{"UpdateDate":1599007178,"ID":24,"Date":"2147483665","DateSort1":2147387392,"DateModifier1":0}',77,1,NULL);
INSERT INTO ChangeCommand VALUES(242,5,'{"ID":1,"UpdateDate":1599007173}','{"ID":1,"UpdateDate":1599007178}',77,2,NULL);
INSERT INTO ChangeCommand VALUES(243,2,'{"UpdateDate":1599007178,"ID":24}','{"UpdateDate":1599007183,"ID":24}',78,1,NULL);
INSERT INTO ChangeCommand VALUES(244,5,'{"ID":1,"UpdateDate":1599007178}','{"ID":1,"UpdateDate":1599007183}',78,2,NULL);
INSERT INTO ChangeCommand VALUES(245,2,'{"UpdateDate":1599007183,"ID":24,"Text":null}','{"UpdateDate":1599007192,"ID":24,"Text":"\"Unknown\" unknown"}',79,1,NULL);
INSERT INTO ChangeCommand VALUES(246,5,'{"ID":1,"UpdateDate":1599007183}','{"ID":1,"UpdateDate":1599007192}',79,2,NULL);
INSERT INTO ChangeCommand VALUES(247,2,'{}','{"ID":25,"LinkID":1,"LinkTableID":5,"FactTypeID":67,"Private":false,"Preferred":false,"Date":null,"PlaceID":null,"Text":null,"MediaLinkedCounts":0,"SourceLinkedCounts":0,"CreateDate":1599007371,"UpdateDate":1599007371,"Status":null,"DateSort1":null,"DateSort2":null,"DateModifier1":null,"DateModifier2":null,"SyncVersion":1,"UID":""}',80,1,NULL);
INSERT INTO ChangeCommand VALUES(248,5,'{"ID":1,"UpdateDate":1599007192}','{"ID":1,"UpdateDate":1599007371}',80,2,NULL);
INSERT INTO ChangeCommand VALUES(249,5,'{"ID":1,"UpdateDate":1599007371}','{"ID":1,"UpdateDate":1599007371}',80,4,NULL);
INSERT INTO ChangeCommand VALUES(250,2,'{"UpdateDate":1599007371,"ID":25}','{"UpdateDate":1599007371,"ID":25}',80,3,NULL);
INSERT INTO ChangeCommand VALUES(251,2,'{"UpdateDate":1599007371,"ID":25}','{"UpdateDate":1599007371,"ID":25}',80,5,NULL);
INSERT INTO ChangeCommand VALUES(252,5,'{"ID":1,"UpdateDate":1599007371}','{"ID":1,"UpdateDate":1599007371}',80,6,NULL);
INSERT INTO ChangeCommand VALUES(253,2,'{"UpdateDate":1599007371,"ID":25,"Date":null,"DateSort1":null,"DateModifier1":null}','{"UpdateDate":1599007388,"ID":25,"Date":"1252293376","DateSort1":1252293376,"DateModifier1":0}',81,1,NULL);
INSERT INTO ChangeCommand VALUES(254,5,'{"ID":1,"UpdateDate":1599007371}','{"ID":1,"UpdateDate":1599007388}',81,2,NULL);
INSERT INTO ChangeCommand VALUES(255,2,'{"UpdateDate":1599007388,"ID":25,"Text":null}','{"UpdateDate":1599007397,"ID":25,"Text":"\"Cal. 03 Jul 1984\" calculated"}',82,1,NULL);
INSERT INTO ChangeCommand VALUES(256,5,'{"ID":1,"UpdateDate":1599007388}','{"ID":1,"UpdateDate":1599007397}',82,2,NULL);
INSERT INTO ChangeCommand VALUES(257,2,'{}','{"ID":26,"LinkID":1,"LinkTableID":5,"FactTypeID":67,"Private":false,"Preferred":false,"Date":null,"PlaceID":null,"Text":null,"MediaLinkedCounts":0,"SourceLinkedCounts":0,"CreateDate":1599007404,"UpdateDate":1599007404,"Status":null,"DateSort1":null,"DateSort2":null,"DateModifier1":null,"DateModifier2":null,"SyncVersion":1,"UID":""}',83,1,NULL);
INSERT INTO ChangeCommand VALUES(258,5,'{"ID":1,"UpdateDate":1599007397}','{"ID":1,"UpdateDate":1599007404}',83,2,NULL);
INSERT INTO ChangeCommand VALUES(259,5,'{"ID":1,"UpdateDate":1599007404}','{"ID":1,"UpdateDate":1599007404}',83,4,NULL);
INSERT INTO ChangeCommand VALUES(260,2,'{"UpdateDate":1599007404,"ID":26}','{"UpdateDate":1599007404,"ID":26}',83,3,NULL);
INSERT INTO ChangeCommand VALUES(261,2,'{"UpdateDate":1599007404,"ID":26}','{"UpdateDate":1599007404,"ID":26}',83,5,NULL);
INSERT INTO ChangeCommand VALUES(262,2,'{"UpdateDate":1599007404,"ID":26,"Date":null,"DateSort1":null,"DateModifier1":null}','{"UpdateDate":1599007418,"ID":26,"Date":"3 invalid format","DateSort1":2147387392,"DateModifier1":0}',84,1,NULL);
INSERT INTO ChangeCommand VALUES(263,5,'{"ID":1,"UpdateDate":1599007404}','{"ID":1,"UpdateDate":1599007418}',84,2,NULL);
INSERT INTO ChangeCommand VALUES(264,2,'{"UpdateDate":1599007418,"ID":26,"Text":null}','{"UpdateDate":1599007427,"ID":26,"Text":"\"3 invalid format\" invalid"}',85,1,NULL);
INSERT INTO ChangeCommand VALUES(265,5,'{"ID":1,"UpdateDate":1599007418}','{"ID":1,"UpdateDate":1599007427}',85,2,NULL);
INSERT INTO ChangeCommand VALUES(266,2,'{}','{"ID":27,"LinkID":1,"LinkTableID":5,"FactTypeID":67,"Private":false,"Preferred":false,"Date":null,"PlaceID":null,"Text":null,"MediaLinkedCounts":0,"SourceLinkedCounts":0,"CreateDate":1599008148,"UpdateDate":1599008148,"Status":null,"DateSort1":null,"DateSort2":null,"DateModifier1":null,"DateModifier2":null,"SyncVersion":1,"UID":""}',86,1,NULL);
INSERT INTO ChangeCommand VALUES(267,5,'{"ID":1,"UpdateDate":1599007427}','{"ID":1,"UpdateDate":1599008148}',86,2,NULL);
INSERT INTO ChangeCommand VALUES(268,2,'{"UpdateDate":1599008148,"ID":27}','{"UpdateDate":1599008148,"ID":27}',86,3,NULL);
INSERT INTO ChangeCommand VALUES(269,2,'{"UpdateDate":1599008148,"ID":27}','{"UpdateDate":1599008148,"ID":27}',86,4,NULL);
INSERT INTO ChangeCommand VALUES(270,5,'{"ID":1,"UpdateDate":1599008148}','{"ID":1,"UpdateDate":1599008148}',86,5,NULL);
INSERT INTO ChangeCommand VALUES(271,2,'{"UpdateDate":1599008148,"ID":27,"Date":null,"DateSort1":null,"DateModifier1":null}','{"UpdateDate":1599008150,"ID":27,"Date":"113696","DateSort1":2147294720,"DateModifier1":0}',87,1,NULL);
INSERT INTO ChangeCommand VALUES(272,5,'{"ID":1,"UpdateDate":1599008148}','{"ID":1,"UpdateDate":1599008150}',87,2,NULL);
INSERT INTO ChangeCommand VALUES(273,2,'{"UpdateDate":1599008150,"ID":27,"Text":null}','{"UpdateDate":1599008165,"ID":27,"Text":"\"03 Jul\" day month"}',88,1,NULL);
INSERT INTO ChangeCommand VALUES(274,5,'{"ID":1,"UpdateDate":1599008150}','{"ID":1,"UpdateDate":1599008165}',88,2,NULL);
INSERT INTO ChangeCommand VALUES(275,2,'{}','{"ID":28,"LinkID":1,"LinkTableID":5,"FactTypeID":67,"Private":false,"Preferred":false,"Date":null,"PlaceID":null,"Text":null,"MediaLinkedCounts":0,"SourceLinkedCounts":0,"CreateDate":1599008173,"UpdateDate":1599008173,"Status":null,"DateSort1":null,"DateSort2":null,"DateModifier1":null,"DateModifier2":null,"SyncVersion":1,"UID":""}',89,1,NULL);
INSERT INTO ChangeCommand VALUES(276,5,'{"ID":1,"UpdateDate":1599008165}','{"ID":1,"UpdateDate":1599008173}',89,2,NULL);
INSERT INTO ChangeCommand VALUES(277,5,'{"ID":1,"UpdateDate":1599008173}','{"ID":1,"UpdateDate":1599008173}',89,4,NULL);
INSERT INTO ChangeCommand VALUES(278,2,'{"UpdateDate":1599008173,"ID":28}','{"UpdateDate":1599008173,"ID":28}',89,3,NULL);
INSERT INTO ChangeCommand VALUES(279,2,'{"UpdateDate":1599008173,"ID":28}','{"UpdateDate":1599008173,"ID":28}',89,5,NULL);
INSERT INTO ChangeCommand VALUES(280,5,'{"ID":1,"UpdateDate":1599008173}','{"ID":1,"UpdateDate":1599008173}',89,6,NULL);
INSERT INTO ChangeCommand VALUES(281,2,'{"UpdateDate":1599008173,"ID":28,"Date":null,"DateSort1":null,"DateModifier1":null}','{"UpdateDate":1599008178,"ID":28,"Date":"881744064","DateSort1":881744064,"DateModifier1":0}',90,1,NULL);
INSERT INTO ChangeCommand VALUES(282,5,'{"ID":1,"UpdateDate":1599008173}','{"ID":1,"UpdateDate":1599008178}',90,2,NULL);
INSERT INTO ChangeCommand VALUES(283,2,'{"UpdateDate":1599008178,"ID":28}','{"UpdateDate":1599008186,"ID":28}',91,1,NULL);
INSERT INTO ChangeCommand VALUES(284,5,'{"ID":1,"UpdateDate":1599008178}','{"ID":1,"UpdateDate":1599008186}',91,2,NULL);
INSERT INTO ChangeCommand VALUES(285,2,'{"UpdateDate":1599008186,"ID":28,"Text":null}','{"UpdateDate":1599008206,"ID":28,"Text":"\"3 AD\" year era"}',92,1,NULL);
INSERT INTO ChangeCommand VALUES(286,5,'{"ID":1,"UpdateDate":1599008186}','{"ID":1,"UpdateDate":1599008206}',92,2,NULL);
INSERT INTO ChangeCommand VALUES(287,2,'{}','{"ID":29,"LinkID":1,"LinkTableID":5,"FactTypeID":67,"Private":false,"Preferred":false,"Date":null,"PlaceID":null,"Text":null,"MediaLinkedCounts":0,"SourceLinkedCounts":0,"CreateDate":1599008218,"UpdateDate":1599008218,"Status":null,"DateSort1":null,"DateSort2":null,"DateModifier1":null,"DateModifier2":null,"SyncVersion":1,"UID":""}',93,1,NULL);
INSERT INTO ChangeCommand VALUES(288,5,'{"ID":1,"UpdateDate":1599008206}','{"ID":1,"UpdateDate":1599008218}',93,2,NULL);
INSERT INTO ChangeCommand VALUES(289,2,'{"UpdateDate":1599008218,"ID":29}','{"UpdateDate":1599008218,"ID":29}',93,3,NULL);
INSERT INTO ChangeCommand VALUES(290,5,'{"ID":1,"UpdateDate":1599008218}','{"ID":1,"UpdateDate":1599008218}',93,4,NULL);
INSERT INTO ChangeCommand VALUES(291,2,'{"UpdateDate":1599008218,"ID":29,"Date":null,"DateSort1":null,"DateModifier1":null}','{"UpdateDate":1599008222,"ID":29,"Date":"880809152","DateSort1":880809152,"DateModifier1":0}',94,1,NULL);
INSERT INTO ChangeCommand VALUES(292,5,'{"ID":1,"UpdateDate":1599008218}','{"ID":1,"UpdateDate":1599008222}',94,2,NULL);
INSERT INTO ChangeCommand VALUES(293,2,'{"UpdateDate":1599008222,"ID":29,"Text":null}','{"UpdateDate":1599008231,"ID":29,"Text":"\"3 BC\" year era"}',95,1,NULL);
INSERT INTO ChangeCommand VALUES(294,5,'{"ID":1,"UpdateDate":1599008222}','{"ID":1,"UpdateDate":1599008231}',95,2,NULL);
INSERT INTO ChangeCommand VALUES(295,2,'{}','{"ID":30,"LinkID":1,"LinkTableID":5,"FactTypeID":67,"Private":false,"Preferred":false,"Date":null,"PlaceID":null,"Text":null,"MediaLinkedCounts":0,"SourceLinkedCounts":0,"CreateDate":1599008259,"UpdateDate":1599008259,"Status":null,"DateSort1":null,"DateSort2":null,"DateModifier1":null,"DateModifier2":null,"SyncVersion":1,"UID":""}',96,1,NULL);
INSERT INTO ChangeCommand VALUES(296,5,'{"ID":1,"UpdateDate":1599008231}','{"ID":1,"UpdateDate":1599008259}',96,2,NULL);
INSERT INTO ChangeCommand VALUES(297,5,'{"ID":1,"UpdateDate":1599008259}','{"ID":1,"UpdateDate":1599008259}',96,4,NULL);
INSERT INTO ChangeCommand VALUES(298,2,'{"UpdateDate":1599008259,"ID":30}','{"UpdateDate":1599008259,"ID":30}',96,3,NULL);
INSERT INTO ChangeCommand VALUES(299,2,'{"UpdateDate":1599008259,"ID":30}','{"UpdateDate":1599008259,"ID":30}',96,5,NULL);
INSERT INTO ChangeCommand VALUES(300,5,'{"ID":1,"UpdateDate":1599008259}','{"ID":1,"UpdateDate":1599008259}',96,6,NULL);
INSERT INTO ChangeCommand VALUES(301,2,'{"UpdateDate":1599008259,"ID":30,"Date":null,"DateSort1":null,"DateModifier1":null}','{"UpdateDate":1599008270,"ID":30,"Date":"1199120896","DateSort1":1199120896,"DateModifier1":0}',97,1,NULL);
INSERT INTO ChangeCommand VALUES(302,5,'{"ID":1,"UpdateDate":1599008259}','{"ID":1,"UpdateDate":1599008270}',97,2,NULL);
INSERT INTO ChangeCommand VALUES(303,2,'{"UpdateDate":1599008270,"ID":30,"Date":"1199120896","DateSort1":1199120896}','{"UpdateDate":1599008282,"ID":30,"Date":"1199307792","DateSort1":1199307792}',98,1,NULL);
INSERT INTO ChangeCommand VALUES(304,5,'{"ID":1,"UpdateDate":1599008270}','{"ID":1,"UpdateDate":1599008282}',98,2,NULL);
INSERT INTO ChangeCommand VALUES(305,2,'{"UpdateDate":1599008282,"ID":30,"Text":null}','{"UpdateDate":1599008298,"ID":30,"Text":"\"02 Mar 1700/01\" day month dual-year"}',99,1,NULL);
INSERT INTO ChangeCommand VALUES(306,5,'{"ID":1,"UpdateDate":1599008282}','{"ID":1,"UpdateDate":1599008298}',99,2,NULL);
INSERT INTO ChangeCommand VALUES(307,2,'{}','{"ID":31,"LinkID":1,"LinkTableID":5,"FactTypeID":67,"Private":false,"Preferred":false,"Date":null,"PlaceID":null,"Text":null,"MediaLinkedCounts":0,"SourceLinkedCounts":0,"CreateDate":1599008312,"UpdateDate":1599008312,"Status":null,"DateSort1":null,"DateSort2":null,"DateModifier1":null,"DateModifier2":null,"SyncVersion":1,"UID":""}',100,1,NULL);
INSERT INTO ChangeCommand VALUES(308,5,'{"ID":1,"UpdateDate":1599008298}','{"ID":1,"UpdateDate":1599008312}',100,2,NULL);
INSERT INTO ChangeCommand VALUES(309,5,'{"ID":1,"UpdateDate":1599008312}','{"ID":1,"UpdateDate":1599008312}',100,4,NULL);
INSERT INTO ChangeCommand VALUES(310,2,'{"UpdateDate":1599008312,"ID":31}','{"UpdateDate":1599008312,"ID":31}',100,3,NULL);
INSERT INTO ChangeCommand VALUES(311,2,'{"UpdateDate":1599008312,"ID":31}','{"UpdateDate":1599008312,"ID":31}',100,5,NULL);
INSERT INTO ChangeCommand VALUES(312,5,'{"ID":1,"UpdateDate":1599008312}','{"ID":1,"UpdateDate":1599008312}',100,6,NULL);
INSERT INTO ChangeCommand VALUES(313,2,'{"UpdateDate":1599008312,"ID":31,"Date":null,"DateSort1":null,"DateSort2":null,"DateModifier1":null,"DateModifier2":null}','{"UpdateDate":1599008548,"ID":31,"Date":"1252012224:1252386496","DateSort1":1252012224,"DateSort2":1252386496,"DateModifier1":0,"DateModifier2":0}',101,1,NULL);
INSERT INTO ChangeCommand VALUES(314,5,'{"ID":1,"UpdateDate":1599008312}','{"ID":1,"UpdateDate":1599008548}',101,2,NULL);
INSERT INTO ChangeCommand VALUES(315,2,'{"UpdateDate":1599008548,"ID":31,"Date":"1252012224:1252386496","DateSort1":1252012224,"DateSort2":1252386496,"DateModifier1":0,"DateModifier2":0}','{"UpdateDate":1599009512,"ID":31,"Date":"1252199107","DateSort1":1252199107,"DateSort2":null,"DateModifier1":-1,"DateModifier2":null}',102,1,NULL);
INSERT INTO ChangeCommand VALUES(316,5,'{"ID":1,"UpdateDate":1599008548}','{"ID":1,"UpdateDate":1599009512}',102,2,NULL);
INSERT INTO ChangeCommand VALUES(317,2,'{"LinkID":1,"LinkTableID":5,"FactTypeID":67,"Preferred":false,"Private":false,"MediaLinkedCounts":0,"SourceLinkedCounts":0,"SyncVersion":1,"CreateDate":1599008312,"UpdateDate":1599009512,"UID":"","ID":31,"Date":"1252199107","PlaceID":null,"Text":null,"Status":null,"DateSort1":1252199107,"DateSort2":null,"DateModifier1":-1,"DateModifier2":null}','{}',103,2,NULL);
INSERT INTO ChangeCommand VALUES(318,5,'{"ID":1,"UpdateDate":1599009512}','{"ID":1,"UpdateDate":1599009528}',103,1,NULL);
INSERT INTO ChangeCommand VALUES(319,2,'{}','{"ID":32,"LinkID":1,"LinkTableID":5,"FactTypeID":67,"Private":false,"Preferred":false,"Date":null,"PlaceID":null,"Text":null,"MediaLinkedCounts":0,"SourceLinkedCounts":0,"CreateDate":1599009547,"UpdateDate":1599009547,"Status":null,"DateSort1":null,"DateSort2":null,"DateModifier1":null,"DateModifier2":null,"SyncVersion":1,"UID":""}',104,1,NULL);
INSERT INTO ChangeCommand VALUES(320,5,'{"ID":1,"UpdateDate":1599009528}','{"ID":1,"UpdateDate":1599009547}',104,2,NULL);
INSERT INTO ChangeCommand VALUES(321,5,'{"ID":1,"UpdateDate":1599009547}','{"ID":1,"UpdateDate":1599009547}',104,4,NULL);
INSERT INTO ChangeCommand VALUES(322,2,'{"UpdateDate":1599009547,"ID":32}','{"UpdateDate":1599009547,"ID":32}',104,3,NULL);
INSERT INTO ChangeCommand VALUES(323,2,'{"UpdateDate":1599009547,"ID":32}','{"UpdateDate":1599009547,"ID":32}',104,5,NULL);
INSERT INTO ChangeCommand VALUES(324,2,'{"UpdateDate":1599009547,"ID":32,"Date":null,"DateSort1":null,"DateModifier1":null}','{"UpdateDate":1599009549,"ID":32,"Date":"97440","DateSort1":2147278464,"DateModifier1":0}',105,1,NULL);
INSERT INTO ChangeCommand VALUES(325,5,'{"ID":1,"UpdateDate":1599009547}','{"ID":1,"UpdateDate":1599009549}',105,2,NULL);
INSERT INTO ChangeCommand VALUES(326,2,'{"UpdateDate":1599009549,"ID":32,"Text":null}','{"UpdateDate":1599009557,"ID":32,"Text":"\"Jun\" month"}',106,1,NULL);
INSERT INTO ChangeCommand VALUES(327,5,'{"ID":1,"UpdateDate":1599009549}','{"ID":1,"UpdateDate":1599009557}',106,2,NULL);
INSERT INTO ChangeCommand VALUES(328,2,'{"UpdateDate":1599009557,"ID":32,"Date":"97440","DateSort1":2147278464}','{"UpdateDate":1599009564,"ID":32,"Date":"112800","DateSort1":2147293824}',107,1,NULL);
INSERT INTO ChangeCommand VALUES(329,5,'{"ID":1,"UpdateDate":1599009557}','{"ID":1,"UpdateDate":1599009564}',107,2,NULL);
INSERT INTO ChangeCommand VALUES(330,2,'{"UpdateDate":1599009564,"ID":32,"Text":"\"Jun\" month"}','{"UpdateDate":1599009567,"ID":32,"Text":"\"Jul\" month"}',108,1,NULL);
INSERT INTO ChangeCommand VALUES(331,5,'{"ID":1,"UpdateDate":1599009564}','{"ID":1,"UpdateDate":1599009567}',108,2,NULL);
INSERT INTO ChangeCommand VALUES(332,2,'{}','{"ID":33,"LinkID":1,"LinkTableID":5,"FactTypeID":67,"Private":false,"Preferred":false,"Date":null,"PlaceID":null,"Text":null,"MediaLinkedCounts":0,"SourceLinkedCounts":0,"CreateDate":1599009619,"UpdateDate":1599009619,"Status":null,"DateSort1":null,"DateSort2":null,"DateModifier1":null,"DateModifier2":null,"SyncVersion":1,"UID":""}',109,1,NULL);
INSERT INTO ChangeCommand VALUES(333,5,'{"ID":1,"UpdateDate":1599009567}','{"ID":1,"UpdateDate":1599009619}',109,2,NULL);
INSERT INTO ChangeCommand VALUES(334,5,'{"ID":1,"UpdateDate":1599009619}','{"ID":1,"UpdateDate":1599009619}',109,4,NULL);
INSERT INTO ChangeCommand VALUES(335,2,'{"UpdateDate":1599009619,"ID":33}','{"UpdateDate":1599009619,"ID":33}',109,3,NULL);
INSERT INTO ChangeCommand VALUES(336,2,'{"UpdateDate":1599009619,"ID":33}','{"UpdateDate":1599009619,"ID":33}',109,5,NULL);
INSERT INTO ChangeCommand VALUES(337,5,'{"ID":1,"UpdateDate":1599009619}','{"ID":1,"UpdateDate":1599009619}',109,6,NULL);
INSERT INTO ChangeCommand VALUES(338,2,'{"UpdateDate":1599009619,"ID":33,"Text":null}','{"UpdateDate":1599009637,"ID":33,"Text":"\"\" no date"}',110,1,NULL);
INSERT INTO ChangeCommand VALUES(339,5,'{"ID":1,"UpdateDate":1599009619}','{"ID":1,"UpdateDate":1599009637}',110,2,NULL);
INSERT INTO ChangeCommand VALUES(340,2,'{}','{"ID":34,"LinkID":1,"LinkTableID":5,"FactTypeID":67,"Private":false,"Preferred":false,"Date":null,"PlaceID":null,"Text":null,"MediaLinkedCounts":0,"SourceLinkedCounts":0,"CreateDate":1599009651,"UpdateDate":1599009651,"Status":null,"DateSort1":null,"DateSort2":null,"DateModifier1":null,"DateModifier2":null,"SyncVersion":1,"UID":""}',111,1,NULL);
INSERT INTO ChangeCommand VALUES(341,5,'{"ID":1,"UpdateDate":1599009637}','{"ID":1,"UpdateDate":1599009651}',111,2,NULL);
INSERT INTO ChangeCommand VALUES(342,5,'{"ID":1,"UpdateDate":1599009651}','{"ID":1,"UpdateDate":1599009651}',111,4,NULL);
INSERT INTO ChangeCommand VALUES(343,2,'{"UpdateDate":1599009651,"ID":34}','{"UpdateDate":1599009651,"ID":34}',111,3,NULL);
INSERT INTO ChangeCommand VALUES(344,2,'{"UpdateDate":1599009651,"ID":34}','{"UpdateDate":1599009651,"ID":34}',111,5,NULL);
INSERT INTO ChangeCommand VALUES(345,5,'{"ID":1,"UpdateDate":1599009651}','{"ID":1,"UpdateDate":1599009651}',111,6,NULL);
INSERT INTO ChangeCommand VALUES(346,2,'{"LinkID":1,"LinkTableID":5,"FactTypeID":67,"Preferred":false,"Private":false,"MediaLinkedCounts":0,"SourceLinkedCounts":0,"SyncVersion":1,"CreateDate":1599009651,"UpdateDate":1599009651,"UID":"","ID":34,"Date":null,"PlaceID":null,"Text":null,"Status":null,"DateSort1":null,"DateSort2":null,"DateModifier1":null,"DateModifier2":null}','{}',112,2,NULL);
INSERT INTO ChangeCommand VALUES(347,5,'{"ID":1,"UpdateDate":1599009651}','{"ID":1,"UpdateDate":1599009678}',112,1,NULL);
INSERT INTO ChangeCommand VALUES(348,2,'{}','{"ID":35,"LinkID":1,"LinkTableID":5,"FactTypeID":67,"Private":false,"Preferred":false,"Date":null,"PlaceID":null,"Text":null,"MediaLinkedCounts":0,"SourceLinkedCounts":0,"CreateDate":1599273434,"UpdateDate":1599273434,"Status":null,"DateSort1":null,"DateSort2":null,"DateModifier1":null,"DateModifier2":null,"SyncVersion":1,"UID":""}',113,1,NULL);
INSERT INTO ChangeCommand VALUES(349,5,'{"ID":1,"UpdateDate":1599009678,"SyncVersion":1}','{"ID":1,"UpdateDate":1599273434,"SyncVersion":1}',113,2,NULL);
INSERT INTO ChangeCommand VALUES(350,5,'{"ID":1,"UpdateDate":1599273434}','{"ID":1,"UpdateDate":1599273434}',113,4,NULL);
INSERT INTO ChangeCommand VALUES(351,2,'{"UpdateDate":1599273434,"ID":35}','{"UpdateDate":1599273434,"ID":35}',113,3,NULL);
INSERT INTO ChangeCommand VALUES(352,2,'{"UpdateDate":1599273434,"ID":35}','{"UpdateDate":1599273434,"ID":35}',113,5,NULL);
INSERT INTO ChangeCommand VALUES(353,5,'{"ID":1,"UpdateDate":1599273434}','{"ID":1,"UpdateDate":1599273434}',113,6,NULL);
INSERT INTO ChangeCommand VALUES(354,2,'{"UpdateDate":1599273434,"ID":35,"Date":null,"DateSort1":null,"DateModifier1":null}','{"UpdateDate":1599273440,"ID":35,"Date":"1255004608","DateSort1":1255004608,"DateModifier1":0}',114,1,NULL);
INSERT INTO ChangeCommand VALUES(355,5,'{"ID":1,"UpdateDate":1599273434}','{"ID":1,"UpdateDate":1599273440}',114,2,NULL);
INSERT INTO ChangeCommand VALUES(356,2,'{"UpdateDate":1599273440,"ID":35,"Date":"1255004608","DateSort1":1255004608,"DateSort2":null,"DateModifier2":null}','{"UpdateDate":1599273462,"ID":35,"Date":"1252012224:1252386496","DateSort1":1252012224,"DateSort2":1252386496,"DateModifier2":0}',115,1,NULL);
INSERT INTO ChangeCommand VALUES(357,5,'{"ID":1,"UpdateDate":1599273440}','{"ID":1,"UpdateDate":1599273462}',115,2,NULL);
INSERT INTO ChangeCommand VALUES(358,2,'{"UpdateDate":1599273462,"ID":35}','{"UpdateDate":1599273467,"ID":35}',116,1,NULL);
INSERT INTO ChangeCommand VALUES(359,5,'{"ID":1,"UpdateDate":1599273462}','{"ID":1,"UpdateDate":1599273467}',116,2,NULL);
INSERT INTO ChangeCommand VALUES(360,2,'{"UpdateDate":1599273467,"ID":35}','{"UpdateDate":1599273472,"ID":35}',117,1,NULL);
INSERT INTO ChangeCommand VALUES(361,5,'{"ID":1,"UpdateDate":1599273467}','{"ID":1,"UpdateDate":1599273472}',117,2,NULL);
INSERT INTO ChangeCommand VALUES(362,2,'{"UpdateDate":1599273472,"ID":35}','{"UpdateDate":1599273478,"ID":35}',118,1,NULL);
INSERT INTO ChangeCommand VALUES(363,5,'{"ID":1,"UpdateDate":1599273472}','{"ID":1,"UpdateDate":1599273478}',118,2,NULL);
INSERT INTO ChangeCommand VALUES(364,2,'{"UpdateDate":1599273478,"ID":35}','{"UpdateDate":1599273481,"ID":35}',119,1,NULL);
INSERT INTO ChangeCommand VALUES(365,5,'{"ID":1,"UpdateDate":1599273478}','{"ID":1,"UpdateDate":1599273481}',119,2,NULL);
INSERT INTO ChangeCommand VALUES(366,2,'{"UpdateDate":1599273481,"ID":35,"Date":"1252012224:1252386496","DateSort2":1252386496}','{"UpdateDate":1599273484,"ID":35,"Date":"1252012224:1252573376","DateSort2":1252573376}',120,1,NULL);
INSERT INTO ChangeCommand VALUES(367,5,'{"ID":1,"UpdateDate":1599273481}','{"ID":1,"UpdateDate":1599273484}',120,2,NULL);
INSERT INTO ChangeCommand VALUES(368,2,'{"UpdateDate":1599273484,"ID":35,"Date":"1252012224:1252573376","DateSort1":1252012224,"DateSort2":1252573376,"DateModifier2":0}','{"UpdateDate":1599273590,"ID":35,"Date":"187904","DateSort1":187904,"DateSort2":null,"DateModifier2":null}',121,1,NULL);
INSERT INTO ChangeCommand VALUES(369,5,'{"ID":1,"UpdateDate":1599273484}','{"ID":1,"UpdateDate":1599273590}',121,2,NULL);
INSERT INTO ChangeCommand VALUES(370,2,'{"UpdateDate":1599273590,"ID":35,"Date":"187904","DateSort1":187904}','{"UpdateDate":1599273599,"ID":35,"Date":"19456","DateSort1":19456}',122,1,NULL);
INSERT INTO ChangeCommand VALUES(371,5,'{"ID":1,"UpdateDate":1599273590}','{"ID":1,"UpdateDate":1599273599}',122,2,NULL);
INSERT INTO ChangeCommand VALUES(372,2,'{"UpdateDate":1599273599,"ID":35,"Date":"19456","DateSort1":19456}','{"UpdateDate":1599273724,"ID":35,"Date":"1762533376","DateSort1":1762533376}',123,1,NULL);
INSERT INTO ChangeCommand VALUES(373,5,'{"ID":1,"UpdateDate":1599273599}','{"ID":1,"UpdateDate":1599273724}',123,2,NULL);
INSERT INTO ChangeCommand VALUES(374,2,'{"UpdateDate":1599273724,"ID":35,"Date":"1762533376","DateSort1":1762533376}','{"UpdateDate":1599273737,"ID":35,"Date":"1816203776","DateSort1":1816203776}',124,1,NULL);
INSERT INTO ChangeCommand VALUES(375,5,'{"ID":1,"UpdateDate":1599273724}','{"ID":1,"UpdateDate":1599273737}',124,2,NULL);
INSERT INTO ChangeCommand VALUES(376,2,'{"UpdateDate":1599273737,"ID":35,"Date":"1816203776","DateSort1":1816203776}','{"UpdateDate":1599273751,"ID":35,"Date":"2003207680","DateSort1":2003207680}',125,1,NULL);
INSERT INTO ChangeCommand VALUES(377,5,'{"ID":1,"UpdateDate":1599273737}','{"ID":1,"UpdateDate":1599273751}',125,2,NULL);
INSERT INTO ChangeCommand VALUES(378,2,'{"UpdateDate":1599273751,"ID":35}','{"UpdateDate":1599273789,"ID":35}',126,1,NULL);
INSERT INTO ChangeCommand VALUES(379,5,'{"ID":1,"UpdateDate":1599273751}','{"ID":1,"UpdateDate":1599273789}',126,2,NULL);
INSERT INTO ChangeCommand VALUES(380,2,'{"UpdateDate":1599273789,"ID":35,"Date":"2003207680","DateSort1":2003207680}','{"UpdateDate":1599273795,"ID":35,"Date":"2003394560","DateSort1":2003394560}',127,1,NULL);
INSERT INTO ChangeCommand VALUES(381,5,'{"ID":1,"UpdateDate":1599273789}','{"ID":1,"UpdateDate":1599273795}',127,2,NULL);
INSERT INTO ChangeCommand VALUES(382,2,'{}','{"ID":36,"LinkID":1,"LinkTableID":5,"FactTypeID":67,"Private":false,"Preferred":false,"Date":null,"PlaceID":null,"Text":null,"MediaLinkedCounts":0,"SourceLinkedCounts":0,"CreateDate":1599273995,"UpdateDate":1599273995,"Status":null,"DateSort1":null,"DateSort2":null,"DateModifier1":null,"DateModifier2":null,"SyncVersion":1,"UID":""}',128,1,NULL);
INSERT INTO ChangeCommand VALUES(383,5,'{"ID":1,"UpdateDate":1599273795}','{"ID":1,"UpdateDate":1599273995}',128,2,NULL);
INSERT INTO ChangeCommand VALUES(384,5,'{"ID":1,"UpdateDate":1599273995}','{"ID":1,"UpdateDate":1599273995}',128,4,NULL);
INSERT INTO ChangeCommand VALUES(385,2,'{"UpdateDate":1599273995,"ID":36}','{"UpdateDate":1599273995,"ID":36}',128,3,NULL);
INSERT INTO ChangeCommand VALUES(386,5,'{"ID":1,"UpdateDate":1599273995}','{"ID":1,"UpdateDate":1599273995}',128,5,NULL);
INSERT INTO ChangeCommand VALUES(387,2,'{"UpdateDate":1599273995,"ID":36,"Date":null,"DateSort1":null,"DateModifier1":null}','{"UpdateDate":1599274000,"ID":36,"Date":"19456","DateSort1":19456,"DateModifier1":0}',129,1,NULL);
INSERT INTO ChangeCommand VALUES(388,5,'{"ID":1,"UpdateDate":1599273995}','{"ID":1,"UpdateDate":1599274000}',129,2,NULL);
INSERT INTO ChangeCommand VALUES(389,5,'{}','{"ID":2,"PersonGUID":"base64:rcnZ2MmRWke92dp3KFUeJw==","Private":false,"NameFactID":null,"Sex":"2","SexFactID":null,"BirthDate":null,"BirthPlace":null,"BirthPlaceID":null,"BirthFactID":null,"DeathDate":null,"DeathPlace":null,"DeathPlaceID":null,"DeathFactID":null,"MarriageDate":null,"MarriagePlace":null,"MarriagePlaceID":null,"MarriageFactID":null,"PreferredRelID":null,"PreferredMediaFileID":null,"MediaLinkedCounts":0,"LinkedCounts":0,"Sequence":0,"CreateDate":1599274149,"UpdateDate":1599274149,"Title":null,"GivenName":null,"FamilyName":null,"NameSuffix":null,"FullName":null,"FullNameReversed":"","BirthDateSort1":null,"BirthDateSort2":null,"BirthDateModifier1":null,"BirthDateModifier2":null,"BirthDateYear":null,"DeathDateSort1":null,"DeathDateSort2":null,"DeathDateModifier1":null,"DeathDateModifier2":null,"DeathDateYear":null,"MarriageDateSort1":null,"MarriageDateSort2":null,"MarriageDateModifier1":null,"MarriageDateModifier2":null,"MarriageDateYear":null,"SyncVersion":1,"UID":"","PreferredMediaFileCrop":null}',130,1,NULL);
INSERT INTO ChangeCommand VALUES(390,2,'{}','{"ID":37,"LinkID":2,"LinkTableID":5,"FactTypeID":1,"Private":false,"Preferred":false,"Date":null,"PlaceID":null,"Text":null,"MediaLinkedCounts":0,"SourceLinkedCounts":0,"CreateDate":1599274149,"UpdateDate":1599274149,"Status":null,"DateSort1":null,"DateSort2":null,"DateModifier1":null,"DateModifier2":null,"SyncVersion":1,"UID":""}',130,2,NULL);
INSERT INTO ChangeCommand VALUES(391,5,'{"UpdateDate":1599274149,"ID":2}','{"UpdateDate":1599274149,"ID":2}',130,3,NULL);
INSERT INTO ChangeCommand VALUES(392,5,'{"UpdateDate":1599274149,"ID":2,"Title":null}','{"UpdateDate":1599274149,"ID":2,"Title":"Places, Test"}',130,5,NULL);
INSERT INTO ChangeCommand VALUES(393,2,'{"UpdateDate":1599274149,"ID":37,"Text":null}','{"UpdateDate":1599274149,"ID":37,"Text":"Test /Places/"}',130,4,NULL);
INSERT INTO ChangeCommand VALUES(394,2,'{"UpdateDate":1599274149,"ID":37}','{"UpdateDate":1599274149,"ID":37}',130,6,NULL);
INSERT INTO ChangeCommand VALUES(395,5,'{"UpdateDate":1599274149,"ID":2}','{"UpdateDate":1599274149,"ID":2}',130,7,NULL);
INSERT INTO ChangeCommand VALUES(396,5,'{"UpdateDate":1599274149,"FullNameReversed":"","ID":2,"NameFactID":null,"Title":"Places, Test","GivenName":null,"FamilyName":null,"NameSuffix":null,"FullName":null}','{"UpdateDate":1599274149,"FullNameReversed":"Places, Test","ID":2,"NameFactID":37,"Title":"Test /Places/","GivenName":"Test","FamilyName":"Places","NameSuffix":"","FullName":"Test Places"}',130,8,NULL);
INSERT INTO ChangeCommand VALUES(397,2,'{}','{"ID":38,"LinkID":2,"LinkTableID":5,"FactTypeID":48,"Private":false,"Preferred":false,"Date":null,"PlaceID":null,"Text":null,"MediaLinkedCounts":0,"SourceLinkedCounts":0,"CreateDate":1599274149,"UpdateDate":1599274149,"Status":null,"DateSort1":null,"DateSort2":null,"DateModifier1":null,"DateModifier2":null,"SyncVersion":1,"UID":""}',130,11,NULL);
INSERT INTO ChangeCommand VALUES(398,5,'{"UpdateDate":1599274149,"ID":2}','{"UpdateDate":1599274149,"ID":2}',130,10,NULL);
INSERT INTO ChangeCommand VALUES(399,5,'{"UpdateDate":1599274149,"ID":2}','{"UpdateDate":1599274149,"ID":2}',130,12,NULL);
INSERT INTO ChangeCommand VALUES(400,2,'{"Preferred":false,"UpdateDate":1599274149,"ID":37}','{"Preferred":true,"UpdateDate":1599274149,"ID":37}',130,9,NULL);
INSERT INTO ChangeCommand VALUES(401,2,'{"UpdateDate":1599274149,"ID":38,"Text":null}','{"UpdateDate":1599274149,"ID":38,"Text":"0"}',130,13,NULL);
INSERT INTO ChangeCommand VALUES(402,2,'{"UpdateDate":1599274149,"ID":38}','{"UpdateDate":1599274149,"ID":38}',130,14,NULL);
INSERT INTO ChangeCommand VALUES(403,5,'{"UpdateDate":1599274149,"ID":2}','{"UpdateDate":1599274149,"ID":2}',130,15,NULL);
INSERT INTO ChangeCommand VALUES(404,5,'{"Sex":"2","UpdateDate":1599274149,"ID":2,"SexFactID":null}','{"Sex":"0","UpdateDate":1599274149,"ID":2,"SexFactID":38}',130,16,NULL);
INSERT INTO ChangeCommand VALUES(405,5,'{"UpdateDate":1599274149,"ID":2}','{"UpdateDate":1599274149,"ID":2}',130,18,NULL);
INSERT INTO ChangeCommand VALUES(406,7,'{}','{"ID":1,"Person1ID":null,"Person2ID":null,"RelType":0,"Status":0,"Nature":0,"Order1":0,"Order2":0,"Private":false,"CreateDate":1599274149,"UpdateDate":1599274149,"SyncVersion":1,"UID":""}',130,19,NULL);
INSERT INTO ChangeCommand VALUES(407,7,'{"Status":0,"Nature":0,"UpdateDate":1599274149,"ID":1}','{"Status":1,"Nature":7,"UpdateDate":1599274149,"ID":1}',130,20,NULL);
INSERT INTO ChangeCommand VALUES(408,1,'{}','{"ID":1,"PersonID":1,"RelationshipID":1,"Nature1":0,"Nature2":0,"ChildOrder":0,"Private":false,"Preferred":false,"CreateDate":1599274149,"UpdateDate":1599274149,"SyncVersion":1,"UID":""}',130,21,NULL);
INSERT INTO ChangeCommand VALUES(409,1,'{"UpdateDate":1599274149,"ID":1}','{"UpdateDate":1599274149,"ID":1}',130,24,NULL);
INSERT INTO ChangeCommand VALUES(410,5,'{"ID":1,"UpdateDate":1599274000}','{"ID":1,"UpdateDate":1599274149}',130,22,NULL);
INSERT INTO ChangeCommand VALUES(411,7,'{"UpdateDate":1599274149,"ID":1}','{"UpdateDate":1599274149,"ID":1}',130,23,NULL);
INSERT INTO ChangeCommand VALUES(412,5,'{"ID":1,"UpdateDate":1599274149}','{"ID":1,"UpdateDate":1599274149}',130,26,NULL);
INSERT INTO ChangeCommand VALUES(413,7,'{"UpdateDate":1599274149,"ID":1}','{"UpdateDate":1599274149,"ID":1}',130,27,NULL);
INSERT INTO ChangeCommand VALUES(414,2,'{"Preferred":false,"UpdateDate":1599274149,"ID":38}','{"Preferred":true,"UpdateDate":1599274149,"ID":38}',130,17,NULL);
INSERT INTO ChangeCommand VALUES(415,5,'{"ID":1,"UpdateDate":1599274149}','{"ID":1,"UpdateDate":1599274149}',130,28,NULL);
INSERT INTO ChangeCommand VALUES(416,5,'{"ID":1,"UpdateDate":1599274149}','{"ID":1,"UpdateDate":1599274149}',130,30,NULL);
INSERT INTO ChangeCommand VALUES(417,5,'{"UpdateDate":1599274149,"ID":2}','{"UpdateDate":1599274149,"ID":2}',130,32,NULL);
INSERT INTO ChangeCommand VALUES(418,1,'{"Preferred":false,"UpdateDate":1599274149,"ID":1}','{"Preferred":true,"UpdateDate":1599274149,"ID":1}',130,25,NULL);
INSERT INTO ChangeCommand VALUES(419,7,'{"UpdateDate":1599274149,"ID":1}','{"UpdateDate":1599274149,"ID":1}',130,29,NULL);
INSERT INTO ChangeCommand VALUES(420,7,'{"Person1ID":null,"UpdateDate":1599274149,"ID":1}','{"Person1ID":2,"UpdateDate":1599274149,"ID":1}',130,31,NULL);
INSERT INTO ChangeCommand VALUES(421,5,'{"UpdateDate":1599274149,"ID":2,"PreferredRelID":null}','{"UpdateDate":1599274149,"ID":2,"PreferredRelID":1}',130,33,NULL);
INSERT INTO ChangeCommand VALUES(422,2,'{}','{"ID":39,"LinkID":2,"LinkTableID":5,"FactTypeID":67,"Private":false,"Preferred":false,"Date":null,"PlaceID":null,"Text":null,"MediaLinkedCounts":0,"SourceLinkedCounts":0,"CreateDate":1599274157,"UpdateDate":1599274157,"Status":null,"DateSort1":null,"DateSort2":null,"DateModifier1":null,"DateModifier2":null,"SyncVersion":1,"UID":""}',131,1,NULL);
INSERT INTO ChangeCommand VALUES(423,5,'{"UpdateDate":1599274149,"ID":2}','{"UpdateDate":1599274157,"ID":2}',131,2,NULL);
INSERT INTO ChangeCommand VALUES(424,5,'{"UpdateDate":1599274157,"ID":2}','{"UpdateDate":1599274157,"ID":2}',131,4,NULL);
INSERT INTO ChangeCommand VALUES(425,2,'{"UpdateDate":1599274157,"ID":39}','{"UpdateDate":1599274157,"ID":39}',131,3,NULL);
INSERT INTO ChangeCommand VALUES(426,2,'{"UpdateDate":1599274157,"ID":39}','{"UpdateDate":1599274157,"ID":39}',131,5,NULL);
INSERT INTO ChangeCommand VALUES(427,5,'{"UpdateDate":1599274157,"ID":2}','{"UpdateDate":1599274157,"ID":2}',131,6,NULL);
INSERT INTO ChangeCommand VALUES(428,2,'{"Preferred":false,"UpdateDate":1599274157,"ID":39}','{"Preferred":true,"UpdateDate":1599274157,"ID":39}',131,7,NULL);
INSERT INTO ChangeCommand VALUES(429,5,'{"UpdateDate":1599274157,"ID":2}','{"UpdateDate":1599274157,"ID":2}',131,8,NULL);
INSERT INTO ChangeCommand VALUES(430,6,'{}','{"ID":2,"Name":"//Brandywine/New Castle/Delaware/USA/5995/0.6951549/-1.31833","DisplayName":"","CreateDate":1599274221,"UpdateDate":1599274221,"SyncVersion":1,"UID":""}',132,1,NULL);
INSERT INTO ChangeCommand VALUES(431,2,'{"UpdateDate":1599274157,"ID":39,"PlaceID":null}','{"UpdateDate":1599274221,"ID":39,"PlaceID":2}',132,2,NULL);
INSERT INTO ChangeCommand VALUES(432,5,'{"UpdateDate":1599274157,"ID":2}','{"UpdateDate":1599274221,"ID":2}',132,3,NULL);
INSERT INTO ChangeCommand VALUES(433,2,'{"UpdateDate":1599274221,"ID":39,"Text":null}','{"UpdateDate":1599274299,"ID":39,"Text":"resolved"}',133,1,NULL);
INSERT INTO ChangeCommand VALUES(434,5,'{"UpdateDate":1599274221,"ID":2}','{"UpdateDate":1599274299,"ID":2}',133,2,NULL);
INSERT INTO ChangeCommand VALUES(435,2,'{}','{"ID":40,"LinkID":2,"LinkTableID":5,"FactTypeID":67,"Private":false,"Preferred":false,"Date":null,"PlaceID":null,"Text":null,"MediaLinkedCounts":0,"SourceLinkedCounts":0,"CreateDate":1599274307,"UpdateDate":1599274307,"Status":null,"DateSort1":null,"DateSort2":null,"DateModifier1":null,"DateModifier2":null,"SyncVersion":1,"UID":""}',134,1,NULL);
INSERT INTO ChangeCommand VALUES(436,5,'{"UpdateDate":1599274299,"ID":2}','{"UpdateDate":1599274307,"ID":2}',134,2,NULL);
INSERT INTO ChangeCommand VALUES(437,5,'{"UpdateDate":1599274307,"ID":2}','{"UpdateDate":1599274307,"ID":2}',134,4,NULL);
INSERT INTO ChangeCommand VALUES(438,2,'{"UpdateDate":1599274307,"ID":40}','{"UpdateDate":1599274307,"ID":40}',134,3,NULL);
INSERT INTO ChangeCommand VALUES(439,2,'{"UpdateDate":1599274307,"ID":40}','{"UpdateDate":1599274307,"ID":40}',134,5,NULL);
INSERT INTO ChangeCommand VALUES(440,5,'{"UpdateDate":1599274307,"ID":2}','{"UpdateDate":1599274307,"ID":2}',134,6,NULL);
INSERT INTO ChangeCommand VALUES(441,6,'{}','{"ID":3,"Name":"/1211 brook drive, brandywine, de|//","DisplayName":"","CreateDate":1599274329,"UpdateDate":1599274329,"SyncVersion":1,"UID":""}',135,1,NULL);
INSERT INTO ChangeCommand VALUES(442,2,'{"UpdateDate":1599274307,"ID":40,"PlaceID":null}','{"UpdateDate":1599274329,"ID":40,"PlaceID":3}',135,2,NULL);
INSERT INTO ChangeCommand VALUES(443,5,'{"UpdateDate":1599274307,"ID":2}','{"UpdateDate":1599274329,"ID":2}',135,3,NULL);
INSERT INTO ChangeCommand VALUES(444,2,'{"UpdateDate":1599274329,"ID":40}','{"UpdateDate":1599274353,"ID":40}',136,2,NULL);
INSERT INTO ChangeCommand VALUES(445,5,'{"UpdateDate":1599274329,"ID":2}','{"UpdateDate":1599274353,"ID":2}',136,3,NULL);
INSERT INTO ChangeCommand VALUES(446,6,'{"Name":"/1211 brook drive, brandywine, de|//","UpdateDate":1599274329,"ID":3}','{"Name":"/second floor, 1211 Brook Drive/Brandywine/New Castle/Delaware/USA/-5995//","UpdateDate":1599274353,"ID":3}',136,1,NULL);
INSERT INTO ChangeCommand VALUES(447,2,'{"UpdateDate":1599274353,"ID":40,"Text":null}','{"UpdateDate":1599274366,"ID":40,"Text":"resolved with 2 extra"}',137,1,NULL);
INSERT INTO ChangeCommand VALUES(448,5,'{"UpdateDate":1599274353,"ID":2}','{"UpdateDate":1599274366,"ID":2}',137,2,NULL);
INSERT INTO ChangeCommand VALUES(449,2,'{}','{"ID":41,"LinkID":2,"LinkTableID":5,"FactTypeID":67,"Private":false,"Preferred":false,"Date":null,"PlaceID":null,"Text":null,"MediaLinkedCounts":0,"SourceLinkedCounts":0,"CreateDate":1599274401,"UpdateDate":1599274401,"Status":null,"DateSort1":null,"DateSort2":null,"DateModifier1":null,"DateModifier2":null,"SyncVersion":1,"UID":""}',138,1,NULL);
INSERT INTO ChangeCommand VALUES(450,5,'{"UpdateDate":1599274366,"ID":2}','{"UpdateDate":1599274401,"ID":2}',138,2,NULL);
INSERT INTO ChangeCommand VALUES(451,5,'{"UpdateDate":1599274401,"ID":2}','{"UpdateDate":1599274401,"ID":2}',138,4,NULL);
INSERT INTO ChangeCommand VALUES(452,2,'{"UpdateDate":1599274401,"ID":41}','{"UpdateDate":1599274401,"ID":41}',138,3,NULL);
INSERT INTO ChangeCommand VALUES(453,2,'{"UpdateDate":1599274401,"ID":41}','{"UpdateDate":1599274401,"ID":41}',138,5,NULL);
INSERT INTO ChangeCommand VALUES(454,6,'{}','{"ID":4,"Name":"/1211 Brook|//","DisplayName":"","CreateDate":1599274419,"UpdateDate":1599274419,"SyncVersion":1,"UID":""}',139,1,NULL);
INSERT INTO ChangeCommand VALUES(455,2,'{"UpdateDate":1599274401,"ID":41,"PlaceID":null}','{"UpdateDate":1599274419,"ID":41,"PlaceID":4}',139,2,NULL);
INSERT INTO ChangeCommand VALUES(456,5,'{"UpdateDate":1599274401,"ID":2}','{"UpdateDate":1599274419,"ID":2}',139,3,NULL);
INSERT INTO ChangeCommand VALUES(457,2,'{"UpdateDate":1599274419,"ID":41}','{"UpdateDate":1599274444,"ID":41}',140,2,NULL);
INSERT INTO ChangeCommand VALUES(458,5,'{"UpdateDate":1599274419,"ID":2}','{"UpdateDate":1599274444,"ID":2}',140,3,NULL);
INSERT INTO ChangeCommand VALUES(459,6,'{"Name":"/1211 Brook|//","UpdateDate":1599274419,"ID":4}','{"Name":"/back yeard, 1211 Brook Drive/Brandywine/New Castle/Delaware/USA/-5995//","UpdateDate":1599274444,"ID":4}',140,1,NULL);
INSERT INTO ChangeCommand VALUES(460,2,'{"UpdateDate":1599274444,"ID":41}','{"UpdateDate":1599274522,"ID":41}',141,2,NULL);
INSERT INTO ChangeCommand VALUES(461,5,'{"UpdateDate":1599274444,"ID":2}','{"UpdateDate":1599274522,"ID":2}',141,3,NULL);
INSERT INTO ChangeCommand VALUES(462,5,'{"UpdateDate":1599274522,"ID":2}','{"UpdateDate":1599274522,"ID":2}',141,5,NULL);
INSERT INTO ChangeCommand VALUES(463,2,'{"UpdateDate":1599274522,"ID":41}','{"UpdateDate":1599274522,"ID":41}',141,4,NULL);
INSERT INTO ChangeCommand VALUES(464,6,'{"Name":"/back yeard, 1211 Brook Drive/Brandywine/New Castle/Delaware/USA/-5995//","UpdateDate":1599274444,"ID":4}','{"Name":"/back yard, 1211 Brook Drive, Brandywine, New Castle, Delaware, USA|//","UpdateDate":1599274522,"ID":4}',141,1,NULL);
INSERT INTO ChangeCommand VALUES(465,5,'{"UpdateDate":1599274522,"ID":2}','{"UpdateDate":1599274560,"ID":2}',142,3,NULL);
INSERT INTO ChangeCommand VALUES(466,2,'{"UpdateDate":1599274522,"ID":41}','{"UpdateDate":1599274560,"ID":41}',142,2,NULL);
INSERT INTO ChangeCommand VALUES(467,6,'{"Name":"/back yard, 1211 Brook Drive, Brandywine, New Castle, Delaware, USA|//","UpdateDate":1599274522,"ID":4}','{"Name":"/back yard, 1211 Brook Drive, Brandywine, New Castle, Delaware, USA|/0.6944141/-1.317912","UpdateDate":1599274560,"ID":4}',142,1,NULL);
INSERT INTO ChangeCommand VALUES(468,2,'{"UpdateDate":1599274560,"ID":41}','{"UpdateDate":1599274579,"ID":41}',143,2,NULL);
INSERT INTO ChangeCommand VALUES(469,5,'{"UpdateDate":1599274560,"ID":2}','{"UpdateDate":1599274579,"ID":2}',143,3,NULL);
INSERT INTO ChangeCommand VALUES(470,5,'{"UpdateDate":1599274579,"ID":2}','{"UpdateDate":1599274579,"ID":2}',143,5,NULL);
INSERT INTO ChangeCommand VALUES(471,2,'{"UpdateDate":1599274579,"ID":41}','{"UpdateDate":1599274579,"ID":41}',143,4,NULL);
INSERT INTO ChangeCommand VALUES(472,6,'{"Name":"/back yard, 1211 Brook Drive, Brandywine, New Castle, Delaware, USA|/0.6944141/-1.317912","UpdateDate":1599274560,"ID":4}','{"Name":"/back yard, 1211 Brook Drive/Brandywine/New Castle/Delaware/USA/-5995/0.6944141/-1.317912","UpdateDate":1599274579,"ID":4}',143,1,NULL);
INSERT INTO ChangeCommand VALUES(473,2,'{"UpdateDate":1599274579,"ID":41,"Text":null}','{"UpdateDate":1599274667,"ID":41,"Text":"resolved with 2 extra with adjusted lat/lon"}',144,1,NULL);
INSERT INTO ChangeCommand VALUES(474,5,'{"UpdateDate":1599274579,"ID":2}','{"UpdateDate":1599274667,"ID":2}',144,2,NULL);
INSERT INTO ChangeCommand VALUES(475,2,'{}','{"ID":42,"LinkID":2,"LinkTableID":5,"FactTypeID":67,"Private":false,"Preferred":false,"Date":null,"PlaceID":null,"Text":null,"MediaLinkedCounts":0,"SourceLinkedCounts":0,"CreateDate":1599274706,"UpdateDate":1599274706,"Status":null,"DateSort1":null,"DateSort2":null,"DateModifier1":null,"DateModifier2":null,"SyncVersion":1,"UID":""}',145,1,NULL);
INSERT INTO ChangeCommand VALUES(476,5,'{"UpdateDate":1599274667,"ID":2}','{"UpdateDate":1599274706,"ID":2}',145,2,NULL);
INSERT INTO ChangeCommand VALUES(477,5,'{"UpdateDate":1599274706,"ID":2}','{"UpdateDate":1599274706,"ID":2}',145,4,NULL);
INSERT INTO ChangeCommand VALUES(478,2,'{"UpdateDate":1599274706,"ID":42}','{"UpdateDate":1599274706,"ID":42}',145,3,NULL);
INSERT INTO ChangeCommand VALUES(479,2,'{"UpdateDate":1599274706,"ID":42}','{"UpdateDate":1599274706,"ID":42}',145,5,NULL);
INSERT INTO ChangeCommand VALUES(480,5,'{"UpdateDate":1599274706,"ID":2}','{"UpdateDate":1599274706,"ID":2}',145,6,NULL);
INSERT INTO ChangeCommand VALUES(481,2,'{"UpdateDate":1599274706,"ID":42,"PlaceID":null}','{"UpdateDate":1599274719,"ID":42,"PlaceID":2}',146,1,NULL);
INSERT INTO ChangeCommand VALUES(482,5,'{"UpdateDate":1599274706,"ID":2}','{"UpdateDate":1599274719,"ID":2}',146,2,NULL);
INSERT INTO ChangeCommand VALUES(483,2,'{"UpdateDate":1599274719,"ID":42,"Text":null}','{"UpdateDate":1599274723,"ID":42,"Text":"unresolved"}',147,1,NULL);
INSERT INTO ChangeCommand VALUES(484,5,'{"UpdateDate":1599274719,"ID":2}','{"UpdateDate":1599274723,"ID":2}',147,2,NULL);
INSERT INTO ChangeCommand VALUES(485,2,'{}','{"ID":43,"LinkID":2,"LinkTableID":5,"FactTypeID":67,"Private":false,"Preferred":false,"Date":null,"PlaceID":null,"Text":null,"MediaLinkedCounts":0,"SourceLinkedCounts":0,"CreateDate":1599274747,"UpdateDate":1599274747,"Status":null,"DateSort1":null,"DateSort2":null,"DateModifier1":null,"DateModifier2":null,"SyncVersion":1,"UID":""}',148,1,NULL);
INSERT INTO ChangeCommand VALUES(486,5,'{"UpdateDate":1599274723,"ID":2}','{"UpdateDate":1599274747,"ID":2}',148,2,NULL);
INSERT INTO ChangeCommand VALUES(487,5,'{"UpdateDate":1599274747,"ID":2}','{"UpdateDate":1599274747,"ID":2}',148,4,NULL);
INSERT INTO ChangeCommand VALUES(488,2,'{"UpdateDate":1599274747,"ID":43}','{"UpdateDate":1599274747,"ID":43}',148,3,NULL);
INSERT INTO ChangeCommand VALUES(489,2,'{"UpdateDate":1599274747,"ID":43}','{"UpdateDate":1599274747,"ID":43}',148,5,NULL);
INSERT INTO ChangeCommand VALUES(490,5,'{"UpdateDate":1599274747,"ID":2}','{"UpdateDate":1599274747,"ID":2}',148,6,NULL);
INSERT INTO ChangeCommand VALUES(491,6,'{}','{"ID":5,"Name":"///New Castle/Delaware/USA/2156/0.6908112/-1.320133","DisplayName":"","CreateDate":1599274756,"UpdateDate":1599274756,"SyncVersion":1,"UID":""}',149,1,NULL);
INSERT INTO ChangeCommand VALUES(492,2,'{"UpdateDate":1599274747,"ID":43,"PlaceID":null}','{"UpdateDate":1599274756,"ID":43,"PlaceID":5}',149,2,NULL);
INSERT INTO ChangeCommand VALUES(493,5,'{"UpdateDate":1599274747,"ID":2}','{"UpdateDate":1599274756,"ID":2}',149,3,NULL);
INSERT INTO ChangeCommand VALUES(494,2,'{"UpdateDate":1599274756,"ID":43,"Text":null}','{"UpdateDate":1599274758,"ID":43,"Text":"unresolved"}',150,1,NULL);
INSERT INTO ChangeCommand VALUES(495,5,'{"UpdateDate":1599274756,"ID":2}','{"UpdateDate":1599274758,"ID":2}',150,2,NULL);
INSERT INTO ChangeCommand VALUES(496,2,'{}','{"ID":44,"LinkID":2,"LinkTableID":5,"FactTypeID":67,"Private":false,"Preferred":false,"Date":null,"PlaceID":null,"Text":null,"MediaLinkedCounts":0,"SourceLinkedCounts":0,"CreateDate":1599274766,"UpdateDate":1599274766,"Status":null,"DateSort1":null,"DateSort2":null,"DateModifier1":null,"DateModifier2":null,"SyncVersion":1,"UID":""}',151,1,NULL);
INSERT INTO ChangeCommand VALUES(497,5,'{"UpdateDate":1599274758,"ID":2}','{"UpdateDate":1599274766,"ID":2}',151,2,NULL);
INSERT INTO ChangeCommand VALUES(498,5,'{"UpdateDate":1599274766,"ID":2}','{"UpdateDate":1599274766,"ID":2}',151,4,NULL);
INSERT INTO ChangeCommand VALUES(499,2,'{"UpdateDate":1599274766,"ID":44}','{"UpdateDate":1599274766,"ID":44}',151,3,NULL);
INSERT INTO ChangeCommand VALUES(500,2,'{"UpdateDate":1599274766,"ID":44}','{"UpdateDate":1599274766,"ID":44}',151,5,NULL);
INSERT INTO ChangeCommand VALUES(501,5,'{"UpdateDate":1599274766,"ID":2}','{"UpdateDate":1599274766,"ID":2}',151,6,NULL);
INSERT INTO ChangeCommand VALUES(502,6,'{}','{"ID":6,"Name":"////Delaware/USA/10/0.6808202/-1.317156","DisplayName":"","CreateDate":1599274777,"UpdateDate":1599274777,"SyncVersion":1,"UID":""}',152,1,NULL);
INSERT INTO ChangeCommand VALUES(503,2,'{"UpdateDate":1599274766,"ID":44,"PlaceID":null}','{"UpdateDate":1599274777,"ID":44,"PlaceID":6}',152,2,NULL);
INSERT INTO ChangeCommand VALUES(504,5,'{"UpdateDate":1599274766,"ID":2}','{"UpdateDate":1599274777,"ID":2}',152,3,NULL);
INSERT INTO ChangeCommand VALUES(505,2,'{"UpdateDate":1599274777,"ID":44,"Text":null}','{"UpdateDate":1599274782,"ID":44,"Text":"unresolved"}',153,1,NULL);
INSERT INTO ChangeCommand VALUES(506,5,'{"UpdateDate":1599274777,"ID":2}','{"UpdateDate":1599274782,"ID":2}',153,2,NULL);
INSERT INTO ChangeCommand VALUES(507,2,'{}','{"ID":45,"LinkID":2,"LinkTableID":5,"FactTypeID":67,"Private":false,"Preferred":false,"Date":null,"PlaceID":null,"Text":null,"MediaLinkedCounts":0,"SourceLinkedCounts":0,"CreateDate":1599274791,"UpdateDate":1599274791,"Status":null,"DateSort1":null,"DateSort2":null,"DateModifier1":null,"DateModifier2":null,"SyncVersion":1,"UID":""}',154,1,NULL);
INSERT INTO ChangeCommand VALUES(508,5,'{"UpdateDate":1599274782,"ID":2}','{"UpdateDate":1599274791,"ID":2}',154,2,NULL);
INSERT INTO ChangeCommand VALUES(509,5,'{"UpdateDate":1599274791,"ID":2}','{"UpdateDate":1599274791,"ID":2}',154,4,NULL);
INSERT INTO ChangeCommand VALUES(510,2,'{"UpdateDate":1599274791,"ID":45}','{"UpdateDate":1599274791,"ID":45}',154,3,NULL);
INSERT INTO ChangeCommand VALUES(511,2,'{"UpdateDate":1599274791,"ID":45}','{"UpdateDate":1599274791,"ID":45}',154,5,NULL);
INSERT INTO ChangeCommand VALUES(512,5,'{"UpdateDate":1599274791,"ID":2}','{"UpdateDate":1599274791,"ID":2}',154,6,NULL);
INSERT INTO ChangeCommand VALUES(513,6,'{}','{"ID":7,"Name":"/////USA/2//","DisplayName":"","CreateDate":1599274793,"UpdateDate":1599274793,"SyncVersion":1,"UID":""}',155,1,NULL);
INSERT INTO ChangeCommand VALUES(514,2,'{"UpdateDate":1599274791,"ID":45,"PlaceID":null}','{"UpdateDate":1599274793,"ID":45,"PlaceID":7}',155,2,NULL);
INSERT INTO ChangeCommand VALUES(515,5,'{"UpdateDate":1599274791,"ID":2}','{"UpdateDate":1599274793,"ID":2}',155,3,NULL);
INSERT INTO ChangeCommand VALUES(516,2,'{"UpdateDate":1599274793,"ID":45,"Text":null}','{"UpdateDate":1599274796,"ID":45,"Text":"unresolved"}',156,1,NULL);
INSERT INTO ChangeCommand VALUES(517,5,'{"UpdateDate":1599274793,"ID":2}','{"UpdateDate":1599274796,"ID":2}',156,2,NULL);
INSERT INTO ChangeCommand VALUES(518,2,'{}','{"ID":46,"LinkID":2,"LinkTableID":5,"FactTypeID":67,"Private":false,"Preferred":false,"Date":null,"PlaceID":null,"Text":null,"MediaLinkedCounts":0,"SourceLinkedCounts":0,"CreateDate":1599274831,"UpdateDate":1599274831,"Status":null,"DateSort1":null,"DateSort2":null,"DateModifier1":null,"DateModifier2":null,"SyncVersion":1,"UID":""}',157,1,NULL);
INSERT INTO ChangeCommand VALUES(519,5,'{"UpdateDate":1599274796,"ID":2}','{"UpdateDate":1599274831,"ID":2}',157,2,NULL);
INSERT INTO ChangeCommand VALUES(520,5,'{"UpdateDate":1599274831,"ID":2}','{"UpdateDate":1599274831,"ID":2}',157,4,NULL);
INSERT INTO ChangeCommand VALUES(521,2,'{"UpdateDate":1599274831,"ID":46}','{"UpdateDate":1599274831,"ID":46}',157,3,NULL);
INSERT INTO ChangeCommand VALUES(522,2,'{"UpdateDate":1599274831,"ID":46}','{"UpdateDate":1599274831,"ID":46}',157,5,NULL);
INSERT INTO ChangeCommand VALUES(523,5,'{"UpdateDate":1599274831,"ID":2}','{"UpdateDate":1599274831,"ID":2}',157,6,NULL);
INSERT INTO ChangeCommand VALUES(524,6,'{}','{"ID":8,"Name":"//Syracuse/Onondaga/New York/USA/11269/0.7513314/-1.329023","DisplayName":"","CreateDate":1599274844,"UpdateDate":1599274844,"SyncVersion":1,"UID":""}',158,1,NULL);
INSERT INTO ChangeCommand VALUES(525,2,'{"UpdateDate":1599274831,"ID":46,"PlaceID":null}','{"UpdateDate":1599274844,"ID":46,"PlaceID":8}',158,2,NULL);
INSERT INTO ChangeCommand VALUES(526,5,'{"UpdateDate":1599274831,"ID":2}','{"UpdateDate":1599274844,"ID":2}',158,3,NULL);
INSERT INTO ChangeCommand VALUES(527,2,'{"UpdateDate":1599274844,"ID":46,"Text":null}','{"UpdateDate":1599274847,"ID":46,"Text":"unresolved"}',159,1,NULL);
INSERT INTO ChangeCommand VALUES(528,5,'{"UpdateDate":1599274844,"ID":2}','{"UpdateDate":1599274847,"ID":2}',159,2,NULL);
INSERT INTO ChangeCommand VALUES(529,2,'{}','{"ID":47,"LinkID":2,"LinkTableID":5,"FactTypeID":67,"Private":false,"Preferred":false,"Date":null,"PlaceID":null,"Text":null,"MediaLinkedCounts":0,"SourceLinkedCounts":0,"CreateDate":1599274874,"UpdateDate":1599274874,"Status":null,"DateSort1":null,"DateSort2":null,"DateModifier1":null,"DateModifier2":null,"SyncVersion":1,"UID":""}',160,1,NULL);
INSERT INTO ChangeCommand VALUES(530,5,'{"UpdateDate":1599274847,"ID":2}','{"UpdateDate":1599274874,"ID":2}',160,2,NULL);
INSERT INTO ChangeCommand VALUES(531,5,'{"UpdateDate":1599274874,"ID":2}','{"UpdateDate":1599274874,"ID":2}',160,4,NULL);
INSERT INTO ChangeCommand VALUES(532,2,'{"UpdateDate":1599274874,"ID":47}','{"UpdateDate":1599274874,"ID":47}',160,3,NULL);
INSERT INTO ChangeCommand VALUES(533,2,'{"UpdateDate":1599274874,"ID":47}','{"UpdateDate":1599274874,"ID":47}',160,5,NULL);
INSERT INTO ChangeCommand VALUES(534,5,'{"UpdateDate":1599274874,"ID":2}','{"UpdateDate":1599274874,"ID":2}',160,6,NULL);
INSERT INTO ChangeCommand VALUES(535,6,'{}','{"ID":9,"Name":"///Madison/New York/USA/1864/0.7489517/-1.320659","DisplayName":"","CreateDate":1599274900,"UpdateDate":1599274900,"SyncVersion":1,"UID":""}',161,1,NULL);
INSERT INTO ChangeCommand VALUES(536,2,'{"UpdateDate":1599274874,"ID":47,"PlaceID":null}','{"UpdateDate":1599274900,"ID":47,"PlaceID":9}',161,2,NULL);
INSERT INTO ChangeCommand VALUES(537,5,'{"UpdateDate":1599274874,"ID":2}','{"UpdateDate":1599274900,"ID":2}',161,3,NULL);
INSERT INTO ChangeCommand VALUES(538,2,'{"UpdateDate":1599274900,"ID":47,"Text":null}','{"UpdateDate":1599274903,"ID":47,"Text":"unre"}',162,1,NULL);
INSERT INTO ChangeCommand VALUES(539,5,'{"UpdateDate":1599274900,"ID":2}','{"UpdateDate":1599274903,"ID":2}',162,2,NULL);
INSERT INTO ChangeCommand VALUES(540,2,'{"UpdateDate":1599274903,"ID":47,"Text":"unre"}','{"UpdateDate":1599274907,"ID":47,"Text":"unresolved"}',163,1,NULL);
INSERT INTO ChangeCommand VALUES(541,5,'{"UpdateDate":1599274903,"ID":2}','{"UpdateDate":1599274907,"ID":2}',163,2,NULL);
INSERT INTO ChangeCommand VALUES(542,2,'{}','{"ID":48,"LinkID":2,"LinkTableID":5,"FactTypeID":67,"Private":false,"Preferred":false,"Date":null,"PlaceID":null,"Text":null,"MediaLinkedCounts":0,"SourceLinkedCounts":0,"CreateDate":1599274917,"UpdateDate":1599274917,"Status":null,"DateSort1":null,"DateSort2":null,"DateModifier1":null,"DateModifier2":null,"SyncVersion":1,"UID":""}',164,1,NULL);
INSERT INTO ChangeCommand VALUES(543,5,'{"UpdateDate":1599274907,"ID":2}','{"UpdateDate":1599274917,"ID":2}',164,2,NULL);
INSERT INTO ChangeCommand VALUES(544,5,'{"UpdateDate":1599274917,"ID":2}','{"UpdateDate":1599274917,"ID":2}',164,4,NULL);
INSERT INTO ChangeCommand VALUES(545,2,'{"UpdateDate":1599274917,"ID":48}','{"UpdateDate":1599274917,"ID":48}',164,3,NULL);
INSERT INTO ChangeCommand VALUES(546,2,'{"UpdateDate":1599274917,"ID":48}','{"UpdateDate":1599274917,"ID":48}',164,5,NULL);
INSERT INTO ChangeCommand VALUES(547,6,'{}','{"ID":10,"Name":"/Unknown, Madison, New York, USA|//","DisplayName":"","CreateDate":1599274943,"UpdateDate":1599274943,"SyncVersion":1,"UID":""}',165,1,NULL);
INSERT INTO ChangeCommand VALUES(548,2,'{"UpdateDate":1599274917,"ID":48,"PlaceID":null}','{"UpdateDate":1599274943,"ID":48,"PlaceID":10}',165,2,NULL);
INSERT INTO ChangeCommand VALUES(549,5,'{"UpdateDate":1599274917,"ID":2}','{"UpdateDate":1599274943,"ID":2}',165,3,NULL);
INSERT INTO ChangeCommand VALUES(550,2,'{"UpdateDate":1599274943,"ID":48,"Text":null}','{"UpdateDate":1599274945,"ID":48,"Text":"unresolved"}',166,1,NULL);
INSERT INTO ChangeCommand VALUES(551,5,'{"UpdateDate":1599274943,"ID":2}','{"UpdateDate":1599274945,"ID":2}',166,2,NULL);
INSERT INTO ChangeCommand VALUES(552,2,'{}','{"ID":49,"LinkID":2,"LinkTableID":5,"FactTypeID":67,"Private":false,"Preferred":false,"Date":null,"PlaceID":null,"Text":null,"MediaLinkedCounts":0,"SourceLinkedCounts":0,"CreateDate":1599274949,"UpdateDate":1599274949,"Status":null,"DateSort1":null,"DateSort2":null,"DateModifier1":null,"DateModifier2":null,"SyncVersion":1,"UID":""}',167,1,NULL);
INSERT INTO ChangeCommand VALUES(553,5,'{"UpdateDate":1599274945,"ID":2}','{"UpdateDate":1599274949,"ID":2}',167,2,NULL);
INSERT INTO ChangeCommand VALUES(554,5,'{"UpdateDate":1599274949,"ID":2}','{"UpdateDate":1599274949,"ID":2}',167,4,NULL);
INSERT INTO ChangeCommand VALUES(555,2,'{"UpdateDate":1599274949,"ID":49}','{"UpdateDate":1599274949,"ID":49}',167,3,NULL);
INSERT INTO ChangeCommand VALUES(556,2,'{"UpdateDate":1599274949,"ID":49}','{"UpdateDate":1599274949,"ID":49}',167,5,NULL);
INSERT INTO ChangeCommand VALUES(557,5,'{"UpdateDate":1599274949,"ID":2}','{"UpdateDate":1599274949,"ID":2}',167,6,NULL);
INSERT INTO ChangeCommand VALUES(558,6,'{}','{"ID":11,"Name":"/Unknown, New Castle, Delaware, USA|//","DisplayName":"","CreateDate":1599274967,"UpdateDate":1599274967,"SyncVersion":1,"UID":""}',168,1,NULL);
INSERT INTO ChangeCommand VALUES(559,2,'{"UpdateDate":1599274949,"ID":49,"PlaceID":null}','{"UpdateDate":1599274967,"ID":49,"PlaceID":11}',168,2,NULL);
INSERT INTO ChangeCommand VALUES(560,5,'{"UpdateDate":1599274949,"ID":2}','{"UpdateDate":1599274967,"ID":2}',168,3,NULL);
INSERT INTO ChangeCommand VALUES(561,2,'{"UpdateDate":1599274967,"ID":49,"Text":null}','{"UpdateDate":1599274969,"ID":49,"Text":"unresolved"}',169,1,NULL);
INSERT INTO ChangeCommand VALUES(562,5,'{"UpdateDate":1599274967,"ID":2}','{"UpdateDate":1599274969,"ID":2}',169,2,NULL);
INSERT INTO ChangeCommand VALUES(563,2,'{}','{"ID":50,"LinkID":2,"LinkTableID":5,"FactTypeID":67,"Private":false,"Preferred":false,"Date":null,"PlaceID":null,"Text":null,"MediaLinkedCounts":0,"SourceLinkedCounts":0,"CreateDate":1599274999,"UpdateDate":1599274999,"Status":null,"DateSort1":null,"DateSort2":null,"DateModifier1":null,"DateModifier2":null,"SyncVersion":1,"UID":""}',170,1,NULL);
INSERT INTO ChangeCommand VALUES(564,5,'{"UpdateDate":1599274969,"ID":2}','{"UpdateDate":1599274999,"ID":2}',170,2,NULL);
INSERT INTO ChangeCommand VALUES(565,5,'{"UpdateDate":1599274999,"ID":2}','{"UpdateDate":1599274999,"ID":2}',170,4,NULL);
INSERT INTO ChangeCommand VALUES(566,2,'{"UpdateDate":1599274999,"ID":50}','{"UpdateDate":1599274999,"ID":50}',170,3,NULL);
INSERT INTO ChangeCommand VALUES(567,2,'{"UpdateDate":1599274999,"ID":50}','{"UpdateDate":1599274999,"ID":50}',170,5,NULL);
INSERT INTO ChangeCommand VALUES(568,5,'{"UpdateDate":1599274999,"ID":2}','{"UpdateDate":1599274999,"ID":2}',170,6,NULL);
INSERT INTO ChangeCommand VALUES(569,6,'{}','{"ID":12,"Name":"/Unknown|//","DisplayName":"","CreateDate":1599275064,"UpdateDate":1599275064,"SyncVersion":1,"UID":""}',171,1,NULL);
INSERT INTO ChangeCommand VALUES(570,2,'{"UpdateDate":1599274999,"ID":50,"PlaceID":null}','{"UpdateDate":1599275064,"ID":50,"PlaceID":12}',171,2,NULL);
INSERT INTO ChangeCommand VALUES(571,5,'{"UpdateDate":1599274999,"ID":2}','{"UpdateDate":1599275064,"ID":2}',171,3,NULL);
INSERT INTO ChangeCommand VALUES(572,2,'{}','{"ID":51,"LinkID":2,"LinkTableID":5,"FactTypeID":67,"Private":false,"Preferred":false,"Date":null,"PlaceID":null,"Text":null,"MediaLinkedCounts":0,"SourceLinkedCounts":0,"CreateDate":1600824757,"UpdateDate":1600824757,"Status":null,"DateSort1":null,"DateSort2":null,"DateModifier1":null,"DateModifier2":null,"SyncVersion":1,"UID":""}',172,1,NULL);
INSERT INTO ChangeCommand VALUES(573,5,'{"ID":2,"UpdateDate":1599275064,"SyncVersion":1}','{"ID":2,"UpdateDate":1600824757,"SyncVersion":1}',172,2,NULL);
INSERT INTO ChangeCommand VALUES(574,5,'{"ID":2,"UpdateDate":1600824757}','{"ID":2,"UpdateDate":1600824757}',172,4,NULL);
INSERT INTO ChangeCommand VALUES(575,2,'{"UpdateDate":1600824757,"ID":51}','{"UpdateDate":1600824757,"ID":51}',172,3,NULL);
INSERT INTO ChangeCommand VALUES(576,2,'{"UpdateDate":1600824757,"ID":51}','{"UpdateDate":1600824757,"ID":51}',172,5,NULL);
INSERT INTO ChangeCommand VALUES(577,5,'{"ID":2,"UpdateDate":1600824757}','{"ID":2,"UpdateDate":1600824757}',172,6,NULL);
INSERT INTO ChangeCommand VALUES(578,6,'{}','{"ID":13,"Name":"/Place, Name w/some slashes | and, verical | bars|//","DisplayName":"","CreateDate":1600824793,"UpdateDate":1600824793,"SyncVersion":1,"UID":""}',173,1,NULL);
INSERT INTO ChangeCommand VALUES(579,2,'{"UpdateDate":1600824757,"ID":51,"PlaceID":null}','{"UpdateDate":1600824793,"ID":51,"PlaceID":13}',173,2,NULL);
INSERT INTO ChangeCommand VALUES(580,5,'{"ID":2,"UpdateDate":1600824757}','{"ID":2,"UpdateDate":1600824793}',173,3,NULL);
INSERT INTO ChangeCommand VALUES(581,2,'{"UpdateDate":1600824793,"ID":51}','{"UpdateDate":1600824817,"ID":51}',174,2,NULL);
INSERT INTO ChangeCommand VALUES(582,5,'{"ID":2,"UpdateDate":1600824793}','{"ID":2,"UpdateDate":1600824817}',174,3,NULL);
INSERT INTO ChangeCommand VALUES(583,6,'{"Name":"/Place, Name w/some slashes | and, verical | bars|//","UpdateDate":1600824793,"ID":13}','{"Name":"/Place, Name w/some slash/es | and, verical | bars|//","UpdateDate":1600824817,"ID":13}',174,1,NULL);
INSERT INTO ChangeCommand VALUES(584,5,'{}','{"ID":3,"PersonGUID":"base64:aPQzS4/u8EayC2ALxaLfLQ==","Private":false,"NameFactID":null,"Sex":"2","SexFactID":null,"BirthDate":null,"BirthPlace":null,"BirthPlaceID":null,"BirthFactID":null,"DeathDate":null,"DeathPlace":null,"DeathPlaceID":null,"DeathFactID":null,"MarriageDate":null,"MarriagePlace":null,"MarriagePlaceID":null,"MarriageFactID":null,"PreferredRelID":null,"PreferredMediaFileID":null,"MediaLinkedCounts":0,"LinkedCounts":0,"Sequence":0,"CreateDate":1600824857,"UpdateDate":1600824857,"Title":null,"GivenName":null,"FamilyName":null,"NameSuffix":null,"FullName":null,"FullNameReversed":"","BirthDateSort1":null,"BirthDateSort2":null,"BirthDateModifier1":null,"BirthDateModifier2":null,"BirthDateYear":null,"DeathDateSort1":null,"DeathDateSort2":null,"DeathDateModifier1":null,"DeathDateModifier2":null,"DeathDateYear":null,"MarriageDateSort1":null,"MarriageDateSort2":null,"MarriageDateModifier1":null,"MarriageDateModifier2":null,"MarriageDateYear":null,"SyncVersion":1,"UID":"","PreferredMediaFileCrop":null}',175,1,NULL);
INSERT INTO ChangeCommand VALUES(585,2,'{}','{"ID":52,"LinkID":3,"LinkTableID":5,"FactTypeID":1,"Private":false,"Preferred":false,"Date":null,"PlaceID":null,"Text":null,"MediaLinkedCounts":0,"SourceLinkedCounts":0,"CreateDate":1600824857,"UpdateDate":1600824857,"Status":null,"DateSort1":null,"DateSort2":null,"DateModifier1":null,"DateModifier2":null,"SyncVersion":1,"UID":""}',175,2,NULL);
INSERT INTO ChangeCommand VALUES(586,5,'{"UpdateDate":1600824857,"ID":3}','{"UpdateDate":1600824857,"ID":3}',175,3,NULL);
INSERT INTO ChangeCommand VALUES(587,5,'{"UpdateDate":1600824857,"ID":3,"Title":null}','{"UpdateDate":1600824857,"ID":3,"Title":"TestEvents"}',175,5,NULL);
INSERT INTO ChangeCommand VALUES(588,2,'{"UpdateDate":1600824857,"ID":52,"Text":null}','{"UpdateDate":1600824857,"ID":52,"Text":"/TestEvents/"}',175,4,NULL);
INSERT INTO ChangeCommand VALUES(589,2,'{"UpdateDate":1600824857,"ID":52}','{"UpdateDate":1600824857,"ID":52}',175,6,NULL);
INSERT INTO ChangeCommand VALUES(590,5,'{"UpdateDate":1600824857,"ID":3}','{"UpdateDate":1600824857,"ID":3}',175,7,NULL);
INSERT INTO ChangeCommand VALUES(591,5,'{"UpdateDate":1600824857,"FullNameReversed":"","ID":3,"NameFactID":null,"Title":"TestEvents","GivenName":null,"FamilyName":null,"NameSuffix":null,"FullName":null}','{"UpdateDate":1600824857,"FullNameReversed":"TestEvents","ID":3,"NameFactID":52,"Title":"/TestEvents/","GivenName":"","FamilyName":"TestEvents","NameSuffix":"","FullName":"TestEvents"}',175,8,NULL);
INSERT INTO ChangeCommand VALUES(592,2,'{}','{"ID":53,"LinkID":3,"LinkTableID":5,"FactTypeID":48,"Private":false,"Preferred":false,"Date":null,"PlaceID":null,"Text":null,"MediaLinkedCounts":0,"SourceLinkedCounts":0,"CreateDate":1600824857,"UpdateDate":1600824857,"Status":null,"DateSort1":null,"DateSort2":null,"DateModifier1":null,"DateModifier2":null,"SyncVersion":1,"UID":""}',175,11,NULL);
INSERT INTO ChangeCommand VALUES(593,5,'{"UpdateDate":1600824857,"ID":3}','{"UpdateDate":1600824857,"ID":3}',175,10,NULL);
INSERT INTO ChangeCommand VALUES(594,5,'{"UpdateDate":1600824857,"ID":3}','{"UpdateDate":1600824857,"ID":3}',175,12,NULL);
INSERT INTO ChangeCommand VALUES(595,5,'{"UpdateDate":1600824857,"ID":3}','{"UpdateDate":1600824857,"ID":3}',175,14,NULL);
INSERT INTO ChangeCommand VALUES(596,2,'{"Preferred":false,"UpdateDate":1600824857,"ID":52}','{"Preferred":true,"UpdateDate":1600824857,"ID":52}',175,9,NULL);
INSERT INTO ChangeCommand VALUES(597,2,'{"UpdateDate":1600824857,"ID":53,"Text":null}','{"UpdateDate":1600824857,"ID":53,"Text":"1"}',175,13,NULL);
INSERT INTO ChangeCommand VALUES(598,2,'{"UpdateDate":1600824857,"ID":53}','{"UpdateDate":1600824857,"ID":53}',175,15,NULL);
INSERT INTO ChangeCommand VALUES(599,5,'{"UpdateDate":1600824857,"ID":3}','{"UpdateDate":1600824857,"ID":3}',175,16,NULL);
INSERT INTO ChangeCommand VALUES(600,5,'{"Sex":"2","UpdateDate":1600824857,"ID":3,"SexFactID":null}','{"Sex":"1","UpdateDate":1600824857,"ID":3,"SexFactID":53}',175,17,NULL);
INSERT INTO ChangeCommand VALUES(601,2,'{"Preferred":false,"UpdateDate":1600824857,"ID":53}','{"Preferred":true,"UpdateDate":1600824857,"ID":53}',175,18,NULL);
INSERT INTO ChangeCommand VALUES(602,5,'{"UpdateDate":1600824857,"ID":3}','{"UpdateDate":1600824857,"ID":3}',175,19,NULL);
INSERT INTO ChangeCommand VALUES(603,5,'{"ID":2,"UpdateDate":1600824817}','{"ID":2,"UpdateDate":1600824857}',175,21,NULL);
INSERT INTO ChangeCommand VALUES(604,5,'{"ID":2,"UpdateDate":1600824857}','{"ID":2,"UpdateDate":1600824857}',175,22,NULL);
INSERT INTO ChangeCommand VALUES(605,7,'{"ID":1,"Person2ID":null,"UpdateDate":1599274149,"SyncVersion":1}','{"ID":1,"Person2ID":3,"UpdateDate":1600824857,"SyncVersion":1}',175,20,NULL);
INSERT INTO ChangeCommand VALUES(606,5,'{"UpdateDate":1600824857,"ID":3}','{"UpdateDate":1600824857,"ID":3}',175,23,NULL);
INSERT INTO ChangeCommand VALUES(607,5,'{"UpdateDate":1600824857,"ID":3,"PreferredRelID":null}','{"UpdateDate":1600824857,"ID":3,"PreferredRelID":1}',175,24,NULL);
INSERT INTO ChangeCommand VALUES(608,2,'{}','{"ID":54,"LinkID":3,"LinkTableID":5,"FactTypeID":2,"Private":false,"Preferred":false,"Date":null,"PlaceID":null,"Text":null,"MediaLinkedCounts":0,"SourceLinkedCounts":0,"CreateDate":1600824891,"UpdateDate":1600824891,"Status":null,"DateSort1":null,"DateSort2":null,"DateModifier1":null,"DateModifier2":null,"SyncVersion":1,"UID":""}',176,1,NULL);
INSERT INTO ChangeCommand VALUES(609,5,'{"UpdateDate":1600824857,"ID":3}','{"UpdateDate":1600824891,"ID":3}',176,2,NULL);
INSERT INTO ChangeCommand VALUES(610,5,'{"UpdateDate":1600824891,"ID":3}','{"UpdateDate":1600824891,"ID":3}',176,4,NULL);
INSERT INTO ChangeCommand VALUES(611,2,'{"UpdateDate":1600824891,"ID":54}','{"UpdateDate":1600824891,"ID":54}',176,3,NULL);
INSERT INTO ChangeCommand VALUES(612,2,'{"UpdateDate":1600824891,"ID":54}','{"UpdateDate":1600824891,"ID":54}',176,5,NULL);
INSERT INTO ChangeCommand VALUES(613,5,'{"UpdateDate":1600824891,"ID":3}','{"UpdateDate":1600824891,"ID":3}',176,6,NULL);
INSERT INTO ChangeCommand VALUES(614,5,'{"UpdateDate":1600824891,"ID":3,"BirthFactID":null}','{"UpdateDate":1600824891,"ID":3,"BirthFactID":54}',176,7,NULL);
INSERT INTO ChangeCommand VALUES(615,2,'{"Preferred":false,"UpdateDate":1600824891,"ID":54}','{"Preferred":true,"UpdateDate":1600824891,"ID":54}',176,8,NULL);
INSERT INTO ChangeCommand VALUES(616,5,'{"UpdateDate":1600824891,"ID":3}','{"UpdateDate":1600824891,"ID":3}',176,9,NULL);
INSERT INTO ChangeCommand VALUES(617,5,'{"BirthDateSort1":2147387392,"BirthDateYear":6770,"UpdateDate":1600824891,"ID":3,"BirthDate":null}','{"BirthDateSort1":1236677632,"BirthDateYear":1901,"UpdateDate":1600824899,"ID":3,"BirthDate":"1236677632"}',177,2,NULL);
INSERT INTO ChangeCommand VALUES(618,2,'{"UpdateDate":1600824891,"ID":54,"Date":null,"DateSort1":null,"DateModifier1":null}','{"UpdateDate":1600824899,"ID":54,"Date":"1236677632","DateSort1":1236677632,"DateModifier1":0}',177,1,NULL);
INSERT INTO ChangeCommand VALUES(619,5,'{"UpdateDate":1600824899,"ID":3}','{"UpdateDate":1600824899,"ID":3}',177,3,NULL);
INSERT INTO ChangeCommand VALUES(620,2,'{}','{"ID":55,"LinkID":3,"LinkTableID":5,"FactTypeID":3,"Private":false,"Preferred":false,"Date":null,"PlaceID":null,"Text":null,"MediaLinkedCounts":0,"SourceLinkedCounts":0,"CreateDate":1600824911,"UpdateDate":1600824911,"Status":null,"DateSort1":null,"DateSort2":null,"DateModifier1":null,"DateModifier2":null,"SyncVersion":1,"UID":""}',178,1,NULL);
INSERT INTO ChangeCommand VALUES(621,5,'{"UpdateDate":1600824899,"ID":3}','{"UpdateDate":1600824911,"ID":3}',178,2,NULL);
INSERT INTO ChangeCommand VALUES(622,5,'{"UpdateDate":1600824911,"ID":3}','{"UpdateDate":1600824911,"ID":3}',178,4,NULL);
INSERT INTO ChangeCommand VALUES(623,2,'{"UpdateDate":1600824911,"ID":55}','{"UpdateDate":1600824911,"ID":55}',178,3,NULL);
INSERT INTO ChangeCommand VALUES(624,2,'{"UpdateDate":1600824911,"ID":55}','{"UpdateDate":1600824911,"ID":55}',178,5,NULL);
INSERT INTO ChangeCommand VALUES(625,5,'{"UpdateDate":1600824911,"ID":3}','{"UpdateDate":1600824911,"ID":3}',178,6,NULL);
INSERT INTO ChangeCommand VALUES(626,5,'{"UpdateDate":1600824911,"ID":3,"DeathFactID":null}','{"UpdateDate":1600824911,"ID":3,"DeathFactID":55}',178,7,NULL);
INSERT INTO ChangeCommand VALUES(627,2,'{"Preferred":false,"UpdateDate":1600824911,"ID":55}','{"Preferred":true,"UpdateDate":1600824911,"ID":55}',178,8,NULL);
INSERT INTO ChangeCommand VALUES(628,5,'{"UpdateDate":1600824911,"ID":3}','{"UpdateDate":1600824911,"ID":3}',178,9,NULL);
INSERT INTO ChangeCommand VALUES(629,5,'{"DeathDateSort1":2147387392,"DeathDateYear":6770,"UpdateDate":1600824911,"ID":3,"DeathDate":null}','{"DeathDateSort1":1255377920,"DeathDateYear":2000,"UpdateDate":1600824923,"ID":3,"DeathDate":"1255377920"}',179,2,NULL);
INSERT INTO ChangeCommand VALUES(630,2,'{"UpdateDate":1600824911,"ID":55,"Date":null,"DateSort1":null,"DateModifier1":null}','{"UpdateDate":1600824923,"ID":55,"Date":"1255377920","DateSort1":1255377920,"DateModifier1":0}',179,1,NULL);
INSERT INTO ChangeCommand VALUES(631,5,'{"UpdateDate":1600824923,"ID":3}','{"UpdateDate":1600824923,"ID":3}',179,3,NULL);
INSERT INTO ChangeCommand VALUES(632,12,'{}','{"ID":1,"Name":"","Contact":"","Address":"","Phone":"","Email":"","CreateDate":1600825384,"UpdateDate":1600825384,"SyncVersion":1,"UID":""}',180,1,NULL);
INSERT INTO ChangeCommand VALUES(633,12,'{"Name":"","Address":"","Phone":"","Email":"","UpdateDate":1600825384,"ID":1}','{"Name":"Repository.1","Address":"repo address 1\r\nrepo address 2","Phone":"repo-phone","Email":"repo@email","UpdateDate":1600825384,"ID":1}',180,2,NULL);
INSERT INTO ChangeCommand VALUES(634,12,'{"UpdateDate":1600825384,"ID":1}','{"UpdateDate":1600825390,"ID":1}',181,1,NULL);
INSERT INTO ChangeCommand VALUES(635,12,'{"UpdateDate":1600825390,"ID":1}','{"UpdateDate":1600825390,"ID":1}',181,2,NULL);
INSERT INTO ChangeCommand VALUES(636,10,'{}','{"ID":1,"Title":"","Author":null,"PublisherName":null,"PublisherLocation":null,"PublishDate":null,"RepositoryID":null,"CallNumber":null,"Comments":null,"PID":null,"SourceType":0,"TemplateData":null,"CreateDate":1600825501,"UpdateDate":1600825501,"SyncVersion":1,"UID":""}',182,1,NULL);
INSERT INTO ChangeCommand VALUES(637,10,'{"UpdateDate":1600825501,"ID":1,"RepositoryID":null,"CallNumber":null,"Comments":null}','{"UpdateDate":1600825501,"ID":1,"RepositoryID":1,"CallNumber":"MasterSource.1.CallNumber","Comments":"MasterSource.1.Comment.line1\r\nMasterSource.1.Comment.line2\r\n"}',182,2,NULL);
INSERT INTO ChangeCommand VALUES(638,10,'{"Title":"","UpdateDate":1600825501,"ID":1}','{"Title":"MasterSource.1.Title","UpdateDate":1600825501,"ID":1}',182,3,NULL);
INSERT INTO ChangeCommand VALUES(639,10,'{"ID":1,"PublisherName":null}','{"ID":1,"PublisherName":"MasterSource.1.PublisherName"}',182,4,NULL);
INSERT INTO ChangeCommand VALUES(640,10,'{"ID":1,"PublisherLocation":null}','{"ID":1,"PublisherLocation":"MasterSource.1.PublisherLocation"}',182,5,NULL);
INSERT INTO ChangeCommand VALUES(641,10,'{"UpdateDate":1600825501,"ID":1,"PublishDate":null}','{"UpdateDate":1600825501,"ID":1,"PublishDate":"MasterSource.1.PublishDate"}',182,6,NULL);
INSERT INTO ChangeCommand VALUES(642,10,'{"UpdateDate":1600825501,"ID":1,"Author":null}','{"UpdateDate":1600825501,"ID":1,"Author":"MasterSource.1.Author"}',182,7,NULL);
INSERT INTO ChangeCommand VALUES(643,10,'{}','{"ID":2,"Title":"","Author":null,"PublisherName":null,"PublisherLocation":null,"PublishDate":null,"RepositoryID":null,"CallNumber":null,"Comments":null,"PID":null,"SourceType":0,"TemplateData":null,"CreateDate":1600825568,"UpdateDate":1600825568,"SyncVersion":1,"UID":""}',183,1,NULL);
INSERT INTO ChangeCommand VALUES(644,10,'{"UpdateDate":1600825568,"ID":2,"RepositoryID":null,"CallNumber":null,"Comments":null}','{"UpdateDate":1600825568,"ID":2,"RepositoryID":1,"CallNumber":"MasterSource.2.CallNumber","Comments":"MasterSource.2.Comments.line1\r\nMasterSource.2.Comments.line2\r\n"}',183,2,NULL);
INSERT INTO ChangeCommand VALUES(645,10,'{"Title":"","ID":2}','{"Title":"MasterSource.2.Ttile","ID":2}',183,3,NULL);
INSERT INTO ChangeCommand VALUES(646,10,'{"UpdateDate":1600825568,"ID":2,"PublisherName":null}','{"UpdateDate":1600825568,"ID":2,"PublisherName":"MasterSource.2.PublisherName"}',183,4,NULL);
INSERT INTO ChangeCommand VALUES(647,10,'{"ID":2,"PublisherLocation":null}','{"ID":2,"PublisherLocation":"MasterSource.2.PublisherLocation"}',183,5,NULL);
INSERT INTO ChangeCommand VALUES(648,10,'{"ID":2,"PublishDate":null}','{"ID":2,"PublishDate":"MasterSource.2.PublishDate"}',183,6,NULL);
INSERT INTO ChangeCommand VALUES(649,10,'{"ID":2,"Author":null}','{"ID":2,"Author":"MasterSource.2.Author"}',183,7,NULL);
INSERT INTO ChangeCommand VALUES(650,16,'{}','{"ID":1,"MasterSourceID":null,"PageNumber":null,"Comment":null,"IncludeComment":0,"Footnote":null,"Abbreviated":null,"MediaLinkedCounts":0,"PID":null,"CreateDate":1600825584,"UpdateDate":1600825584,"SyncVersion":1,"UID":""}',184,1,NULL);
INSERT INTO ChangeCommand VALUES(651,16,'{"UpdateDate":1600825584,"ID":1,"Comment":null}','{"UpdateDate":1600825584,"ID":1,"Comment":"temp"}',184,2,NULL);
INSERT INTO ChangeCommand VALUES(652,16,'{}','{"ID":2,"MasterSourceID":null,"PageNumber":null,"Comment":null,"IncludeComment":0,"Footnote":null,"Abbreviated":null,"MediaLinkedCounts":0,"PID":null,"CreateDate":1600825697,"UpdateDate":1600825697,"SyncVersion":1,"UID":""}',184,3,NULL);
INSERT INTO ChangeCommand VALUES(653,25,'{}','{"ID":1,"LinkID":2,"LinkTableID":16,"Title":null,"Url":null,"CreateDate":1600825697,"UpdateDate":1600825697,"SyncVersion":1,"UID":""}',184,5,NULL);
INSERT INTO ChangeCommand VALUES(654,25,'{"Url":null,"UpdateDate":1600825697,"ID":1}','{"Url":"http://source.1.1.webaddress/","UpdateDate":1600825697,"ID":1}',184,6,NULL);
INSERT INTO ChangeCommand VALUES(655,16,'{"UpdateDate":1600825697,"ID":2,"MasterSourceID":null,"PageNumber":null,"Comment":null,"Footnote":null}','{"UpdateDate":1600825697,"ID":2,"MasterSourceID":1,"PageNumber":"Source.1.1.CitationDetail.line1\r\nSource.1.1.CitationDetail.line2\r\n","Comment":"Source.1.1.CitationText.line1\r\nSource.1.1.CitationText.line2\r\n","Footnote":"{\\rtf1\\ansi\\ansicpg1252\\deff0\\deflang1033{\\fonttbl{\\f0\\fnil\\fcharset0 Microsoft Sans Serif;}{\\f1\\fnil Microsoft Sans Serif;}}\r\n\\viewkind4\\uc1\\pard\\f0\\fs17 MasterSource.1.Author, MasterSource.1.Title (MasterSource.1.PublisherLocation, MasterSource.1.PublisherName, MasterSource.1.PublishDate), Repository.1, repo address 1\\par\r\nrepo address 2, Source.1.1.CitationDetail.line1\\par\r\nSource.1.1.CitationDetail.line2\\par\r\n. Source.1.1.CitationText.line1\\par\r\nSource.1.1.CitationText.line2\\par\r\n. http://source.1.1.webaddress/.\\f1\\par\r\n\\par\r\n\\f0 ref note override?\\par\r\n}\r\n"}',184,4,NULL);
INSERT INTO ChangeCommand VALUES(656,16,'{"IncludeComment":0,"MediaLinkedCounts":0,"CreateDate":1600825584,"UpdateDate":1600825584,"SyncVersion":1,"UID":"","ID":1,"MasterSourceID":null,"PageNumber":null,"Comment":"temp","Footnote":null,"Abbreviated":null,"PID":null}','{}',184,7,NULL);
INSERT INTO ChangeCommand VALUES(657,16,'{}','{"ID":3,"MasterSourceID":null,"PageNumber":null,"Comment":null,"IncludeComment":0,"Footnote":null,"Abbreviated":null,"MediaLinkedCounts":0,"PID":null,"CreateDate":1600825704,"UpdateDate":1600825704,"SyncVersion":1,"UID":""}',185,1,NULL);
INSERT INTO ChangeCommand VALUES(658,16,'{"UpdateDate":1600825704,"ID":3,"Comment":null}','{"UpdateDate":1600825704,"ID":3,"Comment":"temp"}',185,2,NULL);
INSERT INTO ChangeCommand VALUES(659,16,'{}','{"ID":4,"MasterSourceID":null,"PageNumber":null,"Comment":null,"IncludeComment":0,"Footnote":null,"Abbreviated":null,"MediaLinkedCounts":0,"PID":null,"CreateDate":1600825747,"UpdateDate":1600825747,"SyncVersion":1,"UID":""}',185,3,NULL);
INSERT INTO ChangeCommand VALUES(660,25,'{}','{"ID":2,"LinkID":4,"LinkTableID":16,"Title":null,"Url":null,"CreateDate":1600825747,"UpdateDate":1600825747,"SyncVersion":1,"UID":""}',185,5,NULL);
INSERT INTO ChangeCommand VALUES(661,25,'{"Url":null,"UpdateDate":1600825747,"ID":2}','{"Url":"http://source.1.2.webaddress/","UpdateDate":1600825747,"ID":2}',185,6,NULL);
INSERT INTO ChangeCommand VALUES(662,16,'{"IncludeComment":0,"UpdateDate":1600825747,"ID":4,"MasterSourceID":null,"PageNumber":null,"Comment":null}','{"IncludeComment":9,"UpdateDate":1600825747,"ID":4,"MasterSourceID":1,"PageNumber":"Source.1.2.CitationDetail.line1\r\nSource.1.2.CitationDetail.line2\r\n","Comment":"Source.1.2.CitationText.line1\r\nSource.1.2.CitationText.line2\r\n"}',185,4,NULL);
INSERT INTO ChangeCommand VALUES(663,16,'{"IncludeComment":0,"MediaLinkedCounts":0,"CreateDate":1600825704,"UpdateDate":1600825704,"SyncVersion":1,"UID":"","ID":3,"MasterSourceID":null,"PageNumber":null,"Comment":"temp","Footnote":null,"Abbreviated":null,"PID":null}','{}',185,7,NULL);
INSERT INTO ChangeCommand VALUES(664,16,'{}','{"ID":5,"MasterSourceID":null,"PageNumber":null,"Comment":null,"IncludeComment":0,"Footnote":null,"Abbreviated":null,"MediaLinkedCounts":0,"PID":null,"CreateDate":1600825754,"UpdateDate":1600825754,"SyncVersion":1,"UID":""}',186,1,NULL);
INSERT INTO ChangeCommand VALUES(665,16,'{"UpdateDate":1600825754,"ID":5,"Comment":null}','{"UpdateDate":1600825754,"ID":5,"Comment":"temp"}',186,2,NULL);
INSERT INTO ChangeCommand VALUES(666,16,'{}','{"ID":6,"MasterSourceID":null,"PageNumber":null,"Comment":null,"IncludeComment":0,"Footnote":null,"Abbreviated":null,"MediaLinkedCounts":0,"PID":null,"CreateDate":1600825801,"UpdateDate":1600825801,"SyncVersion":1,"UID":""}',186,3,NULL);
INSERT INTO ChangeCommand VALUES(667,25,'{}','{"ID":3,"LinkID":6,"LinkTableID":16,"Title":null,"Url":null,"CreateDate":1600825801,"UpdateDate":1600825801,"SyncVersion":1,"UID":""}',186,5,NULL);
INSERT INTO ChangeCommand VALUES(668,25,'{"Url":null,"UpdateDate":1600825801,"ID":3}','{"Url":"http://source.2.1.webaddress/","UpdateDate":1600825801,"ID":3}',186,6,NULL);
INSERT INTO ChangeCommand VALUES(669,16,'{"IncludeComment":0,"UpdateDate":1600825801,"ID":6,"MasterSourceID":null,"PageNumber":null,"Comment":null}','{"IncludeComment":9,"UpdateDate":1600825801,"ID":6,"MasterSourceID":2,"PageNumber":"Source.2.1.CitationDetail.line1\r\nSource.2.1.CitationDetail.line2\r\n","Comment":"Source.2.1.CitationText.line1\r\nSource.2.1.CitationText.line2\r\n"}',186,4,NULL);
INSERT INTO ChangeCommand VALUES(670,16,'{"IncludeComment":0,"MediaLinkedCounts":0,"CreateDate":1600825754,"UpdateDate":1600825754,"SyncVersion":1,"UID":"","ID":5,"MasterSourceID":null,"PageNumber":null,"Comment":"temp","Footnote":null,"Abbreviated":null,"PID":null}','{}',186,7,NULL);
INSERT INTO ChangeCommand VALUES(671,16,'{}','{"ID":7,"MasterSourceID":null,"PageNumber":null,"Comment":null,"IncludeComment":0,"Footnote":null,"Abbreviated":null,"MediaLinkedCounts":0,"PID":null,"CreateDate":1600825803,"UpdateDate":1600825803,"SyncVersion":1,"UID":""}',187,1,NULL);
INSERT INTO ChangeCommand VALUES(672,16,'{"UpdateDate":1600825803,"ID":7,"Comment":null}','{"UpdateDate":1600825803,"ID":7,"Comment":"temp"}',187,2,NULL);
INSERT INTO ChangeCommand VALUES(673,16,'{}','{"ID":8,"MasterSourceID":null,"PageNumber":null,"Comment":null,"IncludeComment":0,"Footnote":null,"Abbreviated":null,"MediaLinkedCounts":0,"PID":null,"CreateDate":1600825842,"UpdateDate":1600825842,"SyncVersion":1,"UID":""}',187,3,NULL);
INSERT INTO ChangeCommand VALUES(674,25,'{}','{"ID":4,"LinkID":8,"LinkTableID":16,"Title":null,"Url":null,"CreateDate":1600825842,"UpdateDate":1600825842,"SyncVersion":1,"UID":""}',187,5,NULL);
INSERT INTO ChangeCommand VALUES(675,25,'{"Url":null,"UpdateDate":1600825842,"ID":4}','{"Url":"http://source.2.2.webaddress/","UpdateDate":1600825842,"ID":4}',187,6,NULL);
INSERT INTO ChangeCommand VALUES(676,16,'{"IncludeComment":0,"UpdateDate":1600825842,"ID":8,"MasterSourceID":null,"PageNumber":null,"Comment":null}','{"IncludeComment":9,"UpdateDate":1600825842,"ID":8,"MasterSourceID":2,"PageNumber":"Source.2.2.CitationDetail.line1\r\nSource.2.2.CitationDetail.line2\r\n","Comment":"Source.2.2.CitationText.line1\r\nSource.2.2.CitationText.line2\r\n"}',187,4,NULL);
INSERT INTO ChangeCommand VALUES(677,16,'{"IncludeComment":0,"MediaLinkedCounts":0,"CreateDate":1600825803,"UpdateDate":1600825803,"SyncVersion":1,"UID":"","ID":7,"MasterSourceID":null,"PageNumber":null,"Comment":"temp","Footnote":null,"Abbreviated":null,"PID":null}','{}',187,7,NULL);
INSERT INTO ChangeCommand VALUES(678,16,'{"UpdateDate":1600825697,"ID":2,"Footnote":"{\\rtf1\\ansi\\ansicpg1252\\deff0\\deflang1033{\\fonttbl{\\f0\\fnil\\fcharset0 Microsoft Sans Serif;}{\\f1\\fnil Microsoft Sans Serif;}}\r\n\\viewkind4\\uc1\\pard\\f0\\fs17 MasterSource.1.Author, MasterSource.1.Title (MasterSource.1.PublisherLocation, MasterSource.1.PublisherName, MasterSource.1.PublishDate), Repository.1, repo address 1\\par\r\nrepo address 2, Source.1.1.CitationDetail.line1\\par\r\nSource.1.1.CitationDetail.line2\\par\r\n. Source.1.1.CitationText.line1\\par\r\nSource.1.1.CitationText.line2\\par\r\n. http://source.1.1.webaddress/.\\f1\\par\r\n\\par\r\n\\f0 ref note override?\\par\r\n}\r\n"}','{"UpdateDate":1600825902,"ID":2,"Footnote":"{\\rtf1\\ansi\\ansicpg1252\\deff0\\deflang1033{\\fonttbl{\\f0\\fnil\\fcharset0 Microsoft Sans Serif;}}\r\n\\viewkind4\\uc1\\pard\\f0\\fs17 MasterSource.1.Author, MasterSource.1.Title (MasterSource.1.PublisherLocation, MasterSource.1.PublisherName, MasterSource.1.PublishDate), Repository.1, repo address 1 repo address 2, Source.1.1.CitationDetail.line1 Source.1.1.CitationDetail.line2 . Source.1.1.CitationText.line1 Source.1.1.CitationText.line2 . http://source.1.1.webaddress/.  ref note override? \\par\r\n}\r\n"}',188,1,NULL);
INSERT INTO ChangeCommand VALUES(679,2,'{}','{"ID":56,"LinkID":1,"LinkTableID":7,"FactTypeID":4,"Private":false,"Preferred":false,"Date":null,"PlaceID":null,"Text":null,"MediaLinkedCounts":0,"SourceLinkedCounts":0,"CreateDate":1600826010,"UpdateDate":1600826010,"Status":null,"DateSort1":null,"DateSort2":null,"DateModifier1":null,"DateModifier2":null,"SyncVersion":1,"UID":""}',189,1,NULL);
INSERT INTO ChangeCommand VALUES(680,2,'{"UpdateDate":1600826010,"ID":56}','{"UpdateDate":1600826010,"ID":56}',189,3,NULL);
INSERT INTO ChangeCommand VALUES(681,7,'{"ID":1,"UpdateDate":1600824857}','{"ID":1,"UpdateDate":1600826010}',189,2,NULL);
INSERT INTO ChangeCommand VALUES(682,2,'{"UpdateDate":1600826010,"ID":56}','{"UpdateDate":1600826010,"ID":56}',189,5,NULL);
INSERT INTO ChangeCommand VALUES(683,7,'{"ID":1,"UpdateDate":1600826010}','{"ID":1,"UpdateDate":1600826010}',189,4,NULL);
INSERT INTO ChangeCommand VALUES(684,2,'{"Preferred":false,"UpdateDate":1600826010,"ID":56}','{"Preferred":true,"UpdateDate":1600826010,"ID":56}',189,8,NULL);
INSERT INTO ChangeCommand VALUES(685,7,'{"ID":1,"UpdateDate":1600826010}','{"ID":1,"UpdateDate":1600826010}',189,6,NULL);
INSERT INTO ChangeCommand VALUES(686,2,'{"UpdateDate":1600826010,"ID":56}','{"UpdateDate":1600826010,"ID":56}',189,11,NULL);
INSERT INTO ChangeCommand VALUES(687,7,'{"ID":1,"UpdateDate":1600826010}','{"ID":1,"UpdateDate":1600826010}',189,9,NULL);
INSERT INTO ChangeCommand VALUES(688,7,'{"ID":1,"UpdateDate":1600826010}','{"ID":1,"UpdateDate":1600826010}',189,12,NULL);
INSERT INTO ChangeCommand VALUES(689,5,'{"ID":2,"MarriageFactID":null,"UpdateDate":1600824857,"MarriageDateSort1":2147387392,"MarriageDateYear":6770}','{"ID":2,"MarriageFactID":56,"UpdateDate":1600826010,"MarriageDateSort1":2147387392,"MarriageDateYear":6770}',189,7,NULL);
INSERT INTO ChangeCommand VALUES(690,5,'{"UpdateDate":1600824923,"ID":3,"MarriageFactID":null}','{"UpdateDate":1600826010,"ID":3,"MarriageFactID":56}',189,10,NULL);
INSERT INTO ChangeCommand VALUES(691,2,'{"UpdateDate":1600826010,"ID":56,"Date":null,"DateSort1":null,"DateModifier1":null}','{"UpdateDate":1600826020,"ID":56,"Date":"1161782272","DateSort1":1161782272,"DateModifier1":0}',190,1,NULL);
INSERT INTO ChangeCommand VALUES(692,7,'{"ID":1,"UpdateDate":1600826010}','{"ID":1,"UpdateDate":1600826020}',190,4,NULL);
INSERT INTO ChangeCommand VALUES(693,5,'{"ID":2,"MarriageDate":null,"UpdateDate":1600826010,"MarriageDateSort1":2147387392,"MarriageDateYear":6770}','{"ID":2,"MarriageDate":"1161782272","UpdateDate":1600826020,"MarriageDateSort1":1161782272,"MarriageDateYear":1500}',190,2,NULL);
INSERT INTO ChangeCommand VALUES(694,5,'{"MarriageDateSort1":2147387392,"MarriageDateYear":6770,"UpdateDate":1600826010,"ID":3,"MarriageDate":null}','{"MarriageDateSort1":1161782272,"MarriageDateYear":1500,"UpdateDate":1600826020,"ID":3,"MarriageDate":"1161782272"}',190,3,NULL);
INSERT INTO ChangeCommand VALUES(695,2,'{"UpdateDate":1600826020,"ID":56,"Date":"1161782272","DateSort1":1161782272}','{"UpdateDate":1600826079,"ID":56,"Date":"1161689600","DateSort1":1161689600}',191,1,NULL);
INSERT INTO ChangeCommand VALUES(696,7,'{"ID":1,"UpdateDate":1600826020}','{"ID":1,"UpdateDate":1600826079}',191,4,NULL);
INSERT INTO ChangeCommand VALUES(697,5,'{"ID":2,"MarriageDate":"1161782272","UpdateDate":1600826020,"MarriageDateSort1":1161782272}','{"ID":2,"MarriageDate":"1161689600","UpdateDate":1600826079,"MarriageDateSort1":1161689600}',191,2,NULL);
INSERT INTO ChangeCommand VALUES(698,5,'{"MarriageDateSort1":1161782272,"UpdateDate":1600826020,"ID":3,"MarriageDate":"1161782272"}','{"MarriageDateSort1":1161689600,"UpdateDate":1600826079,"ID":3,"MarriageDate":"1161689600"}',191,3,NULL);
INSERT INTO ChangeCommand VALUES(699,2,'{"UpdateDate":1600826079,"ID":56,"Date":"1161689600","DateSort1":1161689600}','{"UpdateDate":1600826084,"ID":56,"Date":"1161689088","DateSort1":1161689088}',192,1,NULL);
INSERT INTO ChangeCommand VALUES(700,7,'{"ID":1,"UpdateDate":1600826079}','{"ID":1,"UpdateDate":1600826084}',192,4,NULL);
INSERT INTO ChangeCommand VALUES(701,5,'{"ID":2,"MarriageDate":"1161689600","UpdateDate":1600826079,"MarriageDateSort1":1161689600}','{"ID":2,"MarriageDate":"1161689088","UpdateDate":1600826084,"MarriageDateSort1":1161689088}',192,2,NULL);
INSERT INTO ChangeCommand VALUES(702,5,'{"MarriageDateSort1":1161689600,"UpdateDate":1600826079,"ID":3,"MarriageDate":"1161689600"}','{"MarriageDateSort1":1161689088,"UpdateDate":1600826084,"ID":3,"MarriageDate":"1161689088"}',192,3,NULL);
INSERT INTO ChangeCommand VALUES(703,5,'{"DeathDateSort1":1255377920,"DeathDateYear":2000,"UpdateDate":1600826084,"ID":3,"DeathDate":"1255377920"}','{"DeathDateSort1":1255378432,"DeathDateYear":2001,"UpdateDate":1600826093,"ID":3,"DeathDate":"1255378432"}',193,2,NULL);
INSERT INTO ChangeCommand VALUES(704,2,'{"UpdateDate":1600824923,"ID":55,"Date":"1255377920","DateSort1":1255377920}','{"UpdateDate":1600826093,"ID":55,"Date":"1255378432","DateSort1":1255378432}',193,1,NULL);
INSERT INTO ChangeCommand VALUES(705,5,'{"UpdateDate":1600826093,"ID":3}','{"UpdateDate":1600826093,"ID":3}',193,3,NULL);
INSERT INTO ChangeCommand VALUES(706,5,'{"ID":2,"MarriageFactID":56,"UpdateDate":1600826084}','{"ID":2,"MarriageFactID":null,"UpdateDate":1600826102}',194,1,NULL);
INSERT INTO ChangeCommand VALUES(707,5,'{"UpdateDate":1600826093,"ID":3,"MarriageFactID":56}','{"UpdateDate":1600826102,"ID":3,"MarriageFactID":null}',194,2,NULL);
INSERT INTO ChangeCommand VALUES(708,2,'{"LinkID":1,"LinkTableID":7,"FactTypeID":4,"Preferred":true,"Private":false,"MediaLinkedCounts":0,"SourceLinkedCounts":0,"SyncVersion":1,"CreateDate":1600826010,"UpdateDate":1600826084,"UID":"","ID":56,"Date":"1161689088","PlaceID":null,"Text":null,"Status":null,"DateSort1":1161689088,"DateSort2":null,"DateModifier1":0,"DateModifier2":null}','{}',194,4,NULL);
INSERT INTO ChangeCommand VALUES(709,7,'{"ID":1,"UpdateDate":1600826084}','{"ID":1,"UpdateDate":1600826102}',194,3,NULL);
INSERT INTO ChangeCommand VALUES(710,5,'{"ID":2,"MarriageDate":"1161689088","UpdateDate":1600826102,"MarriageDateSort1":1161689088,"MarriageDateYear":1500}','{"ID":2,"MarriageDate":null,"UpdateDate":1600826102,"MarriageDateSort1":2147387392,"MarriageDateYear":6770}',194,5,NULL);
INSERT INTO ChangeCommand VALUES(711,5,'{"MarriageDateSort1":1161689088,"MarriageDateYear":1500,"UpdateDate":1600826102,"ID":3,"MarriageDate":"1161689088"}','{"MarriageDateSort1":2147387392,"MarriageDateYear":6770,"UpdateDate":1600826102,"ID":3,"MarriageDate":null}',194,6,NULL);
INSERT INTO ChangeCommand VALUES(712,2,'{}','{"ID":57,"LinkID":3,"LinkTableID":5,"FactTypeID":67,"Private":false,"Preferred":false,"Date":null,"PlaceID":null,"Text":null,"MediaLinkedCounts":0,"SourceLinkedCounts":0,"CreateDate":1600826122,"UpdateDate":1600826122,"Status":null,"DateSort1":null,"DateSort2":null,"DateModifier1":null,"DateModifier2":null,"SyncVersion":1,"UID":""}',195,1,NULL);
INSERT INTO ChangeCommand VALUES(713,5,'{"UpdateDate":1600826102,"ID":3}','{"UpdateDate":1600826122,"ID":3}',195,2,NULL);
INSERT INTO ChangeCommand VALUES(714,5,'{"UpdateDate":1600826122,"ID":3}','{"UpdateDate":1600826122,"ID":3}',195,4,NULL);
INSERT INTO ChangeCommand VALUES(715,2,'{"UpdateDate":1600826122,"ID":57}','{"UpdateDate":1600826122,"ID":57}',195,3,NULL);
INSERT INTO ChangeCommand VALUES(716,2,'{"UpdateDate":1600826122,"ID":57}','{"UpdateDate":1600826122,"ID":57}',195,5,NULL);
INSERT INTO ChangeCommand VALUES(717,5,'{"UpdateDate":1600826122,"ID":3}','{"UpdateDate":1600826122,"ID":3}',195,6,NULL);
INSERT INTO ChangeCommand VALUES(718,2,'{"Preferred":false,"UpdateDate":1600826122,"ID":57}','{"Preferred":true,"UpdateDate":1600826122,"ID":57}',195,7,NULL);
INSERT INTO ChangeCommand VALUES(719,5,'{"UpdateDate":1600826122,"ID":3}','{"UpdateDate":1600826122,"ID":3}',195,8,NULL);
INSERT INTO ChangeCommand VALUES(720,2,'{"UpdateDate":1600826122,"ID":57,"Date":null,"DateSort1":null,"DateModifier1":null}','{"UpdateDate":1600826128,"ID":57,"Date":"1161689088","DateSort1":1161689088,"DateModifier1":0}',196,1,NULL);
INSERT INTO ChangeCommand VALUES(721,5,'{"UpdateDate":1600826122,"ID":3}','{"UpdateDate":1600826128,"ID":3}',196,2,NULL);
INSERT INTO ChangeCommand VALUES(722,2,'{"UpdateDate":1600826128,"ID":57,"Date":"1161689088","DateSort1":1161689088}','{"UpdateDate":1600826142,"ID":57,"Date":"1245840896","DateSort1":1245840896}',197,1,NULL);
INSERT INTO ChangeCommand VALUES(723,5,'{"UpdateDate":1600826128,"ID":3}','{"UpdateDate":1600826142,"ID":3}',197,2,NULL);
INSERT INTO ChangeCommand VALUES(724,2,'{"UpdateDate":1600826142,"ID":57,"Date":"1245840896","DateSort1":1245840896}','{"UpdateDate":1600826180,"ID":57,"Date":"1246027776","DateSort1":1246027776}',198,1,NULL);
INSERT INTO ChangeCommand VALUES(725,5,'{"UpdateDate":1600826142,"ID":3}','{"UpdateDate":1600826180,"ID":3}',198,2,NULL);
INSERT INTO ChangeCommand VALUES(726,17,'{}','{"ID":1,"LinkID":54,"LinkTableID":2,"SourceID":2,"IsSource":false,"Stars":0,"CalcFlags":0,"Calculated":false,"Justification":"","ExternalID":"","CreateDate":1600826195,"UpdateDate":1600826195,"SyncVersion":1,"UID":""}',199,1,NULL);
INSERT INTO ChangeCommand VALUES(727,5,'{"UpdateDate":1600826180,"ID":3}','{"UpdateDate":1600826195,"ID":3}',199,3,NULL);
INSERT INTO ChangeCommand VALUES(728,2,'{"UpdateDate":1600824899,"ID":54}','{"UpdateDate":1600826195,"ID":54}',199,2,NULL);
INSERT INTO ChangeCommand VALUES(729,2,'{"SourceLinkedCounts":0,"UpdateDate":1600826195,"ID":54}','{"SourceLinkedCounts":1,"UpdateDate":1600826195,"ID":54}',199,4,NULL);
INSERT INTO ChangeCommand VALUES(730,5,'{"UpdateDate":1600826195,"ID":3}','{"UpdateDate":1600826195,"ID":3}',199,5,NULL);
INSERT INTO ChangeCommand VALUES(731,5,'{"LinkedCounts":0,"UpdateDate":1600826195,"ID":3}','{"LinkedCounts":1,"UpdateDate":1600826195,"ID":3}',199,6,NULL);
INSERT INTO ChangeCommand VALUES(732,17,'{}','{"ID":2,"LinkID":57,"LinkTableID":2,"SourceID":4,"IsSource":false,"Stars":0,"CalcFlags":0,"Calculated":false,"Justification":"","ExternalID":"","CreateDate":1600826211,"UpdateDate":1600826211,"SyncVersion":1,"UID":""}',200,1,NULL);
INSERT INTO ChangeCommand VALUES(733,5,'{"UpdateDate":1600826195,"ID":3}','{"UpdateDate":1600826211,"ID":3}',200,3,NULL);
INSERT INTO ChangeCommand VALUES(734,2,'{"UpdateDate":1600826180,"ID":57}','{"UpdateDate":1600826211,"ID":57}',200,2,NULL);
INSERT INTO ChangeCommand VALUES(735,2,'{"SourceLinkedCounts":0,"UpdateDate":1600826211,"ID":57}','{"SourceLinkedCounts":1,"UpdateDate":1600826211,"ID":57}',200,4,NULL);
INSERT INTO ChangeCommand VALUES(736,5,'{"UpdateDate":1600826211,"ID":3}','{"UpdateDate":1600826211,"ID":3}',200,5,NULL);
INSERT INTO ChangeCommand VALUES(737,5,'{"LinkedCounts":1,"ID":3}','{"LinkedCounts":2,"ID":3}',200,6,NULL);
INSERT INTO ChangeCommand VALUES(738,17,'{}','{"ID":3,"LinkID":57,"LinkTableID":2,"SourceID":6,"IsSource":false,"Stars":0,"CalcFlags":0,"Calculated":false,"Justification":"","ExternalID":"","CreateDate":1600826218,"UpdateDate":1600826218,"SyncVersion":1,"UID":""}',201,1,NULL);
INSERT INTO ChangeCommand VALUES(739,5,'{"UpdateDate":1600826211,"ID":3}','{"UpdateDate":1600826218,"ID":3}',201,3,NULL);
INSERT INTO ChangeCommand VALUES(740,2,'{"UpdateDate":1600826211,"ID":57}','{"UpdateDate":1600826218,"ID":57}',201,2,NULL);
INSERT INTO ChangeCommand VALUES(741,2,'{"SourceLinkedCounts":1,"ID":57}','{"SourceLinkedCounts":2,"ID":57}',201,4,NULL);
INSERT INTO ChangeCommand VALUES(742,5,'{"UpdateDate":1600826218,"ID":3}','{"UpdateDate":1600826218,"ID":3}',201,5,NULL);
INSERT INTO ChangeCommand VALUES(743,5,'{"LinkedCounts":2,"ID":3}','{"LinkedCounts":3,"ID":3}',201,6,NULL);
INSERT INTO ChangeCommand VALUES(744,17,'{}','{"ID":4,"LinkID":55,"LinkTableID":2,"SourceID":6,"IsSource":false,"Stars":0,"CalcFlags":0,"Calculated":false,"Justification":"","ExternalID":"","CreateDate":1600826224,"UpdateDate":1600826224,"SyncVersion":1,"UID":""}',202,1,NULL);
INSERT INTO ChangeCommand VALUES(745,5,'{"UpdateDate":1600826218,"ID":3}','{"UpdateDate":1600826224,"ID":3}',202,3,NULL);
INSERT INTO ChangeCommand VALUES(746,2,'{"UpdateDate":1600826093,"ID":55}','{"UpdateDate":1600826224,"ID":55}',202,2,NULL);
INSERT INTO ChangeCommand VALUES(747,2,'{"SourceLinkedCounts":0,"ID":55}','{"SourceLinkedCounts":1,"ID":55}',202,4,NULL);
INSERT INTO ChangeCommand VALUES(748,5,'{"UpdateDate":1600826224,"ID":3}','{"UpdateDate":1600826224,"ID":3}',202,5,NULL);
INSERT INTO ChangeCommand VALUES(749,5,'{"LinkedCounts":3,"ID":3}','{"LinkedCounts":4,"ID":3}',202,6,NULL);
INSERT INTO ChangeCommand VALUES(750,17,'{}','{"ID":5,"LinkID":55,"LinkTableID":2,"SourceID":8,"IsSource":false,"Stars":0,"CalcFlags":0,"Calculated":false,"Justification":"","ExternalID":"","CreateDate":1600826227,"UpdateDate":1600826227,"SyncVersion":1,"UID":""}',203,1,NULL);
INSERT INTO ChangeCommand VALUES(751,5,'{"UpdateDate":1600826224,"ID":3}','{"UpdateDate":1600826227,"ID":3}',203,3,NULL);
INSERT INTO ChangeCommand VALUES(752,2,'{"UpdateDate":1600826224,"ID":55}','{"UpdateDate":1600826227,"ID":55}',203,2,NULL);
INSERT INTO ChangeCommand VALUES(753,2,'{"SourceLinkedCounts":1,"UpdateDate":1600826227,"ID":55}','{"SourceLinkedCounts":2,"UpdateDate":1600826227,"ID":55}',203,4,NULL);
INSERT INTO ChangeCommand VALUES(754,5,'{"UpdateDate":1600826227,"ID":3}','{"UpdateDate":1600826227,"ID":3}',203,5,NULL);
INSERT INTO ChangeCommand VALUES(755,5,'{"LinkedCounts":4,"ID":3}','{"LinkedCounts":5,"ID":3}',203,6,NULL);
INSERT INTO ChangeCommand VALUES(756,2,'{"UpdateDate":1600826218,"ID":57}','{"UpdateDate":1600827265,"ID":57}',204,2,NULL);
INSERT INTO ChangeCommand VALUES(757,5,'{"UpdateDate":1600826227,"ID":3}','{"UpdateDate":1600827265,"ID":3}',204,3,NULL);
INSERT INTO ChangeCommand VALUES(758,2,'{"UpdateDate":1600827265,"ID":57}','{"UpdateDate":1600827265,"ID":57}',204,5,NULL);
INSERT INTO ChangeCommand VALUES(759,5,'{"UpdateDate":1600827265,"ID":3}','{"UpdateDate":1600827265,"ID":3}',204,6,NULL);
INSERT INTO ChangeCommand VALUES(760,2,'{"UpdateDate":1600827265,"ID":57}','{"UpdateDate":1600827265,"ID":57}',204,8,NULL);
INSERT INTO ChangeCommand VALUES(761,5,'{"UpdateDate":1600827265,"ID":3}','{"UpdateDate":1600827265,"ID":3}',204,9,NULL);
INSERT INTO ChangeCommand VALUES(762,2,'{"UpdateDate":1600827265,"ID":57}','{"UpdateDate":1600827265,"ID":57}',204,11,NULL);
INSERT INTO ChangeCommand VALUES(763,5,'{"UpdateDate":1600827265,"ID":3}','{"UpdateDate":1600827265,"ID":3}',204,12,NULL);
INSERT INTO ChangeCommand VALUES(764,2,'{"UpdateDate":1600827265,"ID":57}','{"UpdateDate":1600827265,"ID":57}',204,14,NULL);
INSERT INTO ChangeCommand VALUES(765,5,'{"UpdateDate":1600827265,"ID":3}','{"UpdateDate":1600827265,"ID":3}',204,15,NULL);
INSERT INTO ChangeCommand VALUES(766,2,'{"UpdateDate":1600827265,"ID":57}','{"UpdateDate":1600827265,"ID":57}',204,17,NULL);
INSERT INTO ChangeCommand VALUES(767,5,'{"UpdateDate":1600827265,"ID":3}','{"UpdateDate":1600827265,"ID":3}',204,18,NULL);
INSERT INTO ChangeCommand VALUES(768,2,'{"UpdateDate":1600827265,"ID":57}','{"UpdateDate":1600827265,"ID":57}',204,20,NULL);
INSERT INTO ChangeCommand VALUES(769,5,'{"UpdateDate":1600827265,"ID":3}','{"UpdateDate":1600827265,"ID":3}',204,21,NULL);
INSERT INTO ChangeCommand VALUES(770,2,'{"UpdateDate":1600827265,"ID":57}','{"UpdateDate":1600827265,"ID":57}',204,23,NULL);
INSERT INTO ChangeCommand VALUES(771,5,'{"UpdateDate":1600827265,"ID":3}','{"UpdateDate":1600827265,"ID":3}',204,24,NULL);
INSERT INTO ChangeCommand VALUES(772,2,'{"UpdateDate":1600827265,"ID":57}','{"UpdateDate":1600827265,"ID":57}',204,26,NULL);
INSERT INTO ChangeCommand VALUES(773,5,'{"UpdateDate":1600827265,"ID":3}','{"UpdateDate":1600827265,"ID":3}',204,27,NULL);
INSERT INTO ChangeCommand VALUES(774,2,'{"UpdateDate":1600827265,"ID":57}','{"UpdateDate":1600827265,"ID":57}',204,29,NULL);
INSERT INTO ChangeCommand VALUES(775,5,'{"UpdateDate":1600827265,"ID":3}','{"UpdateDate":1600827265,"ID":3}',204,30,NULL);
INSERT INTO ChangeCommand VALUES(776,2,'{"UpdateDate":1600827265,"ID":57}','{"UpdateDate":1600827265,"ID":57}',204,32,NULL);
INSERT INTO ChangeCommand VALUES(777,5,'{"UpdateDate":1600827265,"ID":3}','{"UpdateDate":1600827265,"ID":3}',204,33,NULL);
INSERT INTO ChangeCommand VALUES(778,2,'{"UpdateDate":1600827265,"ID":57}','{"UpdateDate":1600827265,"ID":57}',204,35,NULL);
INSERT INTO ChangeCommand VALUES(779,5,'{"UpdateDate":1600827265,"ID":3}','{"UpdateDate":1600827265,"ID":3}',204,36,NULL);
INSERT INTO ChangeCommand VALUES(780,2,'{"UpdateDate":1600827265,"ID":57}','{"UpdateDate":1600827265,"ID":57}',204,38,NULL);
INSERT INTO ChangeCommand VALUES(781,5,'{"UpdateDate":1600827265,"ID":3}','{"UpdateDate":1600827265,"ID":3}',204,39,NULL);
INSERT INTO ChangeCommand VALUES(782,17,'{"UpdateDate":1600826211,"ID":2}','{"UpdateDate":1600827265,"ID":2}',204,1,NULL);
INSERT INTO ChangeCommand VALUES(783,17,'{"UpdateDate":1600827265,"ID":2}','{"UpdateDate":1600827265,"ID":2}',204,4,NULL);
INSERT INTO ChangeCommand VALUES(784,17,'{"UpdateDate":1600827265,"ID":2}','{"UpdateDate":1600827265,"ID":2}',204,7,NULL);
INSERT INTO ChangeCommand VALUES(785,17,'{"UpdateDate":1600827265,"ID":2}','{"UpdateDate":1600827265,"ID":2}',204,10,NULL);
INSERT INTO ChangeCommand VALUES(786,17,'{"UpdateDate":1600827265,"ID":2}','{"UpdateDate":1600827265,"ID":2}',204,13,NULL);
INSERT INTO ChangeCommand VALUES(787,17,'{"UpdateDate":1600827265,"ID":2}','{"UpdateDate":1600827265,"ID":2}',204,16,NULL);
INSERT INTO ChangeCommand VALUES(788,17,'{"Justification":"","UpdateDate":1600827265,"ID":2}','{"Justification":"one.star","UpdateDate":1600827265,"ID":2}',204,19,NULL);
INSERT INTO ChangeCommand VALUES(789,17,'{"UpdateDate":1600827265,"ID":2}','{"UpdateDate":1600827265,"ID":2}',204,22,NULL);
INSERT INTO ChangeCommand VALUES(790,17,'{"UpdateDate":1600827265,"ID":2}','{"UpdateDate":1600827265,"ID":2}',204,25,NULL);
INSERT INTO ChangeCommand VALUES(791,17,'{"UpdateDate":1600827265,"ID":2}','{"UpdateDate":1600827265,"ID":2}',204,28,NULL);
INSERT INTO ChangeCommand VALUES(792,17,'{"UpdateDate":1600827265,"ID":2}','{"UpdateDate":1600827265,"ID":2}',204,31,NULL);
INSERT INTO ChangeCommand VALUES(793,17,'{"UpdateDate":1600827265,"ID":2}','{"UpdateDate":1600827265,"ID":2}',204,34,NULL);
INSERT INTO ChangeCommand VALUES(794,17,'{"Stars":0,"UpdateDate":1600827265,"ID":2}','{"Stars":1,"UpdateDate":1600827265,"ID":2}',204,37,NULL);
INSERT INTO ChangeCommand VALUES(795,17,'{"UpdateDate":1600827265,"ID":2}','{"UpdateDate":1600827265,"ID":2}',204,40,NULL);
INSERT INTO ChangeCommand VALUES(796,5,'{"UpdateDate":1600827265,"ID":3}','{"UpdateDate":1600827265,"ID":3}',204,42,NULL);
INSERT INTO ChangeCommand VALUES(797,2,'{"UpdateDate":1600827265,"ID":57}','{"UpdateDate":1600827265,"ID":57}',204,41,NULL);
INSERT INTO ChangeCommand VALUES(798,2,'{"UpdateDate":1600827265,"ID":57}','{"UpdateDate":1600827276,"ID":57}',205,2,NULL);
INSERT INTO ChangeCommand VALUES(799,5,'{"UpdateDate":1600827265,"ID":3}','{"UpdateDate":1600827276,"ID":3}',205,3,NULL);
INSERT INTO ChangeCommand VALUES(800,2,'{"UpdateDate":1600827276,"ID":57}','{"UpdateDate":1600827276,"ID":57}',205,5,NULL);
INSERT INTO ChangeCommand VALUES(801,5,'{"UpdateDate":1600827276,"ID":3}','{"UpdateDate":1600827276,"ID":3}',205,6,NULL);
INSERT INTO ChangeCommand VALUES(802,2,'{"UpdateDate":1600827276,"ID":57}','{"UpdateDate":1600827276,"ID":57}',205,8,NULL);
INSERT INTO ChangeCommand VALUES(803,5,'{"UpdateDate":1600827276,"ID":3}','{"UpdateDate":1600827276,"ID":3}',205,9,NULL);
INSERT INTO ChangeCommand VALUES(804,2,'{"UpdateDate":1600827276,"ID":57}','{"UpdateDate":1600827276,"ID":57}',205,11,NULL);
INSERT INTO ChangeCommand VALUES(805,5,'{"UpdateDate":1600827276,"ID":3}','{"UpdateDate":1600827276,"ID":3}',205,12,NULL);
INSERT INTO ChangeCommand VALUES(806,2,'{"UpdateDate":1600827276,"ID":57}','{"UpdateDate":1600827276,"ID":57}',205,14,NULL);
INSERT INTO ChangeCommand VALUES(807,5,'{"UpdateDate":1600827276,"ID":3}','{"UpdateDate":1600827276,"ID":3}',205,15,NULL);
INSERT INTO ChangeCommand VALUES(808,2,'{"UpdateDate":1600827276,"ID":57}','{"UpdateDate":1600827276,"ID":57}',205,17,NULL);
INSERT INTO ChangeCommand VALUES(809,5,'{"UpdateDate":1600827276,"ID":3}','{"UpdateDate":1600827276,"ID":3}',205,18,NULL);
INSERT INTO ChangeCommand VALUES(810,2,'{"UpdateDate":1600827276,"ID":57}','{"UpdateDate":1600827276,"ID":57}',205,20,NULL);
INSERT INTO ChangeCommand VALUES(811,5,'{"UpdateDate":1600827276,"ID":3}','{"UpdateDate":1600827276,"ID":3}',205,21,NULL);
INSERT INTO ChangeCommand VALUES(812,2,'{"UpdateDate":1600827276,"ID":57}','{"UpdateDate":1600827276,"ID":57}',205,23,NULL);
INSERT INTO ChangeCommand VALUES(813,5,'{"UpdateDate":1600827276,"ID":3}','{"UpdateDate":1600827276,"ID":3}',205,24,NULL);
INSERT INTO ChangeCommand VALUES(814,2,'{"UpdateDate":1600827276,"ID":57}','{"UpdateDate":1600827276,"ID":57}',205,25,NULL);
INSERT INTO ChangeCommand VALUES(815,5,'{"UpdateDate":1600827276,"ID":3}','{"UpdateDate":1600827276,"ID":3}',205,26,NULL);
INSERT INTO ChangeCommand VALUES(816,2,'{"UpdateDate":1600827276,"ID":57}','{"UpdateDate":1600827276,"ID":57}',205,28,NULL);
INSERT INTO ChangeCommand VALUES(817,5,'{"UpdateDate":1600827276,"ID":3}','{"UpdateDate":1600827276,"ID":3}',205,29,NULL);
INSERT INTO ChangeCommand VALUES(818,2,'{"UpdateDate":1600827276,"ID":57}','{"UpdateDate":1600827276,"ID":57}',205,31,NULL);
INSERT INTO ChangeCommand VALUES(819,5,'{"UpdateDate":1600827276,"ID":3}','{"UpdateDate":1600827276,"ID":3}',205,32,NULL);
INSERT INTO ChangeCommand VALUES(820,2,'{"UpdateDate":1600827276,"ID":57}','{"UpdateDate":1600827276,"ID":57}',205,34,NULL);
INSERT INTO ChangeCommand VALUES(821,5,'{"UpdateDate":1600827276,"ID":3}','{"UpdateDate":1600827276,"ID":3}',205,35,NULL);
INSERT INTO ChangeCommand VALUES(822,2,'{"UpdateDate":1600827276,"ID":57}','{"UpdateDate":1600827276,"ID":57}',205,37,NULL);
INSERT INTO ChangeCommand VALUES(823,5,'{"UpdateDate":1600827276,"ID":3}','{"UpdateDate":1600827276,"ID":3}',205,38,NULL);
INSERT INTO ChangeCommand VALUES(824,17,'{"UpdateDate":1600826218,"ID":3}','{"UpdateDate":1600827276,"ID":3}',205,1,NULL);
INSERT INTO ChangeCommand VALUES(825,17,'{"UpdateDate":1600827276,"ID":3}','{"UpdateDate":1600827276,"ID":3}',205,4,NULL);
INSERT INTO ChangeCommand VALUES(826,17,'{"UpdateDate":1600827276,"ID":3}','{"UpdateDate":1600827276,"ID":3}',205,7,NULL);
INSERT INTO ChangeCommand VALUES(827,17,'{"UpdateDate":1600827276,"ID":3}','{"UpdateDate":1600827276,"ID":3}',205,10,NULL);
INSERT INTO ChangeCommand VALUES(828,17,'{"UpdateDate":1600827276,"ID":3}','{"UpdateDate":1600827276,"ID":3}',205,13,NULL);
INSERT INTO ChangeCommand VALUES(829,17,'{"UpdateDate":1600827276,"ID":3}','{"UpdateDate":1600827276,"ID":3}',205,16,NULL);
INSERT INTO ChangeCommand VALUES(830,17,'{"Justification":"","UpdateDate":1600827276,"ID":3}','{"Justification":"2,stars","UpdateDate":1600827276,"ID":3}',205,19,NULL);
INSERT INTO ChangeCommand VALUES(831,17,'{"UpdateDate":1600827276,"ID":3}','{"UpdateDate":1600827276,"ID":3}',205,22,NULL);
INSERT INTO ChangeCommand VALUES(832,17,'{"UpdateDate":1600827276,"ID":3}','{"UpdateDate":1600827276,"ID":3}',205,27,NULL);
INSERT INTO ChangeCommand VALUES(833,17,'{"UpdateDate":1600827276,"ID":3}','{"UpdateDate":1600827276,"ID":3}',205,30,NULL);
INSERT INTO ChangeCommand VALUES(834,17,'{"UpdateDate":1600827276,"ID":3}','{"UpdateDate":1600827276,"ID":3}',205,33,NULL);
INSERT INTO ChangeCommand VALUES(835,17,'{"Stars":0,"UpdateDate":1600827276,"ID":3}','{"Stars":2,"UpdateDate":1600827276,"ID":3}',205,36,NULL);
INSERT INTO ChangeCommand VALUES(836,17,'{"UpdateDate":1600827276,"ID":3}','{"UpdateDate":1600827276,"ID":3}',205,39,NULL);
INSERT INTO ChangeCommand VALUES(837,5,'{"UpdateDate":1600827276,"ID":3}','{"UpdateDate":1600827276,"ID":3}',205,41,NULL);
INSERT INTO ChangeCommand VALUES(838,2,'{"UpdateDate":1600827276,"ID":57}','{"UpdateDate":1600827276,"ID":57}',205,40,NULL);
INSERT INTO ChangeCommand VALUES(839,2,'{"UpdateDate":1600826227,"ID":55}','{"UpdateDate":1600827288,"ID":55}',206,2,NULL);
INSERT INTO ChangeCommand VALUES(840,5,'{"UpdateDate":1600827276,"ID":3}','{"UpdateDate":1600827288,"ID":3}',206,3,NULL);
INSERT INTO ChangeCommand VALUES(841,2,'{"UpdateDate":1600827288,"ID":55}','{"UpdateDate":1600827288,"ID":55}',206,5,NULL);
INSERT INTO ChangeCommand VALUES(842,5,'{"UpdateDate":1600827288,"ID":3}','{"UpdateDate":1600827288,"ID":3}',206,6,NULL);
INSERT INTO ChangeCommand VALUES(843,2,'{"UpdateDate":1600827288,"ID":55}','{"UpdateDate":1600827288,"ID":55}',206,8,NULL);
INSERT INTO ChangeCommand VALUES(844,5,'{"UpdateDate":1600827288,"ID":3}','{"UpdateDate":1600827288,"ID":3}',206,9,NULL);
INSERT INTO ChangeCommand VALUES(845,2,'{"UpdateDate":1600827288,"ID":55}','{"UpdateDate":1600827288,"ID":55}',206,11,NULL);
INSERT INTO ChangeCommand VALUES(846,2,'{"UpdateDate":1600827288,"ID":55}','{"UpdateDate":1600827288,"ID":55}',206,13,NULL);
INSERT INTO ChangeCommand VALUES(847,5,'{"UpdateDate":1600827288,"ID":3}','{"UpdateDate":1600827288,"ID":3}',206,14,NULL);
INSERT INTO ChangeCommand VALUES(848,2,'{"UpdateDate":1600827288,"ID":55}','{"UpdateDate":1600827288,"ID":55}',206,16,NULL);
INSERT INTO ChangeCommand VALUES(849,5,'{"UpdateDate":1600827288,"ID":3}','{"UpdateDate":1600827288,"ID":3}',206,17,NULL);
INSERT INTO ChangeCommand VALUES(850,2,'{"UpdateDate":1600827288,"ID":55}','{"UpdateDate":1600827288,"ID":55}',206,19,NULL);
INSERT INTO ChangeCommand VALUES(851,5,'{"UpdateDate":1600827288,"ID":3}','{"UpdateDate":1600827288,"ID":3}',206,20,NULL);
INSERT INTO ChangeCommand VALUES(852,2,'{"UpdateDate":1600827288,"ID":55}','{"UpdateDate":1600827288,"ID":55}',206,22,NULL);
INSERT INTO ChangeCommand VALUES(853,5,'{"UpdateDate":1600827288,"ID":3}','{"UpdateDate":1600827288,"ID":3}',206,23,NULL);
INSERT INTO ChangeCommand VALUES(854,2,'{"UpdateDate":1600827288,"ID":55}','{"UpdateDate":1600827288,"ID":55}',206,25,NULL);
INSERT INTO ChangeCommand VALUES(855,5,'{"UpdateDate":1600827288,"ID":3}','{"UpdateDate":1600827288,"ID":3}',206,26,NULL);
INSERT INTO ChangeCommand VALUES(856,2,'{"UpdateDate":1600827288,"ID":55}','{"UpdateDate":1600827288,"ID":55}',206,28,NULL);
INSERT INTO ChangeCommand VALUES(857,5,'{"UpdateDate":1600827288,"ID":3}','{"UpdateDate":1600827288,"ID":3}',206,29,NULL);
INSERT INTO ChangeCommand VALUES(858,2,'{"UpdateDate":1600827288,"ID":55}','{"UpdateDate":1600827288,"ID":55}',206,31,NULL);
INSERT INTO ChangeCommand VALUES(859,5,'{"UpdateDate":1600827288,"ID":3}','{"UpdateDate":1600827288,"ID":3}',206,32,NULL);
INSERT INTO ChangeCommand VALUES(860,2,'{"UpdateDate":1600827288,"ID":55}','{"UpdateDate":1600827288,"ID":55}',206,34,NULL);
INSERT INTO ChangeCommand VALUES(861,5,'{"UpdateDate":1600827288,"ID":3}','{"UpdateDate":1600827288,"ID":3}',206,35,NULL);
INSERT INTO ChangeCommand VALUES(862,2,'{"UpdateDate":1600827288,"ID":55}','{"UpdateDate":1600827288,"ID":55}',206,37,NULL);
INSERT INTO ChangeCommand VALUES(863,5,'{"UpdateDate":1600827288,"ID":3}','{"UpdateDate":1600827288,"ID":3}',206,38,NULL);
INSERT INTO ChangeCommand VALUES(864,17,'{"UpdateDate":1600826224,"ID":4}','{"UpdateDate":1600827288,"ID":4}',206,1,NULL);
INSERT INTO ChangeCommand VALUES(865,17,'{"UpdateDate":1600827288,"ID":4}','{"UpdateDate":1600827288,"ID":4}',206,4,NULL);
INSERT INTO ChangeCommand VALUES(866,17,'{"UpdateDate":1600827288,"ID":4}','{"UpdateDate":1600827288,"ID":4}',206,7,NULL);
INSERT INTO ChangeCommand VALUES(867,17,'{"UpdateDate":1600827288,"ID":4}','{"UpdateDate":1600827288,"ID":4}',206,10,NULL);
INSERT INTO ChangeCommand VALUES(868,17,'{"UpdateDate":1600827288,"ID":4}','{"UpdateDate":1600827288,"ID":4}',206,12,NULL);
INSERT INTO ChangeCommand VALUES(869,17,'{"UpdateDate":1600827288,"ID":4}','{"UpdateDate":1600827288,"ID":4}',206,15,NULL);
INSERT INTO ChangeCommand VALUES(870,17,'{"Justification":"","UpdateDate":1600827288,"ID":4}','{"Justification":"3.stars","UpdateDate":1600827288,"ID":4}',206,18,NULL);
INSERT INTO ChangeCommand VALUES(871,17,'{"UpdateDate":1600827288,"ID":4}','{"UpdateDate":1600827288,"ID":4}',206,21,NULL);
INSERT INTO ChangeCommand VALUES(872,17,'{"UpdateDate":1600827288,"ID":4}','{"UpdateDate":1600827288,"ID":4}',206,24,NULL);
INSERT INTO ChangeCommand VALUES(873,17,'{"UpdateDate":1600827288,"ID":4}','{"UpdateDate":1600827288,"ID":4}',206,27,NULL);
INSERT INTO ChangeCommand VALUES(874,17,'{"UpdateDate":1600827288,"ID":4}','{"UpdateDate":1600827288,"ID":4}',206,30,NULL);
INSERT INTO ChangeCommand VALUES(875,17,'{"UpdateDate":1600827288,"ID":4}','{"UpdateDate":1600827288,"ID":4}',206,33,NULL);
INSERT INTO ChangeCommand VALUES(876,17,'{"Stars":0,"UpdateDate":1600827288,"ID":4}','{"Stars":3,"UpdateDate":1600827288,"ID":4}',206,36,NULL);
INSERT INTO ChangeCommand VALUES(877,17,'{"UpdateDate":1600827288,"ID":4}','{"UpdateDate":1600827288,"ID":4}',206,39,NULL);
INSERT INTO ChangeCommand VALUES(878,5,'{"UpdateDate":1600827288,"ID":3}','{"UpdateDate":1600827288,"ID":3}',206,41,NULL);
INSERT INTO ChangeCommand VALUES(879,2,'{"UpdateDate":1600827288,"ID":55}','{"UpdateDate":1600827288,"ID":55}',206,40,NULL);
INSERT INTO ChangeCommand VALUES(880,2,'{"UpdateDate":1600827288,"ID":55}','{"UpdateDate":1600827322,"ID":55}',207,2,NULL);
INSERT INTO ChangeCommand VALUES(881,5,'{"UpdateDate":1600827288,"ID":3}','{"UpdateDate":1600827322,"ID":3}',207,3,NULL);
INSERT INTO ChangeCommand VALUES(882,2,'{"UpdateDate":1600827322,"ID":55}','{"UpdateDate":1600827322,"ID":55}',207,5,NULL);
INSERT INTO ChangeCommand VALUES(883,5,'{"UpdateDate":1600827322,"ID":3}','{"UpdateDate":1600827322,"ID":3}',207,6,NULL);
INSERT INTO ChangeCommand VALUES(884,2,'{"UpdateDate":1600827322,"ID":55}','{"UpdateDate":1600827322,"ID":55}',207,8,NULL);
INSERT INTO ChangeCommand VALUES(885,5,'{"UpdateDate":1600827322,"ID":3}','{"UpdateDate":1600827322,"ID":3}',207,9,NULL);
INSERT INTO ChangeCommand VALUES(886,2,'{"UpdateDate":1600827322,"ID":55}','{"UpdateDate":1600827322,"ID":55}',207,10,NULL);
INSERT INTO ChangeCommand VALUES(887,5,'{"UpdateDate":1600827322,"ID":3}','{"UpdateDate":1600827322,"ID":3}',207,11,NULL);
INSERT INTO ChangeCommand VALUES(888,2,'{"UpdateDate":1600827322,"ID":55}','{"UpdateDate":1600827322,"ID":55}',207,13,NULL);
INSERT INTO ChangeCommand VALUES(889,5,'{"UpdateDate":1600827322,"ID":3}','{"UpdateDate":1600827322,"ID":3}',207,14,NULL);
INSERT INTO ChangeCommand VALUES(890,2,'{"UpdateDate":1600827322,"ID":55}','{"UpdateDate":1600827322,"ID":55}',207,16,NULL);
INSERT INTO ChangeCommand VALUES(891,5,'{"UpdateDate":1600827322,"ID":3}','{"UpdateDate":1600827322,"ID":3}',207,17,NULL);
INSERT INTO ChangeCommand VALUES(892,2,'{"UpdateDate":1600827322,"ID":55}','{"UpdateDate":1600827322,"ID":55}',207,19,NULL);
INSERT INTO ChangeCommand VALUES(893,5,'{"UpdateDate":1600827322,"ID":3}','{"UpdateDate":1600827322,"ID":3}',207,20,NULL);
INSERT INTO ChangeCommand VALUES(894,2,'{"UpdateDate":1600827322,"ID":55}','{"UpdateDate":1600827322,"ID":55}',207,22,NULL);
INSERT INTO ChangeCommand VALUES(895,5,'{"UpdateDate":1600827322,"ID":3}','{"UpdateDate":1600827322,"ID":3}',207,23,NULL);
INSERT INTO ChangeCommand VALUES(896,2,'{"UpdateDate":1600827322,"ID":55}','{"UpdateDate":1600827322,"ID":55}',207,25,NULL);
INSERT INTO ChangeCommand VALUES(897,5,'{"UpdateDate":1600827322,"ID":3}','{"UpdateDate":1600827322,"ID":3}',207,26,NULL);
INSERT INTO ChangeCommand VALUES(898,2,'{"UpdateDate":1600827322,"ID":55}','{"UpdateDate":1600827322,"ID":55}',207,28,NULL);
INSERT INTO ChangeCommand VALUES(899,5,'{"UpdateDate":1600827322,"ID":3}','{"UpdateDate":1600827322,"ID":3}',207,29,NULL);
INSERT INTO ChangeCommand VALUES(900,2,'{"UpdateDate":1600827322,"ID":55}','{"UpdateDate":1600827322,"ID":55}',207,31,NULL);
INSERT INTO ChangeCommand VALUES(901,5,'{"UpdateDate":1600827322,"ID":3}','{"UpdateDate":1600827322,"ID":3}',207,32,NULL);
INSERT INTO ChangeCommand VALUES(902,2,'{"UpdateDate":1600827322,"ID":55}','{"UpdateDate":1600827322,"ID":55}',207,34,NULL);
INSERT INTO ChangeCommand VALUES(903,5,'{"UpdateDate":1600827322,"ID":3}','{"UpdateDate":1600827322,"ID":3}',207,35,NULL);
INSERT INTO ChangeCommand VALUES(904,2,'{"UpdateDate":1600827322,"ID":55}','{"UpdateDate":1600827322,"ID":55}',207,37,NULL);
INSERT INTO ChangeCommand VALUES(905,5,'{"UpdateDate":1600827322,"ID":3}','{"UpdateDate":1600827322,"ID":3}',207,38,NULL);
INSERT INTO ChangeCommand VALUES(906,17,'{"Calculated":false,"UpdateDate":1600826227,"ID":5}','{"Calculated":true,"UpdateDate":1600827322,"ID":5}',207,1,NULL);
INSERT INTO ChangeCommand VALUES(907,17,'{"UpdateDate":1600827322,"ID":5}','{"UpdateDate":1600827322,"ID":5}',207,4,NULL);
INSERT INTO ChangeCommand VALUES(908,17,'{"Stars":0,"CalcFlags":0,"UpdateDate":1600827322,"ID":5}','{"Stars":1,"CalcFlags":8,"UpdateDate":1600827322,"ID":5}',207,7,NULL);
INSERT INTO ChangeCommand VALUES(909,17,'{"Stars":1,"CalcFlags":8,"UpdateDate":1600827322,"ID":5}','{"Stars":2,"CalcFlags":136,"UpdateDate":1600827322,"ID":5}',207,12,NULL);
INSERT INTO ChangeCommand VALUES(910,17,'{"UpdateDate":1600827322,"ID":5}','{"UpdateDate":1600827322,"ID":5}',207,15,NULL);
INSERT INTO ChangeCommand VALUES(911,17,'{"Justification":"","UpdateDate":1600827322,"ID":5}','{"Justification":"4.stars.standards","UpdateDate":1600827322,"ID":5}',207,18,NULL);
INSERT INTO ChangeCommand VALUES(912,17,'{"UpdateDate":1600827322,"ID":5}','{"UpdateDate":1600827322,"ID":5}',207,21,NULL);
INSERT INTO ChangeCommand VALUES(913,17,'{"Stars":2,"CalcFlags":136,"UpdateDate":1600827322,"ID":5}','{"Stars":3,"CalcFlags":138,"UpdateDate":1600827322,"ID":5}',207,24,NULL);
INSERT INTO ChangeCommand VALUES(914,17,'{"UpdateDate":1600827322,"ID":5}','{"UpdateDate":1600827322,"ID":5}',207,27,NULL);
INSERT INTO ChangeCommand VALUES(915,17,'{"Stars":3,"CalcFlags":138,"UpdateDate":1600827322,"ID":5}','{"Stars":4,"CalcFlags":170,"UpdateDate":1600827322,"ID":5}',207,30,NULL);
INSERT INTO ChangeCommand VALUES(916,17,'{"UpdateDate":1600827322,"ID":5}','{"UpdateDate":1600827322,"ID":5}',207,33,NULL);
INSERT INTO ChangeCommand VALUES(917,17,'{"UpdateDate":1600827322,"ID":5}','{"UpdateDate":1600827322,"ID":5}',207,36,NULL);
INSERT INTO ChangeCommand VALUES(918,17,'{"UpdateDate":1600827322,"ID":5}','{"UpdateDate":1600827322,"ID":5}',207,39,NULL);
INSERT INTO ChangeCommand VALUES(919,5,'{"UpdateDate":1600827322,"ID":3}','{"UpdateDate":1600827322,"ID":3}',207,41,NULL);
INSERT INTO ChangeCommand VALUES(920,2,'{"UpdateDate":1600827322,"ID":55}','{"UpdateDate":1600827322,"ID":55}',207,40,NULL);
INSERT INTO ChangeCommand VALUES(921,2,'{"UpdateDate":1600826195,"ID":54}','{"UpdateDate":1600827349,"ID":54}',208,2,NULL);
INSERT INTO ChangeCommand VALUES(922,5,'{"UpdateDate":1600827322,"ID":3}','{"UpdateDate":1600827349,"ID":3}',208,3,NULL);
INSERT INTO ChangeCommand VALUES(923,2,'{"UpdateDate":1600827349,"ID":54}','{"UpdateDate":1600827349,"ID":54}',208,5,NULL);
INSERT INTO ChangeCommand VALUES(924,5,'{"UpdateDate":1600827349,"ID":3}','{"UpdateDate":1600827349,"ID":3}',208,6,NULL);
INSERT INTO ChangeCommand VALUES(925,2,'{"UpdateDate":1600827349,"ID":54}','{"UpdateDate":1600827349,"ID":54}',208,8,NULL);
INSERT INTO ChangeCommand VALUES(926,5,'{"UpdateDate":1600827349,"ID":3}','{"UpdateDate":1600827349,"ID":3}',208,9,NULL);
INSERT INTO ChangeCommand VALUES(927,2,'{"UpdateDate":1600827349,"ID":54}','{"UpdateDate":1600827349,"ID":54}',208,11,NULL);
INSERT INTO ChangeCommand VALUES(928,5,'{"UpdateDate":1600827349,"ID":3}','{"UpdateDate":1600827349,"ID":3}',208,12,NULL);
INSERT INTO ChangeCommand VALUES(929,2,'{"UpdateDate":1600827349,"ID":54}','{"UpdateDate":1600827349,"ID":54}',208,14,NULL);
INSERT INTO ChangeCommand VALUES(930,5,'{"UpdateDate":1600827349,"ID":3}','{"UpdateDate":1600827349,"ID":3}',208,15,NULL);
INSERT INTO ChangeCommand VALUES(931,2,'{"UpdateDate":1600827349,"ID":54}','{"UpdateDate":1600827349,"ID":54}',208,17,NULL);
INSERT INTO ChangeCommand VALUES(932,5,'{"UpdateDate":1600827349,"ID":3}','{"UpdateDate":1600827349,"ID":3}',208,18,NULL);
INSERT INTO ChangeCommand VALUES(933,2,'{"UpdateDate":1600827349,"ID":54}','{"UpdateDate":1600827349,"ID":54}',208,20,NULL);
INSERT INTO ChangeCommand VALUES(934,5,'{"UpdateDate":1600827349,"ID":3}','{"UpdateDate":1600827349,"ID":3}',208,21,NULL);
INSERT INTO ChangeCommand VALUES(935,2,'{"UpdateDate":1600827349,"ID":54}','{"UpdateDate":1600827349,"ID":54}',208,23,NULL);
INSERT INTO ChangeCommand VALUES(936,5,'{"UpdateDate":1600827349,"ID":3}','{"UpdateDate":1600827349,"ID":3}',208,24,NULL);
INSERT INTO ChangeCommand VALUES(937,2,'{"UpdateDate":1600827349,"ID":54}','{"UpdateDate":1600827349,"ID":54}',208,26,NULL);
INSERT INTO ChangeCommand VALUES(938,5,'{"UpdateDate":1600827349,"ID":3}','{"UpdateDate":1600827349,"ID":3}',208,27,NULL);
INSERT INTO ChangeCommand VALUES(939,2,'{"UpdateDate":1600827349,"ID":54}','{"UpdateDate":1600827349,"ID":54}',208,29,NULL);
INSERT INTO ChangeCommand VALUES(940,5,'{"UpdateDate":1600827349,"ID":3}','{"UpdateDate":1600827349,"ID":3}',208,30,NULL);
INSERT INTO ChangeCommand VALUES(941,2,'{"UpdateDate":1600827349,"ID":54}','{"UpdateDate":1600827349,"ID":54}',208,32,NULL);
INSERT INTO ChangeCommand VALUES(942,5,'{"UpdateDate":1600827349,"ID":3}','{"UpdateDate":1600827349,"ID":3}',208,33,NULL);
INSERT INTO ChangeCommand VALUES(943,2,'{"UpdateDate":1600827349,"ID":54}','{"UpdateDate":1600827349,"ID":54}',208,35,NULL);
INSERT INTO ChangeCommand VALUES(944,5,'{"UpdateDate":1600827349,"ID":3}','{"UpdateDate":1600827349,"ID":3}',208,36,NULL);
INSERT INTO ChangeCommand VALUES(945,2,'{"UpdateDate":1600827349,"ID":54}','{"UpdateDate":1600827349,"ID":54}',208,38,NULL);
INSERT INTO ChangeCommand VALUES(946,5,'{"UpdateDate":1600827349,"ID":3}','{"UpdateDate":1600827349,"ID":3}',208,39,NULL);
INSERT INTO ChangeCommand VALUES(947,17,'{"Calculated":false,"UpdateDate":1600826195,"ID":1}','{"Calculated":true,"UpdateDate":1600827349,"ID":1}',208,1,NULL);
INSERT INTO ChangeCommand VALUES(948,17,'{"UpdateDate":1600827349,"ID":1}','{"UpdateDate":1600827349,"ID":1}',208,4,NULL);
INSERT INTO ChangeCommand VALUES(949,17,'{"UpdateDate":1600827349,"ID":1}','{"UpdateDate":1600827349,"ID":1}',208,7,NULL);
INSERT INTO ChangeCommand VALUES(950,17,'{"UpdateDate":1600827349,"ID":1}','{"UpdateDate":1600827349,"ID":1}',208,10,NULL);
INSERT INTO ChangeCommand VALUES(951,17,'{"UpdateDate":1600827349,"ID":1}','{"UpdateDate":1600827349,"ID":1}',208,13,NULL);
INSERT INTO ChangeCommand VALUES(952,17,'{"UpdateDate":1600827349,"ID":1}','{"UpdateDate":1600827349,"ID":1}',208,16,NULL);
INSERT INTO ChangeCommand VALUES(953,17,'{"Justification":"","UpdateDate":1600827349,"ID":1}','{"Justification":"0.stars.standards","UpdateDate":1600827349,"ID":1}',208,19,NULL);
INSERT INTO ChangeCommand VALUES(954,17,'{"UpdateDate":1600827349,"ID":1}','{"UpdateDate":1600827349,"ID":1}',208,22,NULL);
INSERT INTO ChangeCommand VALUES(955,17,'{"UpdateDate":1600827349,"ID":1}','{"UpdateDate":1600827349,"ID":1}',208,25,NULL);
INSERT INTO ChangeCommand VALUES(956,17,'{"UpdateDate":1600827349,"ID":1}','{"UpdateDate":1600827349,"ID":1}',208,28,NULL);
INSERT INTO ChangeCommand VALUES(957,17,'{"UpdateDate":1600827349,"ID":1}','{"UpdateDate":1600827349,"ID":1}',208,31,NULL);
INSERT INTO ChangeCommand VALUES(958,17,'{"UpdateDate":1600827349,"ID":1}','{"UpdateDate":1600827349,"ID":1}',208,34,NULL);
INSERT INTO ChangeCommand VALUES(959,17,'{"UpdateDate":1600827349,"ID":1}','{"UpdateDate":1600827349,"ID":1}',208,37,NULL);
INSERT INTO ChangeCommand VALUES(960,17,'{"UpdateDate":1600827349,"ID":1}','{"UpdateDate":1600827349,"ID":1}',208,40,NULL);
INSERT INTO ChangeCommand VALUES(961,5,'{"UpdateDate":1600827349,"ID":3}','{"UpdateDate":1600827349,"ID":3}',208,42,NULL);
INSERT INTO ChangeCommand VALUES(962,2,'{"UpdateDate":1600827349,"ID":54}','{"UpdateDate":1600827349,"ID":54}',208,41,NULL);
INSERT INTO ChangeCommand VALUES(963,2,'{"UpdateDate":1600827349,"ID":54}','{"UpdateDate":1600827364,"ID":54}',209,2,NULL);
INSERT INTO ChangeCommand VALUES(964,5,'{"UpdateDate":1600827349,"ID":3}','{"UpdateDate":1600827364,"ID":3}',209,3,NULL);
INSERT INTO ChangeCommand VALUES(965,2,'{"UpdateDate":1600827364,"ID":54}','{"UpdateDate":1600827364,"ID":54}',209,5,NULL);
INSERT INTO ChangeCommand VALUES(966,5,'{"UpdateDate":1600827364,"ID":3}','{"UpdateDate":1600827364,"ID":3}',209,6,NULL);
INSERT INTO ChangeCommand VALUES(967,2,'{"UpdateDate":1600827364,"ID":54}','{"UpdateDate":1600827364,"ID":54}',209,8,NULL);
INSERT INTO ChangeCommand VALUES(968,5,'{"UpdateDate":1600827364,"ID":3}','{"UpdateDate":1600827364,"ID":3}',209,9,NULL);
INSERT INTO ChangeCommand VALUES(969,2,'{"UpdateDate":1600827364,"ID":54}','{"UpdateDate":1600827364,"ID":54}',209,11,NULL);
INSERT INTO ChangeCommand VALUES(970,5,'{"UpdateDate":1600827364,"ID":3}','{"UpdateDate":1600827364,"ID":3}',209,12,NULL);
INSERT INTO ChangeCommand VALUES(971,2,'{"UpdateDate":1600827364,"ID":54}','{"UpdateDate":1600827364,"ID":54}',209,14,NULL);
INSERT INTO ChangeCommand VALUES(972,5,'{"UpdateDate":1600827364,"ID":3}','{"UpdateDate":1600827364,"ID":3}',209,15,NULL);
INSERT INTO ChangeCommand VALUES(973,2,'{"UpdateDate":1600827364,"ID":54}','{"UpdateDate":1600827364,"ID":54}',209,17,NULL);
INSERT INTO ChangeCommand VALUES(974,5,'{"UpdateDate":1600827364,"ID":3}','{"UpdateDate":1600827364,"ID":3}',209,18,NULL);
INSERT INTO ChangeCommand VALUES(975,2,'{"UpdateDate":1600827364,"ID":54}','{"UpdateDate":1600827364,"ID":54}',209,20,NULL);
INSERT INTO ChangeCommand VALUES(976,5,'{"UpdateDate":1600827364,"ID":3}','{"UpdateDate":1600827364,"ID":3}',209,21,NULL);
INSERT INTO ChangeCommand VALUES(977,2,'{"UpdateDate":1600827364,"ID":54}','{"UpdateDate":1600827364,"ID":54}',209,23,NULL);
INSERT INTO ChangeCommand VALUES(978,5,'{"UpdateDate":1600827364,"ID":3}','{"UpdateDate":1600827364,"ID":3}',209,24,NULL);
INSERT INTO ChangeCommand VALUES(979,2,'{"UpdateDate":1600827364,"ID":54}','{"UpdateDate":1600827364,"ID":54}',209,26,NULL);
INSERT INTO ChangeCommand VALUES(980,5,'{"UpdateDate":1600827364,"ID":3}','{"UpdateDate":1600827364,"ID":3}',209,27,NULL);
INSERT INTO ChangeCommand VALUES(981,2,'{"UpdateDate":1600827364,"ID":54}','{"UpdateDate":1600827364,"ID":54}',209,29,NULL);
INSERT INTO ChangeCommand VALUES(982,5,'{"UpdateDate":1600827364,"ID":3}','{"UpdateDate":1600827364,"ID":3}',209,30,NULL);
INSERT INTO ChangeCommand VALUES(983,2,'{"UpdateDate":1600827364,"ID":54}','{"UpdateDate":1600827364,"ID":54}',209,32,NULL);
INSERT INTO ChangeCommand VALUES(984,5,'{"UpdateDate":1600827364,"ID":3}','{"UpdateDate":1600827364,"ID":3}',209,33,NULL);
INSERT INTO ChangeCommand VALUES(985,5,'{"UpdateDate":1600827364,"ID":3}','{"UpdateDate":1600827364,"ID":3}',209,35,NULL);
INSERT INTO ChangeCommand VALUES(986,2,'{"UpdateDate":1600827364,"ID":54}','{"UpdateDate":1600827364,"ID":54}',209,37,NULL);
INSERT INTO ChangeCommand VALUES(987,5,'{"UpdateDate":1600827364,"ID":3}','{"UpdateDate":1600827364,"ID":3}',209,38,NULL);
INSERT INTO ChangeCommand VALUES(988,17,'{"UpdateDate":1600827349,"ID":1}','{"UpdateDate":1600827364,"ID":1}',209,1,NULL);
INSERT INTO ChangeCommand VALUES(989,17,'{"UpdateDate":1600827364,"ID":1}','{"UpdateDate":1600827364,"ID":1}',209,4,NULL);
INSERT INTO ChangeCommand VALUES(990,17,'{"CalcFlags":0,"UpdateDate":1600827364,"ID":1}','{"CalcFlags":4,"UpdateDate":1600827364,"ID":1}',209,7,NULL);
INSERT INTO ChangeCommand VALUES(991,17,'{"UpdateDate":1600827364,"ID":1}','{"UpdateDate":1600827364,"ID":1}',209,10,NULL);
INSERT INTO ChangeCommand VALUES(992,17,'{"CalcFlags":4,"UpdateDate":1600827364,"ID":1}','{"CalcFlags":68,"UpdateDate":1600827364,"ID":1}',209,13,NULL);
INSERT INTO ChangeCommand VALUES(993,17,'{"UpdateDate":1600827364,"ID":1}','{"UpdateDate":1600827364,"ID":1}',209,16,NULL);
INSERT INTO ChangeCommand VALUES(994,17,'{"UpdateDate":1600827364,"ID":1}','{"UpdateDate":1600827364,"ID":1}',209,19,NULL);
INSERT INTO ChangeCommand VALUES(995,17,'{"UpdateDate":1600827364,"ID":1}','{"UpdateDate":1600827364,"ID":1}',209,22,NULL);
INSERT INTO ChangeCommand VALUES(996,17,'{"CalcFlags":68,"UpdateDate":1600827364,"ID":1}','{"CalcFlags":69,"UpdateDate":1600827364,"ID":1}',209,25,NULL);
INSERT INTO ChangeCommand VALUES(997,17,'{"UpdateDate":1600827364,"ID":1}','{"UpdateDate":1600827364,"ID":1}',209,28,NULL);
INSERT INTO ChangeCommand VALUES(998,17,'{"CalcFlags":69,"UpdateDate":1600827364,"ID":1}','{"CalcFlags":85,"UpdateDate":1600827364,"ID":1}',209,31,NULL);
INSERT INTO ChangeCommand VALUES(999,17,'{"UpdateDate":1600827364,"ID":1}','{"UpdateDate":1600827364,"ID":1}',209,34,NULL);
INSERT INTO ChangeCommand VALUES(1000,17,'{"UpdateDate":1600827364,"ID":1}','{"UpdateDate":1600827364,"ID":1}',209,36,NULL);
INSERT INTO ChangeCommand VALUES(1001,17,'{"UpdateDate":1600827364,"ID":1}','{"UpdateDate":1600827364,"ID":1}',209,39,NULL);
INSERT INTO ChangeCommand VALUES(1002,5,'{"UpdateDate":1600827364,"ID":3}','{"UpdateDate":1600827364,"ID":3}',209,41,NULL);
INSERT INTO ChangeCommand VALUES(1003,2,'{"UpdateDate":1600827364,"ID":54}','{"UpdateDate":1600827364,"ID":54}',209,40,NULL);
INSERT INTO ChangeCommand VALUES(1004,13,'{}','{"ID":1,"FileName":"~\\Media.A.txt","FileCaption":"Media.A","FileDescription":"","FileDate":"9/23/2020 2:50:10 AM","ModifiedTime":1600829410,"GUID":"base64:frhv0Mlqs0GeQGI4CMkoMg==","PID":"","CreateDate":1600829410,"UpdateDate":1600829410,"IsPrivate":false,"SyncVersion":1,"WID":null,"UID":"","FileHash":null}',210,1,NULL);
INSERT INTO ChangeCommand VALUES(1005,8,'{}','{"ID":24,"Name":"TotalMediaSizeValidityFlag","StringValue":"","CreateDate":1600829410,"UpdateDate":1600829410,"UID":""}',210,2,NULL);
INSERT INTO ChangeCommand VALUES(1006,8,'{"StringValue":"","ID":24}','{"StringValue":"0","ID":24}',210,3,NULL);
INSERT INTO ChangeCommand VALUES(1007,13,'{"ID":1}','{"ID":1}',210,4,NULL);
INSERT INTO ChangeCommand VALUES(1008,13,'{"ID":1}','{"ID":1}',210,5,NULL);
INSERT INTO ChangeCommand VALUES(1009,13,'{"FileHash":null,"ID":1}','{"FileHash":"7fc56270e7a70fa81a5935b72eacbe29","ID":1}',210,6,NULL);
INSERT INTO ChangeCommand VALUES(1010,13,'{}','{"ID":2,"FileName":"~\\Media.B.txt","FileCaption":"Media.B","FileDescription":"","FileDate":"9/23/2020 2:50:15 AM","ModifiedTime":1600829416,"GUID":"base64:Srb+E3+9QkqfyWK9V90juw==","PID":"","CreateDate":1600829416,"UpdateDate":1600829416,"IsPrivate":false,"SyncVersion":1,"WID":null,"UID":"","FileHash":null}',211,1,NULL);
INSERT INTO ChangeCommand VALUES(1011,13,'{"ID":2}','{"ID":2}',211,2,NULL);
INSERT INTO ChangeCommand VALUES(1012,13,'{"FileHash":null,"ID":2}','{"FileHash":"9d5ed678fe57bcca610140957afab571","ID":2}',211,3,NULL);
INSERT INTO ChangeCommand VALUES(1013,13,'{}','{"ID":3,"FileName":"~\\Media.C.txt","FileCaption":"Media.C","FileDescription":"","FileDate":"9/23/2020 2:50:23 AM","ModifiedTime":1600829423,"GUID":"base64:uD6zqXj7nkWmCj+N88MmDw==","PID":"","CreateDate":1600829423,"UpdateDate":1600829423,"IsPrivate":false,"SyncVersion":1,"WID":null,"UID":"","FileHash":null}',212,1,NULL);
INSERT INTO ChangeCommand VALUES(1014,13,'{"ID":3}','{"ID":3}',212,2,NULL);
INSERT INTO ChangeCommand VALUES(1015,13,'{"FileHash":null,"ID":3}','{"FileHash":"0d61f8370cad1d412f80b84d143e1257","ID":3}',212,3,NULL);
INSERT INTO ChangeCommand VALUES(1016,14,'{}','{"ID":1,"LinkID":1,"LinkTableID":10,"MediaFileID":1,"Private":false,"FileOrder":0,"CreateDate":1600829531,"UpdateDate":1600829531,"SyncVersion":1,"UID":""}',213,1,NULL);
INSERT INTO ChangeCommand VALUES(1017,10,'{"UpdateDate":1600825501,"ID":1}','{"UpdateDate":1600829531,"ID":1}',213,2,NULL);
INSERT INTO ChangeCommand VALUES(1018,14,'{}','{"ID":2,"LinkID":1,"LinkTableID":10,"MediaFileID":2,"Private":false,"FileOrder":0,"CreateDate":1600829556,"UpdateDate":1600829556,"SyncVersion":1,"UID":""}',214,1,NULL);
INSERT INTO ChangeCommand VALUES(1019,10,'{"UpdateDate":1600829531,"ID":1}','{"UpdateDate":1600829556,"ID":1}',214,2,NULL);
INSERT INTO ChangeCommand VALUES(1020,13,'{"UpdateDate":1600829416,"ID":2}','{"UpdateDate":1600829590,"ID":2}',215,1,NULL);
INSERT INTO ChangeCommand VALUES(1021,13,'{"UpdateDate":1600829590,"ID":2}','{"UpdateDate":1600829590,"ID":2}',215,2,NULL);
INSERT INTO ChangeCommand VALUES(1022,13,'{"FileDescription":"","UpdateDate":1600829590,"ID":2}','{"FileDescription":"Media.B.Description","UpdateDate":1600829590,"ID":2}',215,3,NULL);
INSERT INTO ChangeCommand VALUES(1023,14,'{"ID":2,"UpdateDate":1600829556,"SyncVersion":1}','{"ID":2,"UpdateDate":1600829590,"SyncVersion":1}',215,4,NULL);
INSERT INTO ChangeCommand VALUES(1024,13,'{"UpdateDate":1600829590,"ID":2}','{"UpdateDate":1600829590,"ID":2}',215,5,NULL);
INSERT INTO ChangeCommand VALUES(1025,13,'{"UpdateDate":1600829410,"ID":1}','{"UpdateDate":1600829607,"ID":1}',216,1,NULL);
INSERT INTO ChangeCommand VALUES(1026,13,'{"UpdateDate":1600829607,"ID":1}','{"UpdateDate":1600829607,"ID":1}',216,2,NULL);
INSERT INTO ChangeCommand VALUES(1027,13,'{"FileDescription":"","ID":1}','{"FileDescription":"Media.A.Description (private)","ID":1}',216,3,NULL);
INSERT INTO ChangeCommand VALUES(1028,14,'{"ID":1,"UpdateDate":1600829531,"SyncVersion":1}','{"ID":1,"UpdateDate":1600829607,"SyncVersion":1}',216,4,NULL);
INSERT INTO ChangeCommand VALUES(1029,13,'{"IsPrivate":false,"UpdateDate":1600829607,"ID":1}','{"IsPrivate":true,"UpdateDate":1600829607,"ID":1}',216,5,NULL);
INSERT INTO ChangeCommand VALUES(1030,14,'{"ID":1,"UpdateDate":1600829607}','{"ID":1,"UpdateDate":1600829607}',216,6,NULL);
INSERT INTO ChangeCommand VALUES(1031,13,'{"UpdateDate":1600829607,"ID":1}','{"UpdateDate":1600829607,"ID":1}',216,7,NULL);
INSERT INTO ChangeCommand VALUES(1032,13,'{"FileDescription":"","UpdateDate":1600829423,"ID":3}','{"FileDescription":"Media.C.Description","UpdateDate":1600829638,"ID":3}',217,1,NULL);
INSERT INTO ChangeCommand VALUES(1033,27,'{}','{"ID":1,"TagID":4,"LinkID":3,"LinkTableID":13,"CreateDate":1600829649,"UpdateDate":1600829649,"SyncVersion":1,"UID":""}',218,1,NULL);
INSERT INTO ChangeCommand VALUES(1034,13,'{"FileDescription":"Media.C.Description","UpdateDate":1600829638,"ID":3}','{"FileDescription":"Media.C.Description (categordocuments)","UpdateDate":1600829667,"ID":3}',219,1,NULL);
INSERT INTO ChangeCommand VALUES(1035,27,'{}','{"ID":2,"TagID":10,"LinkID":3,"LinkTableID":13,"CreateDate":1600829674,"UpdateDate":1600829674,"SyncVersion":1,"UID":""}',220,1,NULL);
INSERT INTO ChangeCommand VALUES(1036,13,'{"FileDescription":"Media.C.Description (categordocuments)","UpdateDate":1600829667,"ID":3}','{"FileDescription":"Media.C.Description (categories: documents, stories)","UpdateDate":1600829686,"ID":3}',221,1,NULL);
INSERT INTO ChangeCommand VALUES(1037,14,'{}','{"ID":3,"LinkID":2,"LinkTableID":16,"MediaFileID":2,"Private":false,"FileOrder":0,"CreateDate":1600829739,"UpdateDate":1600829739,"SyncVersion":1,"UID":""}',222,1,NULL);
INSERT INTO ChangeCommand VALUES(1038,17,'{"ID":1,"UpdateDate":1600827364,"SyncVersion":1}','{"ID":1,"UpdateDate":1600829739,"SyncVersion":1}',222,3,NULL);
INSERT INTO ChangeCommand VALUES(1039,2,'{"UpdateDate":1600827364,"ID":54}','{"UpdateDate":1600829739,"ID":54}',222,4,NULL);
INSERT INTO ChangeCommand VALUES(1040,5,'{"UpdateDate":1600827364,"ID":3}','{"UpdateDate":1600829739,"ID":3}',222,5,NULL);
INSERT INTO ChangeCommand VALUES(1041,2,'{"UpdateDate":1600829739,"ID":54}','{"UpdateDate":1600829739,"ID":54}',222,8,NULL);
INSERT INTO ChangeCommand VALUES(1042,17,'{"ID":1,"UpdateDate":1600829739}','{"ID":1,"UpdateDate":1600829739}',222,7,NULL);
INSERT INTO ChangeCommand VALUES(1043,5,'{"UpdateDate":1600829739,"ID":3}','{"UpdateDate":1600829739,"ID":3}',222,9,NULL);
INSERT INTO ChangeCommand VALUES(1044,2,'{"MediaLinkedCounts":0,"UpdateDate":1600829739,"ID":54}','{"MediaLinkedCounts":65536,"UpdateDate":1600829739,"ID":54}',222,10,NULL);
INSERT INTO ChangeCommand VALUES(1045,5,'{"UpdateDate":1600829739,"ID":3}','{"UpdateDate":1600829739,"ID":3}',222,11,NULL);
INSERT INTO ChangeCommand VALUES(1046,5,'{"MediaLinkedCounts":0,"UpdateDate":1600829739,"ID":3}','{"MediaLinkedCounts":65536,"UpdateDate":1600829739,"ID":3}',222,12,NULL);
INSERT INTO ChangeCommand VALUES(1047,16,'{"UpdateDate":1600825902,"ID":2}','{"UpdateDate":1600829739,"ID":2}',222,2,NULL);
INSERT INTO ChangeCommand VALUES(1048,16,'{"MediaLinkedCounts":0,"UpdateDate":1600829739,"ID":2}','{"MediaLinkedCounts":1,"UpdateDate":1600829739,"ID":2}',222,6,NULL);
INSERT INTO ChangeCommand VALUES(1049,14,'{}','{"ID":4,"LinkID":2,"LinkTableID":16,"MediaFileID":3,"Private":false,"FileOrder":0,"CreateDate":1600829748,"UpdateDate":1600829748,"SyncVersion":1,"UID":""}',223,1,NULL);
INSERT INTO ChangeCommand VALUES(1050,17,'{"ID":1,"UpdateDate":1600829739}','{"ID":1,"UpdateDate":1600829748}',223,3,NULL);
INSERT INTO ChangeCommand VALUES(1051,2,'{"UpdateDate":1600829739,"ID":54}','{"UpdateDate":1600829748,"ID":54}',223,4,NULL);
INSERT INTO ChangeCommand VALUES(1052,5,'{"UpdateDate":1600829739,"ID":3}','{"UpdateDate":1600829748,"ID":3}',223,5,NULL);
INSERT INTO ChangeCommand VALUES(1053,2,'{"UpdateDate":1600829748,"ID":54}','{"UpdateDate":1600829748,"ID":54}',223,8,NULL);
INSERT INTO ChangeCommand VALUES(1054,17,'{"ID":1,"UpdateDate":1600829748}','{"ID":1,"UpdateDate":1600829748}',223,7,NULL);
INSERT INTO ChangeCommand VALUES(1055,5,'{"UpdateDate":1600829748,"ID":3}','{"UpdateDate":1600829748,"ID":3}',223,9,NULL);
INSERT INTO ChangeCommand VALUES(1056,2,'{"MediaLinkedCounts":65536,"UpdateDate":1600829748,"ID":54}','{"MediaLinkedCounts":131072,"UpdateDate":1600829748,"ID":54}',223,10,NULL);
INSERT INTO ChangeCommand VALUES(1057,5,'{"UpdateDate":1600829748,"ID":3}','{"UpdateDate":1600829748,"ID":3}',223,11,NULL);
INSERT INTO ChangeCommand VALUES(1058,5,'{"MediaLinkedCounts":65536,"ID":3}','{"MediaLinkedCounts":131072,"ID":3}',223,12,NULL);
INSERT INTO ChangeCommand VALUES(1059,16,'{"UpdateDate":1600829739,"ID":2}','{"UpdateDate":1600829748,"ID":2}',223,2,NULL);
INSERT INTO ChangeCommand VALUES(1060,16,'{"MediaLinkedCounts":1,"UpdateDate":1600829748,"ID":2}','{"MediaLinkedCounts":2,"UpdateDate":1600829748,"ID":2}',223,6,NULL);
INSERT INTO ChangeCommand VALUES(1061,14,'{}','{"ID":5,"LinkID":4,"LinkTableID":16,"MediaFileID":2,"Private":false,"FileOrder":0,"CreateDate":1600829788,"UpdateDate":1600829788,"SyncVersion":1,"UID":""}',224,1,NULL);
INSERT INTO ChangeCommand VALUES(1062,17,'{"UpdateDate":1600827265,"ID":2}','{"UpdateDate":1600829788,"ID":2}',224,3,NULL);
INSERT INTO ChangeCommand VALUES(1063,2,'{"UpdateDate":1600827276,"ID":57}','{"UpdateDate":1600829788,"ID":57}',224,4,NULL);
INSERT INTO ChangeCommand VALUES(1064,5,'{"UpdateDate":1600829748,"ID":3}','{"UpdateDate":1600829788,"ID":3}',224,5,NULL);
INSERT INTO ChangeCommand VALUES(1065,2,'{"UpdateDate":1600829788,"ID":57}','{"UpdateDate":1600829788,"ID":57}',224,8,NULL);
INSERT INTO ChangeCommand VALUES(1066,17,'{"UpdateDate":1600829788,"ID":2}','{"UpdateDate":1600829788,"ID":2}',224,7,NULL);
INSERT INTO ChangeCommand VALUES(1067,5,'{"UpdateDate":1600829788,"ID":3}','{"UpdateDate":1600829788,"ID":3}',224,9,NULL);
INSERT INTO ChangeCommand VALUES(1068,2,'{"MediaLinkedCounts":0,"UpdateDate":1600829788,"ID":57}','{"MediaLinkedCounts":65536,"UpdateDate":1600829788,"ID":57}',224,10,NULL);
INSERT INTO ChangeCommand VALUES(1069,5,'{"UpdateDate":1600829788,"ID":3}','{"UpdateDate":1600829788,"ID":3}',224,11,NULL);
INSERT INTO ChangeCommand VALUES(1070,5,'{"MediaLinkedCounts":131072,"ID":3}','{"MediaLinkedCounts":196608,"ID":3}',224,12,NULL);
INSERT INTO ChangeCommand VALUES(1071,16,'{"UpdateDate":1600825747,"ID":4}','{"UpdateDate":1600829788,"ID":4}',224,2,NULL);
INSERT INTO ChangeCommand VALUES(1072,16,'{"MediaLinkedCounts":0,"UpdateDate":1600829788,"ID":4}','{"MediaLinkedCounts":1,"UpdateDate":1600829788,"ID":4}',224,6,NULL);
INSERT INTO ChangeCommand VALUES(1073,14,'{"ID":4,"LinkID":2,"LinkTableID":16,"MediaFileID":3,"Private":false,"FileOrder":0,"CreateDate":1600829748,"UpdateDate":1600829748,"SyncVersion":1,"UID":""}','{}',225,5,NULL);
INSERT INTO ChangeCommand VALUES(1074,17,'{"ID":1,"UpdateDate":1600829748,"SyncVersion":1}','{"ID":1,"UpdateDate":1600829847,"SyncVersion":1}',225,2,NULL);
INSERT INTO ChangeCommand VALUES(1075,2,'{"UpdateDate":1600829748,"ID":54}','{"UpdateDate":1600829847,"ID":54}',225,3,NULL);
INSERT INTO ChangeCommand VALUES(1076,5,'{"UpdateDate":1600829788,"ID":3}','{"UpdateDate":1600829847,"ID":3}',225,4,NULL);
INSERT INTO ChangeCommand VALUES(1077,2,'{"UpdateDate":1600829847,"ID":54}','{"UpdateDate":1600829847,"ID":54}',225,8,NULL);
INSERT INTO ChangeCommand VALUES(1078,17,'{"ID":1,"UpdateDate":1600829847}','{"ID":1,"UpdateDate":1600829847}',225,7,NULL);
INSERT INTO ChangeCommand VALUES(1079,5,'{"UpdateDate":1600829847,"ID":3}','{"UpdateDate":1600829847,"ID":3}',225,9,NULL);
INSERT INTO ChangeCommand VALUES(1080,2,'{"MediaLinkedCounts":131072,"UpdateDate":1600829847,"ID":54}','{"MediaLinkedCounts":65536,"UpdateDate":1600829847,"ID":54}',225,10,NULL);
INSERT INTO ChangeCommand VALUES(1081,5,'{"UpdateDate":1600829847,"ID":3}','{"UpdateDate":1600829847,"ID":3}',225,11,NULL);
INSERT INTO ChangeCommand VALUES(1082,5,'{"MediaLinkedCounts":196608,"ID":3}','{"MediaLinkedCounts":131072,"ID":3}',225,12,NULL);
INSERT INTO ChangeCommand VALUES(1083,16,'{"UpdateDate":1600829748,"ID":2}','{"UpdateDate":1600829847,"ID":2}',225,1,NULL);
INSERT INTO ChangeCommand VALUES(1084,16,'{"MediaLinkedCounts":2,"UpdateDate":1600829847,"ID":2}','{"MediaLinkedCounts":1,"UpdateDate":1600829847,"ID":2}',225,6,NULL);
INSERT INTO ChangeCommand VALUES(1085,14,'{}','{"ID":6,"LinkID":2,"LinkTableID":16,"MediaFileID":1,"Private":false,"FileOrder":0,"CreateDate":1600829858,"UpdateDate":1600829858,"SyncVersion":1,"UID":""}',226,1,NULL);
INSERT INTO ChangeCommand VALUES(1086,17,'{"ID":1,"UpdateDate":1600829847}','{"ID":1,"UpdateDate":1600829858}',226,3,NULL);
INSERT INTO ChangeCommand VALUES(1087,2,'{"UpdateDate":1600829847,"ID":54}','{"UpdateDate":1600829858,"ID":54}',226,4,NULL);
INSERT INTO ChangeCommand VALUES(1088,5,'{"UpdateDate":1600829847,"ID":3}','{"UpdateDate":1600829858,"ID":3}',226,5,NULL);
INSERT INTO ChangeCommand VALUES(1089,2,'{"UpdateDate":1600829858,"ID":54}','{"UpdateDate":1600829858,"ID":54}',226,8,NULL);
INSERT INTO ChangeCommand VALUES(1090,17,'{"ID":1,"UpdateDate":1600829858}','{"ID":1,"UpdateDate":1600829858}',226,7,NULL);
INSERT INTO ChangeCommand VALUES(1091,5,'{"UpdateDate":1600829858,"ID":3}','{"UpdateDate":1600829858,"ID":3}',226,9,NULL);
INSERT INTO ChangeCommand VALUES(1092,2,'{"MediaLinkedCounts":65536,"UpdateDate":1600829858,"ID":54}','{"MediaLinkedCounts":131072,"UpdateDate":1600829858,"ID":54}',226,10,NULL);
INSERT INTO ChangeCommand VALUES(1093,5,'{"UpdateDate":1600829858,"ID":3}','{"UpdateDate":1600829858,"ID":3}',226,11,NULL);
INSERT INTO ChangeCommand VALUES(1094,5,'{"MediaLinkedCounts":131072,"ID":3}','{"MediaLinkedCounts":196608,"ID":3}',226,12,NULL);
INSERT INTO ChangeCommand VALUES(1095,16,'{"UpdateDate":1600829847,"ID":2}','{"UpdateDate":1600829858,"ID":2}',226,2,NULL);
INSERT INTO ChangeCommand VALUES(1096,16,'{"MediaLinkedCounts":1,"UpdateDate":1600829858,"ID":2}','{"MediaLinkedCounts":2,"UpdateDate":1600829858,"ID":2}',226,6,NULL);
INSERT INTO ChangeCommand VALUES(1097,14,'{}','{"ID":7,"LinkID":1,"LinkTableID":10,"MediaFileID":3,"Private":false,"FileOrder":0,"CreateDate":1600829880,"UpdateDate":1600829880,"SyncVersion":1,"UID":""}',227,1,NULL);
INSERT INTO ChangeCommand VALUES(1098,10,'{"UpdateDate":1600829556,"ID":1}','{"UpdateDate":1600829880,"ID":1}',227,2,NULL);
INSERT INTO ChangeCommand VALUES(1099,14,'{}','{"ID":8,"LinkID":6,"LinkTableID":16,"MediaFileID":1,"Private":false,"FileOrder":0,"CreateDate":1600829947,"UpdateDate":1600829947,"SyncVersion":1,"UID":""}',228,1,NULL);
INSERT INTO ChangeCommand VALUES(1100,2,'{"UpdateDate":1600829788,"ID":57}','{"UpdateDate":1600829947,"ID":57}',228,4,NULL);
INSERT INTO ChangeCommand VALUES(1101,5,'{"UpdateDate":1600829858,"ID":3}','{"UpdateDate":1600829947,"ID":3}',228,5,NULL);
INSERT INTO ChangeCommand VALUES(1102,17,'{"UpdateDate":1600827276,"ID":3}','{"UpdateDate":1600829947,"ID":3}',228,3,NULL);
INSERT INTO ChangeCommand VALUES(1103,17,'{"UpdateDate":1600827288,"ID":4}','{"UpdateDate":1600829947,"ID":4}',228,6,NULL);
INSERT INTO ChangeCommand VALUES(1104,2,'{"UpdateDate":1600827322,"ID":55}','{"UpdateDate":1600829947,"ID":55}',228,7,NULL);
INSERT INTO ChangeCommand VALUES(1105,5,'{"UpdateDate":1600829947,"ID":3}','{"UpdateDate":1600829947,"ID":3}',228,8,NULL);
INSERT INTO ChangeCommand VALUES(1106,2,'{"UpdateDate":1600829947,"ID":57}','{"UpdateDate":1600829947,"ID":57}',228,11,NULL);
INSERT INTO ChangeCommand VALUES(1107,5,'{"UpdateDate":1600829947,"ID":3}','{"UpdateDate":1600829947,"ID":3}',228,12,NULL);
INSERT INTO ChangeCommand VALUES(1108,2,'{"UpdateDate":1600829947,"ID":55}','{"UpdateDate":1600829947,"ID":55}',228,14,NULL);
INSERT INTO ChangeCommand VALUES(1109,17,'{"UpdateDate":1600829947,"ID":3}','{"UpdateDate":1600829947,"ID":3}',228,10,NULL);
INSERT INTO ChangeCommand VALUES(1110,17,'{"UpdateDate":1600829947,"ID":4}','{"UpdateDate":1600829947,"ID":4}',228,13,NULL);
INSERT INTO ChangeCommand VALUES(1111,5,'{"UpdateDate":1600829947,"ID":3}','{"UpdateDate":1600829947,"ID":3}',228,15,NULL);
INSERT INTO ChangeCommand VALUES(1112,5,'{"UpdateDate":1600829947,"ID":3}','{"UpdateDate":1600829947,"ID":3}',228,17,NULL);
INSERT INTO ChangeCommand VALUES(1113,5,'{"MediaLinkedCounts":196608,"UpdateDate":1600829947,"ID":3}','{"MediaLinkedCounts":262144,"UpdateDate":1600829947,"ID":3}',228,18,NULL);
INSERT INTO ChangeCommand VALUES(1114,5,'{"UpdateDate":1600829947,"ID":3}','{"UpdateDate":1600829947,"ID":3}',228,20,NULL);
INSERT INTO ChangeCommand VALUES(1115,5,'{"MediaLinkedCounts":262144,"ID":3}','{"MediaLinkedCounts":327680,"ID":3}',228,21,NULL);
INSERT INTO ChangeCommand VALUES(1116,2,'{"MediaLinkedCounts":65536,"UpdateDate":1600829947,"ID":57}','{"MediaLinkedCounts":131072,"UpdateDate":1600829947,"ID":57}',228,16,NULL);
INSERT INTO ChangeCommand VALUES(1117,2,'{"MediaLinkedCounts":0,"UpdateDate":1600829947,"ID":55}','{"MediaLinkedCounts":65536,"UpdateDate":1600829947,"ID":55}',228,19,NULL);
INSERT INTO ChangeCommand VALUES(1118,16,'{"UpdateDate":1600825801,"ID":6}','{"UpdateDate":1600829947,"ID":6}',228,2,NULL);
INSERT INTO ChangeCommand VALUES(1119,16,'{"MediaLinkedCounts":0,"UpdateDate":1600829947,"ID":6}','{"MediaLinkedCounts":1,"UpdateDate":1600829947,"ID":6}',228,9,NULL);
INSERT INTO ChangeCommand VALUES(1120,14,'{}','{"ID":9,"LinkID":6,"LinkTableID":16,"MediaFileID":2,"Private":false,"FileOrder":0,"CreateDate":1600829950,"UpdateDate":1600829950,"SyncVersion":1,"UID":""}',228,22,NULL);
INSERT INTO ChangeCommand VALUES(1121,2,'{"UpdateDate":1600829947,"ID":57}','{"UpdateDate":1600829950,"ID":57}',228,25,NULL);
INSERT INTO ChangeCommand VALUES(1122,5,'{"UpdateDate":1600829947,"ID":3}','{"UpdateDate":1600829950,"ID":3}',228,26,NULL);
INSERT INTO ChangeCommand VALUES(1123,17,'{"UpdateDate":1600829947,"ID":3}','{"UpdateDate":1600829950,"ID":3}',228,24,NULL);
INSERT INTO ChangeCommand VALUES(1124,17,'{"UpdateDate":1600829947,"ID":4}','{"UpdateDate":1600829950,"ID":4}',228,27,NULL);
INSERT INTO ChangeCommand VALUES(1125,2,'{"UpdateDate":1600829947,"ID":55}','{"UpdateDate":1600829950,"ID":55}',228,28,NULL);
INSERT INTO ChangeCommand VALUES(1126,5,'{"UpdateDate":1600829950,"ID":3}','{"UpdateDate":1600829950,"ID":3}',228,29,NULL);
INSERT INTO ChangeCommand VALUES(1127,2,'{"UpdateDate":1600829950,"ID":57}','{"UpdateDate":1600829950,"ID":57}',228,32,NULL);
INSERT INTO ChangeCommand VALUES(1128,5,'{"UpdateDate":1600829950,"ID":3}','{"UpdateDate":1600829950,"ID":3}',228,33,NULL);
INSERT INTO ChangeCommand VALUES(1129,2,'{"UpdateDate":1600829950,"ID":55}','{"UpdateDate":1600829950,"ID":55}',228,35,NULL);
INSERT INTO ChangeCommand VALUES(1130,17,'{"UpdateDate":1600829950,"ID":3}','{"UpdateDate":1600829950,"ID":3}',228,31,NULL);
INSERT INTO ChangeCommand VALUES(1131,17,'{"UpdateDate":1600829950,"ID":4}','{"UpdateDate":1600829950,"ID":4}',228,34,NULL);
INSERT INTO ChangeCommand VALUES(1132,5,'{"UpdateDate":1600829950,"ID":3}','{"UpdateDate":1600829950,"ID":3}',228,36,NULL);
INSERT INTO ChangeCommand VALUES(1133,5,'{"UpdateDate":1600829950,"ID":3}','{"UpdateDate":1600829950,"ID":3}',228,38,NULL);
INSERT INTO ChangeCommand VALUES(1134,5,'{"MediaLinkedCounts":327680,"UpdateDate":1600829950,"ID":3}','{"MediaLinkedCounts":393216,"UpdateDate":1600829950,"ID":3}',228,39,NULL);
INSERT INTO ChangeCommand VALUES(1135,5,'{"UpdateDate":1600829950,"ID":3}','{"UpdateDate":1600829950,"ID":3}',228,41,NULL);
INSERT INTO ChangeCommand VALUES(1136,5,'{"MediaLinkedCounts":393216,"UpdateDate":1600829950,"ID":3}','{"MediaLinkedCounts":458752,"UpdateDate":1600829950,"ID":3}',228,42,NULL);
INSERT INTO ChangeCommand VALUES(1137,2,'{"MediaLinkedCounts":131072,"UpdateDate":1600829950,"ID":57}','{"MediaLinkedCounts":196608,"UpdateDate":1600829950,"ID":57}',228,37,NULL);
INSERT INTO ChangeCommand VALUES(1138,2,'{"MediaLinkedCounts":65536,"UpdateDate":1600829950,"ID":55}','{"MediaLinkedCounts":131072,"UpdateDate":1600829950,"ID":55}',228,40,NULL);
INSERT INTO ChangeCommand VALUES(1139,16,'{"UpdateDate":1600829947,"ID":6}','{"UpdateDate":1600829950,"ID":6}',228,23,NULL);
INSERT INTO ChangeCommand VALUES(1140,16,'{"MediaLinkedCounts":1,"UpdateDate":1600829950,"ID":6}','{"MediaLinkedCounts":2,"UpdateDate":1600829950,"ID":6}',228,30,NULL);
INSERT INTO ChangeCommand VALUES(1141,2,'{"UpdateDate":1600829950,"ID":57}','{"UpdateDate":1600829952,"ID":57}',228,45,NULL);
INSERT INTO ChangeCommand VALUES(1142,5,'{"UpdateDate":1600829950,"ID":3}','{"UpdateDate":1600829952,"ID":3}',228,46,NULL);
INSERT INTO ChangeCommand VALUES(1143,5,'{"UpdateDate":1600829952,"ID":3}','{"UpdateDate":1600829952,"ID":3}',228,49,NULL);
INSERT INTO ChangeCommand VALUES(1144,2,'{"UpdateDate":1600829950,"ID":55}','{"UpdateDate":1600829952,"ID":55}',228,48,NULL);
INSERT INTO ChangeCommand VALUES(1145,16,'{"UpdateDate":1600829950,"ID":6}','{"UpdateDate":1600829952,"ID":6}',228,43,NULL);
INSERT INTO ChangeCommand VALUES(1146,17,'{"UpdateDate":1600829950,"ID":3}','{"UpdateDate":1600829952,"ID":3}',228,44,NULL);
INSERT INTO ChangeCommand VALUES(1147,17,'{"UpdateDate":1600829950,"ID":4}','{"UpdateDate":1600829952,"ID":4}',228,47,NULL);
INSERT INTO ChangeCommand VALUES(1148,14,'{}','{"ID":10,"LinkID":8,"LinkTableID":16,"MediaFileID":2,"Private":false,"FileOrder":0,"CreateDate":1600829960,"UpdateDate":1600829960,"SyncVersion":1,"UID":""}',229,1,NULL);
INSERT INTO ChangeCommand VALUES(1149,17,'{"UpdateDate":1600827322,"ID":5}','{"UpdateDate":1600829960,"ID":5}',229,3,NULL);
INSERT INTO ChangeCommand VALUES(1150,2,'{"UpdateDate":1600829952,"ID":55}','{"UpdateDate":1600829960,"ID":55}',229,4,NULL);
INSERT INTO ChangeCommand VALUES(1151,5,'{"UpdateDate":1600829952,"ID":3}','{"UpdateDate":1600829960,"ID":3}',229,5,NULL);
INSERT INTO ChangeCommand VALUES(1152,2,'{"UpdateDate":1600829960,"ID":55}','{"UpdateDate":1600829960,"ID":55}',229,8,NULL);
INSERT INTO ChangeCommand VALUES(1153,17,'{"UpdateDate":1600829960,"ID":5}','{"UpdateDate":1600829960,"ID":5}',229,7,NULL);
INSERT INTO ChangeCommand VALUES(1154,5,'{"UpdateDate":1600829960,"ID":3}','{"UpdateDate":1600829960,"ID":3}',229,9,NULL);
INSERT INTO ChangeCommand VALUES(1155,5,'{"UpdateDate":1600829960,"ID":3}','{"UpdateDate":1600829960,"ID":3}',229,11,NULL);
INSERT INTO ChangeCommand VALUES(1156,5,'{"MediaLinkedCounts":458752,"ID":3}','{"MediaLinkedCounts":524288,"ID":3}',229,12,NULL);
INSERT INTO ChangeCommand VALUES(1157,2,'{"MediaLinkedCounts":131072,"UpdateDate":1600829960,"ID":55}','{"MediaLinkedCounts":196608,"UpdateDate":1600829960,"ID":55}',229,10,NULL);
INSERT INTO ChangeCommand VALUES(1158,16,'{"UpdateDate":1600825842,"ID":8}','{"UpdateDate":1600829960,"ID":8}',229,2,NULL);
INSERT INTO ChangeCommand VALUES(1159,16,'{"MediaLinkedCounts":0,"UpdateDate":1600829960,"ID":8}','{"MediaLinkedCounts":1,"UpdateDate":1600829960,"ID":8}',229,6,NULL);
INSERT INTO ChangeCommand VALUES(1160,14,'{}','{"ID":11,"LinkID":8,"LinkTableID":16,"MediaFileID":3,"Private":false,"FileOrder":0,"CreateDate":1600829963,"UpdateDate":1600829963,"SyncVersion":1,"UID":""}',229,13,NULL);
INSERT INTO ChangeCommand VALUES(1161,17,'{"UpdateDate":1600829960,"ID":5}','{"UpdateDate":1600829963,"ID":5}',229,15,NULL);
INSERT INTO ChangeCommand VALUES(1162,2,'{"UpdateDate":1600829960,"ID":55}','{"UpdateDate":1600829963,"ID":55}',229,16,NULL);
INSERT INTO ChangeCommand VALUES(1163,5,'{"UpdateDate":1600829960,"ID":3}','{"UpdateDate":1600829963,"ID":3}',229,17,NULL);
INSERT INTO ChangeCommand VALUES(1164,2,'{"UpdateDate":1600829963,"ID":55}','{"UpdateDate":1600829963,"ID":55}',229,20,NULL);
INSERT INTO ChangeCommand VALUES(1165,17,'{"UpdateDate":1600829963,"ID":5}','{"UpdateDate":1600829963,"ID":5}',229,19,NULL);
INSERT INTO ChangeCommand VALUES(1166,5,'{"UpdateDate":1600829963,"ID":3}','{"UpdateDate":1600829963,"ID":3}',229,21,NULL);
INSERT INTO ChangeCommand VALUES(1167,5,'{"UpdateDate":1600829963,"ID":3}','{"UpdateDate":1600829963,"ID":3}',229,23,NULL);
INSERT INTO ChangeCommand VALUES(1168,5,'{"MediaLinkedCounts":524288,"UpdateDate":1600829963,"ID":3}','{"MediaLinkedCounts":589824,"UpdateDate":1600829963,"ID":3}',229,24,NULL);
INSERT INTO ChangeCommand VALUES(1169,2,'{"MediaLinkedCounts":196608,"UpdateDate":1600829963,"ID":55}','{"MediaLinkedCounts":262144,"UpdateDate":1600829963,"ID":55}',229,22,NULL);
INSERT INTO ChangeCommand VALUES(1170,16,'{"UpdateDate":1600829960,"ID":8}','{"UpdateDate":1600829963,"ID":8}',229,14,NULL);
INSERT INTO ChangeCommand VALUES(1171,16,'{"MediaLinkedCounts":1,"UpdateDate":1600829963,"ID":8}','{"MediaLinkedCounts":2,"UpdateDate":1600829963,"ID":8}',229,18,NULL);
INSERT INTO ChangeCommand VALUES(1172,5,'{"UpdateDate":1600829963,"ID":3}','{"UpdateDate":1600829965,"ID":3}',229,28,NULL);
INSERT INTO ChangeCommand VALUES(1173,2,'{"UpdateDate":1600829963,"ID":55}','{"UpdateDate":1600829965,"ID":55}',229,27,NULL);
INSERT INTO ChangeCommand VALUES(1174,16,'{"UpdateDate":1600829963,"ID":8}','{"UpdateDate":1600829965,"ID":8}',229,25,NULL);
INSERT INTO ChangeCommand VALUES(1175,17,'{"UpdateDate":1600829963,"ID":5}','{"UpdateDate":1600829965,"ID":5}',229,26,NULL);
INSERT INTO ChangeCommand VALUES(1176,14,'{}','{"ID":12,"LinkID":54,"LinkTableID":2,"MediaFileID":3,"Private":false,"FileOrder":0,"CreateDate":1600832936,"UpdateDate":1600832936,"SyncVersion":1,"UID":""}',230,1,NULL);
INSERT INTO ChangeCommand VALUES(1177,5,'{"UpdateDate":1600829965,"ID":3}','{"UpdateDate":1600832936,"ID":3}',230,3,NULL);
INSERT INTO ChangeCommand VALUES(1178,2,'{"UpdateDate":1600829858,"ID":54}','{"UpdateDate":1600832936,"ID":54}',230,2,NULL);
INSERT INTO ChangeCommand VALUES(1179,2,'{"MediaLinkedCounts":131072,"ID":54}','{"MediaLinkedCounts":131073,"ID":54}',230,4,NULL);
INSERT INTO ChangeCommand VALUES(1180,5,'{"UpdateDate":1600832936,"ID":3}','{"UpdateDate":1600832936,"ID":3}',230,5,NULL);
INSERT INTO ChangeCommand VALUES(1181,5,'{"MediaLinkedCounts":589824,"ID":3}','{"MediaLinkedCounts":655360,"ID":3}',230,6,NULL);
INSERT INTO ChangeCommand VALUES(1182,14,'{}','{"ID":13,"LinkID":3,"LinkTableID":5,"MediaFileID":2,"Private":false,"FileOrder":0,"CreateDate":1600833486,"UpdateDate":1600833486,"SyncVersion":1,"UID":""}',231,1,NULL);
INSERT INTO ChangeCommand VALUES(1183,5,'{"ID":3,"UpdateDate":1600832936,"SyncVersion":1}','{"ID":3,"UpdateDate":1600833486,"SyncVersion":1}',231,2,NULL);
INSERT INTO ChangeCommand VALUES(1184,5,'{"ID":3,"MediaLinkedCounts":655360}','{"ID":3,"MediaLinkedCounts":655361}',231,3,NULL);
INSERT INTO ChangeCommand VALUES(1185,4,'{}','{"ID":1,"LinkID":2,"LinkTableID":16,"Category":"0","CreateDate":1600833910,"ModifyDate":1600833910,"Private":false,"NoteText":"","SyncVersion":1,"UID":""}',232,5,NULL);
INSERT INTO ChangeCommand VALUES(1186,16,'{"ID":2,"Footnote":"{\\rtf1\\ansi\\ansicpg1252\\deff0\\deflang1033{\\fonttbl{\\f0\\fnil\\fcharset0 Microsoft Sans Serif;}}\r\n\\viewkind4\\uc1\\pard\\f0\\fs17 MasterSource.1.Author, MasterSource.1.Title (MasterSource.1.PublisherLocation, MasterSource.1.PublisherName, MasterSource.1.PublishDate), Repository.1, repo address 1 repo address 2, Source.1.1.CitationDetail.line1 Source.1.1.CitationDetail.line2 . Source.1.1.CitationText.line1 Source.1.1.CitationText.line2 . http://source.1.1.webaddress/.  ref note override? \\par\r\n}\r\n","UpdateDate":1600829858,"SyncVersion":1}','{"ID":2,"Footnote":"{\\rtf1\\ansi\\ansicpg1252\\deff0\\deflang1033{\\fonttbl{\\f0\\fnil\\fcharset0 Microsoft Sans Serif;}}\r\n\\viewkind4\\uc1\\pard\\f0\\fs17 MasterSource.1.Author, MasterSource.1.Title (MasterSource.1.PublisherLocation, MasterSource.1.PublisherName, MasterSource.1.PublishDate), Repository.1, repo address 1 repo address 2, Source.1.1.CitationDetail.line1 Source.1.1.CitationDetail.line2 . Source.1.1.CitationText.line1 Source.1.1.CitationText.line2 . http://source.1.1.webaddress/.  ref note override?.\\par\r\n}\r\n","UpdateDate":1600833910,"SyncVersion":1}',232,1,NULL);
INSERT INTO ChangeCommand VALUES(1187,17,'{"ID":1,"UpdateDate":1600829858,"SyncVersion":1}','{"ID":1,"UpdateDate":1600833910,"SyncVersion":1}',232,2,NULL);
INSERT INTO ChangeCommand VALUES(1188,2,'{"ID":54,"UpdateDate":1600832936,"SyncVersion":1}','{"ID":54,"UpdateDate":1600833910,"SyncVersion":1}',232,3,NULL);
INSERT INTO ChangeCommand VALUES(1189,5,'{"ID":3,"UpdateDate":1600833486,"SyncVersion":1}','{"ID":3,"UpdateDate":1600833910,"SyncVersion":1}',232,4,NULL);
INSERT INTO ChangeCommand VALUES(1190,16,'{"ID":2,"UpdateDate":1600833910}','{"ID":2,"UpdateDate":1600833910}',232,7,NULL);
INSERT INTO ChangeCommand VALUES(1191,17,'{"ID":1,"UpdateDate":1600833910}','{"ID":1,"UpdateDate":1600833910}',232,8,NULL);
INSERT INTO ChangeCommand VALUES(1192,2,'{"ID":54,"UpdateDate":1600833910}','{"ID":54,"UpdateDate":1600833910}',232,9,NULL);
INSERT INTO ChangeCommand VALUES(1193,5,'{"ID":3,"UpdateDate":1600833910}','{"ID":3,"UpdateDate":1600833910}',232,10,NULL);
INSERT INTO ChangeCommand VALUES(1194,16,'{"ID":2,"UpdateDate":1600833910}','{"ID":2,"UpdateDate":1600833910}',232,11,NULL);
INSERT INTO ChangeCommand VALUES(1195,17,'{"ID":1,"UpdateDate":1600833910}','{"ID":1,"UpdateDate":1600833910}',232,12,NULL);
INSERT INTO ChangeCommand VALUES(1196,2,'{"ID":54,"UpdateDate":1600833910}','{"ID":54,"UpdateDate":1600833910}',232,13,NULL);
INSERT INTO ChangeCommand VALUES(1197,5,'{"ID":3,"UpdateDate":1600833910}','{"ID":3,"UpdateDate":1600833910}',232,14,NULL);
INSERT INTO ChangeCommand VALUES(1198,16,'{"ID":2,"UpdateDate":1600833910}','{"ID":2,"UpdateDate":1600833910}',232,16,NULL);
INSERT INTO ChangeCommand VALUES(1199,17,'{"ID":1,"UpdateDate":1600833910}','{"ID":1,"UpdateDate":1600833910}',232,17,NULL);
INSERT INTO ChangeCommand VALUES(1200,2,'{"ID":54,"UpdateDate":1600833910}','{"ID":54,"UpdateDate":1600833910}',232,18,NULL);
INSERT INTO ChangeCommand VALUES(1201,5,'{"ID":3,"UpdateDate":1600833910}','{"ID":3,"UpdateDate":1600833910}',232,19,NULL);
INSERT INTO ChangeCommand VALUES(1202,16,'{"ID":2,"UpdateDate":1600833910}','{"ID":2,"UpdateDate":1600833910}',232,20,NULL);
INSERT INTO ChangeCommand VALUES(1203,17,'{"ID":1,"UpdateDate":1600833910}','{"ID":1,"UpdateDate":1600833910}',232,21,NULL);
INSERT INTO ChangeCommand VALUES(1204,2,'{"ID":54,"UpdateDate":1600833910}','{"ID":54,"UpdateDate":1600833910}',232,22,NULL);
INSERT INTO ChangeCommand VALUES(1205,5,'{"ID":3,"UpdateDate":1600833910}','{"ID":3,"UpdateDate":1600833910}',232,23,NULL);
INSERT INTO ChangeCommand VALUES(1206,16,'{"ID":2,"UpdateDate":1600833910}','{"ID":2,"UpdateDate":1600833910}',232,25,NULL);
INSERT INTO ChangeCommand VALUES(1207,17,'{"ID":1,"UpdateDate":1600833910}','{"ID":1,"UpdateDate":1600833910}',232,26,NULL);
INSERT INTO ChangeCommand VALUES(1208,2,'{"ID":54,"UpdateDate":1600833910}','{"ID":54,"UpdateDate":1600833910}',232,27,NULL);
INSERT INTO ChangeCommand VALUES(1209,5,'{"ID":3,"UpdateDate":1600833910}','{"ID":3,"UpdateDate":1600833910}',232,28,NULL);
INSERT INTO ChangeCommand VALUES(1210,5,'{"ID":3,"UpdateDate":1600833910}','{"ID":3,"UpdateDate":1600833910}',232,32,NULL);
INSERT INTO ChangeCommand VALUES(1211,2,'{"ID":54,"UpdateDate":1600833910}','{"ID":54,"UpdateDate":1600833910}',232,31,NULL);
INSERT INTO ChangeCommand VALUES(1212,4,'{"ModifyDate":1600833910,"ID":1}','{"ModifyDate":1600833910,"ID":1}',232,6,NULL);
INSERT INTO ChangeCommand VALUES(1213,4,'{"ModifyDate":1600833910,"ID":1}','{"ModifyDate":1600833910,"ID":1}',232,15,NULL);
INSERT INTO ChangeCommand VALUES(1214,4,'{"ModifyDate":1600833910,"NoteText":"","ID":1}','{"ModifyDate":1600833910,"NoteText":"{\\rtf1\\ansi\\ansicpg1252\\deff0\\deflang1033{\\fonttbl{\\f0\\fnil\\fcharset0 Microsoft Sans Serif;}}\r\n\\viewkind4\\uc1\\pard\\f0\\fs17 Source.1.1.Note.line1\\par\r\n\\pard\\fs17 Source.1.1.Note.line2\\par\r\n\\pard\\fs17\\par\r\n}\r\n","ID":1}',232,24,NULL);
INSERT INTO ChangeCommand VALUES(1215,16,'{"ID":2,"UpdateDate":1600833910}','{"ID":2,"UpdateDate":1600833910}',232,29,NULL);
INSERT INTO ChangeCommand VALUES(1216,17,'{"ID":1,"UpdateDate":1600833910}','{"ID":1,"UpdateDate":1600833910}',232,30,NULL);
INSERT INTO ChangeCommand VALUES(1217,16,'{"ID":2,"UpdateDate":1600833910}','{"ID":2,"UpdateDate":1600833944}',233,2,NULL);
INSERT INTO ChangeCommand VALUES(1218,17,'{"ID":1,"UpdateDate":1600833910}','{"ID":1,"UpdateDate":1600833944}',233,3,NULL);
INSERT INTO ChangeCommand VALUES(1219,2,'{"ID":54,"UpdateDate":1600833910}','{"ID":54,"UpdateDate":1600833944}',233,4,NULL);
INSERT INTO ChangeCommand VALUES(1220,5,'{"ID":3,"UpdateDate":1600833910}','{"ID":3,"UpdateDate":1600833944}',233,5,NULL);
INSERT INTO ChangeCommand VALUES(1221,5,'{"ID":3,"UpdateDate":1600833944}','{"ID":3,"UpdateDate":1600833944}',233,9,NULL);
INSERT INTO ChangeCommand VALUES(1222,2,'{"ID":54,"UpdateDate":1600833944}','{"ID":54,"UpdateDate":1600833944}',233,8,NULL);
INSERT INTO ChangeCommand VALUES(1223,4,'{"ModifyDate":1600833910,"NoteText":"{\\rtf1\\ansi\\ansicpg1252\\deff0\\deflang1033{\\fonttbl{\\f0\\fnil\\fcharset0 Microsoft Sans Serif;}}\r\n\\viewkind4\\uc1\\pard\\f0\\fs17 Source.1.1.Note.line1\\par\r\n\\pard\\fs17 Source.1.1.Note.line2\\par\r\n\\pard\\fs17\\par\r\n}\r\n","ID":1}','{"ModifyDate":1600833944,"NoteText":"{\\rtf1\\ansi\\ansicpg1252\\deff0\\deflang1033{\\fonttbl{\\f0\\fnil\\fcharset0 Microsoft Sans Serif;}}\r\n\\viewkind4\\uc1\\pard\\f0\\fs17 Source.1.1.Note.line1\\par\r\nSource.1.1.Note.line2\\par\r\n\\par\r\n}\r\n","ID":1}',233,1,NULL);
INSERT INTO ChangeCommand VALUES(1224,16,'{"ID":2,"UpdateDate":1600833944}','{"ID":2,"UpdateDate":1600833944}',233,6,NULL);
INSERT INTO ChangeCommand VALUES(1225,17,'{"ID":1,"UpdateDate":1600833944}','{"ID":1,"UpdateDate":1600833944}',233,7,NULL);
INSERT INTO ChangeCommand VALUES(1226,4,'{}','{"ID":2,"LinkID":2,"LinkTableID":13,"Category":"0","CreateDate":1600834001,"ModifyDate":1600834001,"Private":false,"NoteText":"","SyncVersion":1,"UID":""}',234,1,NULL);
INSERT INTO ChangeCommand VALUES(1227,13,'{"ID":2,"UpdateDate":1600829590,"SyncVersion":1}','{"ID":2,"UpdateDate":1600834001,"SyncVersion":1}',234,3,NULL);
INSERT INTO ChangeCommand VALUES(1228,13,'{"ID":2,"UpdateDate":1600834001}','{"ID":2,"UpdateDate":1600834001}',234,4,NULL);
INSERT INTO ChangeCommand VALUES(1229,13,'{"ID":2,"UpdateDate":1600834001}','{"ID":2,"UpdateDate":1600834001}',234,6,NULL);
INSERT INTO ChangeCommand VALUES(1230,13,'{"ID":2,"UpdateDate":1600834001}','{"ID":2,"UpdateDate":1600834001}',234,7,NULL);
INSERT INTO ChangeCommand VALUES(1231,13,'{"ID":2,"UpdateDate":1600834001}','{"ID":2,"UpdateDate":1600834001}',234,9,NULL);
INSERT INTO ChangeCommand VALUES(1232,4,'{"ModifyDate":1600834001,"ID":2}','{"ModifyDate":1600834001,"ID":2}',234,2,NULL);
INSERT INTO ChangeCommand VALUES(1233,4,'{"ModifyDate":1600834001,"ID":2}','{"ModifyDate":1600834001,"ID":2}',234,5,NULL);
INSERT INTO ChangeCommand VALUES(1234,4,'{"ModifyDate":1600834001,"NoteText":"","ID":2}','{"ModifyDate":1600834001,"NoteText":"{\\rtf1\\ansi\\ansicpg1252\\deff0\\deflang1033{\\fonttbl{\\f0\\fnil\\fcharset0 Microsoft Sans Serif;}}\r\n\\viewkind4\\uc1\\pard\\f0\\fs20 Media.B.Notes.li\\par\r\n}\r\n","ID":2}',234,8,NULL);
INSERT INTO ChangeCommand VALUES(1235,13,'{"ID":2,"UpdateDate":1600834001}','{"ID":2,"UpdateDate":1600834011}',235,2,NULL);
INSERT INTO ChangeCommand VALUES(1236,4,'{"ModifyDate":1600834001,"NoteText":"{\\rtf1\\ansi\\ansicpg1252\\deff0\\deflang1033{\\fonttbl{\\f0\\fnil\\fcharset0 Microsoft Sans Serif;}}\r\n\\viewkind4\\uc1\\pard\\f0\\fs20 Media.B.Notes.li\\par\r\n}\r\n","ID":2}','{"ModifyDate":1600834011,"NoteText":"{\\rtf1\\ansi\\ansicpg1252\\deff0\\deflang1033{\\fonttbl{\\f0\\fnil\\fcharset0 Microsoft Sans Serif;}}\r\n\\viewkind4\\uc1\\pard\\f0\\fs20 Media.B.Notes.line1\\par\r\n\\pard\\fs20 Media.B.Notes.line2\\par\r\n\\pard\\fs20\\par\r\n}\r\n","ID":2}',235,1,NULL);
INSERT INTO ChangeCommand VALUES(1237,13,'{"ID":2,"UpdateDate":1600834011}','{"ID":2,"UpdateDate":1600834011}',235,3,NULL);
INSERT INTO ChangeCommand VALUES(1238,2,'{}','{"ID":58,"LinkID":2,"LinkTableID":5,"FactTypeID":67,"Private":false,"Preferred":false,"Date":null,"PlaceID":null,"Text":null,"MediaLinkedCounts":0,"SourceLinkedCounts":0,"CreateDate":1600834301,"UpdateDate":1600834301,"Status":null,"DateSort1":null,"DateSort2":null,"DateModifier1":null,"DateModifier2":null,"SyncVersion":1,"UID":""}',236,1,NULL);
INSERT INTO ChangeCommand VALUES(1239,5,'{"ID":2,"UpdateDate":1600826102,"SyncVersion":1}','{"ID":2,"UpdateDate":1600834301,"SyncVersion":1}',236,2,NULL);
INSERT INTO ChangeCommand VALUES(1240,5,'{"ID":2,"UpdateDate":1600834301}','{"ID":2,"UpdateDate":1600834301}',236,4,NULL);
INSERT INTO ChangeCommand VALUES(1241,2,'{"UpdateDate":1600834301,"ID":58}','{"UpdateDate":1600834301,"ID":58}',236,3,NULL);
INSERT INTO ChangeCommand VALUES(1242,2,'{"UpdateDate":1600834301,"ID":58}','{"UpdateDate":1600834301,"ID":58}',236,5,NULL);
INSERT INTO ChangeCommand VALUES(1243,6,'{}','{"ID":14,"Name":"/another place / with slashes | and  bars, but, resolved, in, Connecticut|//","DisplayName":"","CreateDate":1600834340,"UpdateDate":1600834340,"SyncVersion":1,"UID":""}',237,1,NULL);
INSERT INTO ChangeCommand VALUES(1244,2,'{"UpdateDate":1600834301,"ID":58,"PlaceID":null}','{"UpdateDate":1600834340,"ID":58,"PlaceID":14}',237,2,NULL);
INSERT INTO ChangeCommand VALUES(1245,5,'{"ID":2,"UpdateDate":1600834301}','{"ID":2,"UpdateDate":1600834340}',237,3,NULL);
INSERT INTO ChangeCommand VALUES(1246,2,'{"UpdateDate":1600834340,"ID":58}','{"UpdateDate":1600834348,"ID":58}',238,2,NULL);
INSERT INTO ChangeCommand VALUES(1247,5,'{"ID":2,"UpdateDate":1600834340}','{"ID":2,"UpdateDate":1600834348}',238,3,NULL);
INSERT INTO ChangeCommand VALUES(1248,6,'{"Name":"/another place / with slashes | and  bars, but, resolved, in, Connecticut|//","UpdateDate":1600834340,"ID":14}','{"Name":"/another place / with slashes | and  bars, but, resolved, in///Connecticut/USA/-9//","UpdateDate":1600834348,"ID":14}',238,1,NULL);
INSERT INTO ChangeCommand VALUES(1249,4,'{}','{"ID":3,"LinkID":54,"LinkTableID":2,"Category":"0","CreateDate":1600834389,"ModifyDate":1600834389,"Private":false,"NoteText":"","SyncVersion":1,"UID":""}',239,1,NULL);
INSERT INTO ChangeCommand VALUES(1250,2,'{"ID":54,"UpdateDate":1600833944}','{"ID":54,"UpdateDate":1600834389}',239,3,NULL);
INSERT INTO ChangeCommand VALUES(1251,5,'{"ID":3,"UpdateDate":1600833944}','{"ID":3,"UpdateDate":1600834389}',239,4,NULL);
INSERT INTO ChangeCommand VALUES(1252,2,'{"ID":54,"UpdateDate":1600834389}','{"ID":54,"UpdateDate":1600834389}',239,5,NULL);
INSERT INTO ChangeCommand VALUES(1253,5,'{"ID":3,"UpdateDate":1600834389}','{"ID":3,"UpdateDate":1600834389}',239,6,NULL);
INSERT INTO ChangeCommand VALUES(1254,2,'{"ID":54,"UpdateDate":1600834389}','{"ID":54,"UpdateDate":1600834389}',239,8,NULL);
INSERT INTO ChangeCommand VALUES(1255,5,'{"ID":3,"UpdateDate":1600834389}','{"ID":3,"UpdateDate":1600834389}',239,9,NULL);
INSERT INTO ChangeCommand VALUES(1256,2,'{"ID":54,"UpdateDate":1600834389}','{"ID":54,"UpdateDate":1600834389}',239,10,NULL);
INSERT INTO ChangeCommand VALUES(1257,5,'{"ID":3,"UpdateDate":1600834389}','{"ID":3,"UpdateDate":1600834389}',239,11,NULL);
INSERT INTO ChangeCommand VALUES(1258,2,'{"ID":54,"UpdateDate":1600834389}','{"ID":54,"UpdateDate":1600834389}',239,13,NULL);
INSERT INTO ChangeCommand VALUES(1259,5,'{"ID":3,"UpdateDate":1600834389}','{"ID":3,"UpdateDate":1600834389}',239,14,NULL);
INSERT INTO ChangeCommand VALUES(1260,4,'{"ModifyDate":1600834389,"ID":3}','{"ModifyDate":1600834389,"ID":3}',239,2,NULL);
INSERT INTO ChangeCommand VALUES(1261,4,'{"ModifyDate":1600834389,"ID":3}','{"ModifyDate":1600834389,"ID":3}',239,7,NULL);
INSERT INTO ChangeCommand VALUES(1262,4,'{"ModifyDate":1600834389,"NoteText":"","ID":3}','{"ModifyDate":1600834389,"NoteText":"{\\rtf1\\ansi\\ansicpg1252\\deff0\\deflang1033{\\fonttbl{\\f0\\fnil\\fcharset0 Microsoft Sans Serif;}}\r\n\\viewkind4\\uc1\\pard\\f0\\fs20 Birth Fact Note line 1\\par\r\n\\pard\\fs20 Birth Fact Note line 2\\par\r\n\\pard\\fs20\\par\r\n}\r\n","ID":3}',239,12,NULL);
INSERT INTO ChangeCommand VALUES(1263,2,'{"ID":54,"UpdateDate":1600834389}','{"ID":54,"UpdateDate":1600834389}',239,15,NULL);
INSERT INTO ChangeCommand VALUES(1264,5,'{"ID":3,"UpdateDate":1600834389}','{"ID":3,"UpdateDate":1600834389}',239,16,NULL);
INSERT INTO ChangeCommand VALUES(1265,4,'{}','{"ID":4,"LinkID":3,"LinkTableID":5,"Category":"0","CreateDate":1600834403,"ModifyDate":1600834403,"Private":false,"NoteText":"","SyncVersion":1,"UID":""}',240,1,NULL);
INSERT INTO ChangeCommand VALUES(1266,5,'{"ID":3,"UpdateDate":1600834389}','{"ID":3,"UpdateDate":1600834403}',240,3,NULL);
INSERT INTO ChangeCommand VALUES(1267,5,'{"ID":3,"UpdateDate":1600834403}','{"ID":3,"UpdateDate":1600834403}',240,4,NULL);
INSERT INTO ChangeCommand VALUES(1268,5,'{"ID":3,"UpdateDate":1600834403}','{"ID":3,"UpdateDate":1600834403}',240,6,NULL);
INSERT INTO ChangeCommand VALUES(1269,5,'{"ID":3,"UpdateDate":1600834403}','{"ID":3,"UpdateDate":1600834403}',240,8,NULL);
INSERT INTO ChangeCommand VALUES(1270,4,'{"ModifyDate":1600834403,"ID":4}','{"ModifyDate":1600834403,"ID":4}',240,2,NULL);
INSERT INTO ChangeCommand VALUES(1271,4,'{"ModifyDate":1600834403,"ID":4}','{"ModifyDate":1600834403,"ID":4}',240,5,NULL);
INSERT INTO ChangeCommand VALUES(1272,4,'{"ModifyDate":1600834403,"NoteText":"","ID":4}','{"ModifyDate":1600834403,"NoteText":"{\\rtf1\\ansi\\ansicpg1252\\deff0\\deflang1033{\\fonttbl{\\f0\\fnil\\fcharset0 Microsoft Sans Serif;}}\r\n\\viewkind4\\uc1\\pard\\f0\\fs20 Person Note line 1\\par\r\n\\pard\\fs20 Person Note line 2\\par\r\n\\pard\\fs20\\par\r\n}\r\n","ID":4}',240,7,NULL);
INSERT INTO ChangeCommand VALUES(1273,5,'{"ID":3,"UpdateDate":1600834403}','{"ID":3,"UpdateDate":1600834403}',240,9,NULL);
INSERT INTO ChangeCommand VALUES(1274,14,'{}','{"ID":14,"LinkID":1,"LinkTableID":7,"MediaFileID":1,"Private":false,"FileOrder":0,"CreateDate":1600834739,"UpdateDate":1600834739,"SyncVersion":1,"UID":""}',241,1,NULL);
INSERT INTO ChangeCommand VALUES(1275,5,'{"ID":2,"MediaLinkedCounts":0,"UpdateDate":1600834348,"SyncVersion":1}','{"ID":2,"MediaLinkedCounts":65536,"UpdateDate":1600834739,"SyncVersion":1}',241,2,NULL);
INSERT INTO ChangeCommand VALUES(1276,5,'{"ID":3,"MediaLinkedCounts":655361,"UpdateDate":1600834403,"SyncVersion":1}','{"ID":3,"MediaLinkedCounts":720897,"UpdateDate":1600834739,"SyncVersion":1}',241,3,NULL);
INSERT INTO ChangeCommand VALUES(1277,14,'{}','{"ID":15,"LinkID":1,"LinkTableID":7,"MediaFileID":2,"Private":false,"FileOrder":0,"CreateDate":1600834744,"UpdateDate":1600834744,"SyncVersion":1,"UID":""}',242,1,NULL);
INSERT INTO ChangeCommand VALUES(1278,5,'{"ID":2,"MediaLinkedCounts":65536,"UpdateDate":1600834739}','{"ID":2,"MediaLinkedCounts":131072,"UpdateDate":1600834744}',242,2,NULL);
INSERT INTO ChangeCommand VALUES(1279,5,'{"ID":3,"MediaLinkedCounts":720897,"UpdateDate":1600834739}','{"ID":3,"MediaLinkedCounts":786433,"UpdateDate":1600834744}',242,3,NULL);
INSERT INTO ChangeCommand VALUES(1280,4,'{}','{"ID":5,"LinkID":1,"LinkTableID":7,"Category":"0","CreateDate":1600834757,"ModifyDate":1600834757,"Private":false,"NoteText":"","SyncVersion":1,"UID":""}',243,1,NULL);
INSERT INTO ChangeCommand VALUES(1281,7,'{"ID":1,"UpdateDate":1600826102,"SyncVersion":1}','{"ID":1,"UpdateDate":1600834757,"SyncVersion":1}',243,3,NULL);
INSERT INTO ChangeCommand VALUES(1282,7,'{"ID":1,"UpdateDate":1600834757}','{"ID":1,"UpdateDate":1600834757}',243,4,NULL);
INSERT INTO ChangeCommand VALUES(1283,7,'{"ID":1,"UpdateDate":1600834757}','{"ID":1,"UpdateDate":1600834757}',243,6,NULL);
INSERT INTO ChangeCommand VALUES(1284,7,'{"ID":1,"UpdateDate":1600834757}','{"ID":1,"UpdateDate":1600834757}',243,8,NULL);
INSERT INTO ChangeCommand VALUES(1285,4,'{"ModifyDate":1600834757,"ID":5}','{"ModifyDate":1600834757,"ID":5}',243,2,NULL);
INSERT INTO ChangeCommand VALUES(1286,4,'{"ModifyDate":1600834757,"ID":5}','{"ModifyDate":1600834757,"ID":5}',243,5,NULL);
INSERT INTO ChangeCommand VALUES(1287,4,'{"ModifyDate":1600834757,"NoteText":"","ID":5}','{"ModifyDate":1600834757,"NoteText":"{\\rtf1\\ansi\\ansicpg1252\\deff0\\deflang1033{\\fonttbl{\\f0\\fnil\\fcharset0 Microsoft Sans Serif;}}\r\n\\viewkind4\\uc1\\pard\\f0\\fs20 Relationship Note\\par\r\n}\r\n","ID":5}',243,7,NULL);
INSERT INTO ChangeCommand VALUES(1288,10,'{}','{"ID":3,"Title":"","Author":null,"PublisherName":null,"PublisherLocation":null,"PublishDate":null,"RepositoryID":null,"CallNumber":null,"Comments":null,"PID":null,"SourceType":0,"TemplateData":null,"CreateDate":1600835493,"UpdateDate":1600835493,"SyncVersion":1,"UID":""}',244,1,NULL);
INSERT INTO ChangeCommand VALUES(1289,10,'{"UpdateDate":1600835493,"ID":3,"Comments":null}','{"UpdateDate":1600835493,"ID":3,"Comments":"Using source template"}',244,2,NULL);
INSERT INTO ChangeCommand VALUES(1290,10,'{"Title":"","UpdateDate":1600835493,"ID":3}','{"Title":"1850","UpdateDate":1600835493,"ID":3}',244,3,NULL);
INSERT INTO ChangeCommand VALUES(1291,10,'{"UpdateDate":1600835493,"ID":3,"TemplateData":null}','{"UpdateDate":1600835494,"ID":3,"TemplateData":"<?xml version=\"1.0\" encoding=\"utf-16\"?><s><f /><f>New York</f><f>Madison</f><f>M432</f><f>527</f><f>Ancestry.com</f><f>Ancestry.com Operations, Inc.</f><f>Provo, Utah</f><f>2009</f><f>http://search.ancestry.com/cgi-bin/sse.dll?indiv=1&amp;dbid=8054&amp;h=7054862</f></s>"}',244,4,NULL);
INSERT INTO ChangeCommand VALUES(1292,10,'{"SourceType":0,"ID":3}','{"SourceType":61,"ID":3}',244,5,NULL);
INSERT INTO ChangeCommand VALUES(1293,10,'{"UpdateDate":1600835494,"ID":3}','{"UpdateDate":1600835494,"ID":3}',244,6,NULL);
CREATE TABLE DynamicFilterItem (
    ID INTEGER PRIMARY KEY AUTOINCREMENT,
    FilterID INTEGER,
    FilterJson TEXT,
    FilterSQL TEXT,
    OperationID INTEGER NOT NULL,
    IncludeID INTEGER,
    IncludeFilter INTEGER,
    OrderNum INTEGER,
    ParentItem INTEGER,
    UID TEXT,
    TableDependencyMask INTEGER,
    CONSTRAINT FK_DynamicFilterItem_FilterID FOREIGN KEY(FilterID) REFERENCES DynamicFilter (ID) ON DELETE CASCADE DEFERRABLE INITIALLY DEFERRED
);
CREATE TABLE DynamicFilter (
    ID INTEGER PRIMARY KEY AUTOINCREMENT,
    Name TEXT,
    Type INTEGER DEFAULT 0,
    RootPersonID INTEGER NULL,
	Colors TEXT NULL,
    IsFrozen BOOLEAN DEFAULT NULL,
    UID TEXT,
    ResultSetIsReady BOOLEAN DEFAULT 0
);
CREATE TABLE Watermark (
    ID INTEGER PRIMARY KEY NOT NULL,
    Name TEXT NOT NULL,
    Options TEXT NULL,
    SyncVersion INTEGER NOT NULL DEFAULT 0,
    UID TEXT
);
CREATE TABLE DnaMatch (
    ID INTEGER PRIMARY KEY NOT NULL,
    DnaFactID INTEGER NOT NULL,
    MatchKitID TEXT NOT NULL,
    MatchPersonName TEXT NOT NULL,
    Meiosis INT NOT NULL,
    Centimorgans REAL NOT NULL,
    SharedSegments INT NOT NULL,
    Confidence REAL NOT NULL,
    UserPhoto TEXT NULL,
    UID TEXT NULL,
    CONSTRAINT FK_DnaMatch_Fact FOREIGN KEY (DnaFactID) REFERENCES Fact(ID) DEFERRABLE INITIALLY DEFERRED
);
CREATE TABLE FamilySearchMatches (
   ID INTEGER PRIMARY KEY AUTOINCREMENT,
   PersonID INTEGER NOT NULL,
   FSPersonID TEXT NOT NULL,
   Status INTEGER DEFAULT 1,
   UID TEXT NULL
);
CREATE TABLE DynamicFilterResultSet(ID INTEGER PRIMARY KEY, DynamicFilterID INTEGER NOT NULL, PersonID INTEGER NOT NULL, ColorIndex INTEGER NOT NULL DEFAULT 0, UID TEXT, CONSTRAINT CT_DynamicFilterResultSet UNIQUE (DynamicFilterID ASC, PersonID ASC, ColorIndex ASC));
DELETE FROM sqlite_sequence;
INSERT INTO sqlite_sequence VALUES('FactType',92);
INSERT INTO sqlite_sequence VALUES('Setting',24);
INSERT INTO sqlite_sequence VALUES('Person',3);
INSERT INTO sqlite_sequence VALUES('Fact',58);
INSERT INTO sqlite_sequence VALUES('Place',14);
INSERT INTO sqlite_sequence VALUES('Relationship',1);
INSERT INTO sqlite_sequence VALUES('ChildRelationship',1);
INSERT INTO sqlite_sequence VALUES('Repository',1);
INSERT INTO sqlite_sequence VALUES('MasterSource',3);
INSERT INTO sqlite_sequence VALUES('Source',8);
INSERT INTO sqlite_sequence VALUES('WebLink',4);
INSERT INTO sqlite_sequence VALUES('SourceLink',5);
INSERT INTO sqlite_sequence VALUES('MediaFile',3);
INSERT INTO sqlite_sequence VALUES('MediaLink',15);
INSERT INTO sqlite_sequence VALUES('TagLink',2);
INSERT INTO sqlite_sequence VALUES('Note',5);
CREATE INDEX [IX_ChildRelationship_PersonID] ON [ChildRelationship] ([PersonID] ASC);
CREATE INDEX [IX_ChildRelationship_RelationshipID] ON [ChildRelationship] ([RelationshipID] ASC);
CREATE INDEX [IX_ChildRelationship_UpdateDate] ON [ChildRelationship] ([UpdateDate] ASC);
CREATE INDEX [IX_Deleted_SyncVersion] ON [Deleted] ([SyncVersion] ASC);
CREATE INDEX [IX_Fact_Composite] ON [Fact] ([LinkID] ASC, [LinkTableID] ASC);
CREATE INDEX [IX_Fact_PlaceID] ON [Fact] ([PlaceID] ASC);
CREATE INDEX [IX_Fact_UpdateDate] ON [Fact] ([UpdateDate] ASC);
CREATE INDEX [IX_FactType_UpdateDate] ON [FactType] ([UpdateDate] ASC);
CREATE INDEX [IX_HistoryList_UpdateDate] ON [HistoryList] ([UpdateDate] ASC);
CREATE INDEX [IX_MasterSource_RepositoryID] ON [MasterSource] ([RepositoryID] ASC);
CREATE INDEX [IX_MasterSource_UpdateDate] ON [MasterSource] ([UpdateDate] ASC);
CREATE INDEX [IX_MediaFile_UpdateDate] ON [MediaFile] ([UpdateDate] ASC);
CREATE INDEX [IX_MediaLink_Composite] ON [MediaLink] ([LinkID] ASC, [LinkTableID] ASC);
CREATE INDEX [IX_MediaLink_LinkTableID] ON [MediaLink] ([LinkTableID] ASC);
CREATE INDEX [IX_MediaLink_MediaFileID] ON [MediaLink] ([MediaFileID] ASC);
CREATE INDEX [IX_MediaLink_UpdateDate] ON [MediaLink] ([UpdateDate] ASC);
CREATE INDEX [IX_Note_Composite] ON [Note] ([LinkID] ASC, [LinkTableID] ASC);
CREATE INDEX [IX_Note_LinkTableID] ON [Note] ([LinkTableID] ASC);
CREATE INDEX [IX_Note_ModifyDate] ON [Note] ([ModifyDate] ASC);
CREATE INDEX [IX_Person_BirthFactID] ON [Person] ([BirthFactID] ASC);
CREATE INDEX [IX_Person_BirthPlaceID] ON [Person] ([BirthPlaceID] ASC);
CREATE INDEX [IX_Person_DeathFactID] ON [Person] ([DeathFactID] ASC);
CREATE INDEX [IX_Person_DeathPlaceID] ON [Person] ([DeathPlaceID] ASC);
CREATE INDEX [IX_Person_LinkedCounts] ON [Person] ([LinkedCounts] ASC);
CREATE INDEX [IX_Person_MarriageFactID] ON [Person] ([MarriageFactID] ASC);
CREATE INDEX [IX_Person_MarriagePlaceID] ON [Person] ([MarriagePlaceID] ASC);
CREATE INDEX [IX_Person_MediaLinkedCounts] ON [Person] ([MediaLinkedCounts] ASC);
CREATE INDEX [IX_Person_NameFactID] ON [Person] ([NameFactID] ASC);
CREATE INDEX [IX_Person_PreferredMediaFileID] ON [Person] ([PreferredMediaFileID] ASC);
CREATE INDEX [IX_Person_PreferredRelID] ON [Person] ([PreferredRelID] ASC);
CREATE INDEX [IX_Person_Sequence] ON [Person] ([Sequence] ASC);
CREATE INDEX [IX_Person_SexFactID] ON [Person] ([SexFactID] ASC);
CREATE INDEX [IX_Person_UpdateDate] ON [Person] ([UpdateDate] ASC);
CREATE UNIQUE INDEX [IX_PersonExternal_Composite] ON [PersonExternal] ([PersonID] ASC, [ProviderID] ASC);
CREATE INDEX [IX_Place_Update] ON [Place] ([UpdateDate] ASC);
CREATE INDEX [IX_Publication_ModifyDate] ON [Publication] ([ModifyDate] ASC);
CREATE INDEX [IX_Publication_Type] ON [Publication] ([Type] ASC);
CREATE INDEX [IX_Relationship_Nature] ON [Relationship] ([Nature] ASC);
CREATE INDEX [IX_Relationship_Person1ID] ON [Relationship] ([Person1ID] ASC);
CREATE INDEX [IX_Relationship_Person2ID] ON [Relationship] ([Person2ID] ASC);
CREATE INDEX [IX_Relationship_Status] ON [Relationship] ([Status] ASC);
CREATE INDEX [IX_Relationship_UpdateDate] ON [Relationship] ([UpdateDate] ASC);
CREATE INDEX [IX_Repository_UpdateDate] ON [Repository] ([UpdateDate] ASC);
CREATE INDEX [IX_Source_MasterSourceID] ON [Source] ([MasterSourceID] ASC);
CREATE INDEX [IX_Source_UpdateDate] ON [Source] ([UpdateDate] ASC);
CREATE INDEX [IX_SourceLink_Composite] ON [SourceLink] ([LinkID] ASC, [LinkTableID] ASC);
CREATE INDEX [IX_SourceLink_LinkTableID] ON [SourceLink] ([LinkTableID] ASC);
CREATE INDEX [IX_SourceLink_SourceID] ON [SourceLink] ([SourceID] ASC);
CREATE INDEX [IX_SourceLink_UpdateDate] ON [SourceLink] ([UpdateDate] ASC);
CREATE INDEX [IX_Tag_TableID] ON [Tag] ([TableID] ASC);
CREATE INDEX [IX_Tag_UpdateDate] ON [Tag] ([UpdateDate] ASC);
CREATE INDEX [IX_TagLink_UpdateDate] ON [TagLink] ([UpdateDate] ASC);
CREATE INDEX [IX_Task_Composite] ON [Task] ([LinkID] ASC, [LinkTableID] ASC);
CREATE INDEX [IX_Task_UpdateDate] ON [Task] ([UpdateDate] ASC);
CREATE INDEX [IX_WebLink_Composite] ON [WebLink] ([LinkID] ASC, [LinkTableID] ASC);
CREATE INDEX [IX_WebLink_UpdateDate] ON [WebLink] ([UpdateDate] ASC);
CREATE INDEX [IX_FamilySearchMatches_ID] ON [FamilySearchMatches] ([ID]);
CREATE INDEX [IX_FamilySearchMatches_Composite] ON [FamilySearchMatches] ([ID], [FSPersonID]);
CREATE INDEX [IX_ChangeCommand_ChangeMacroCommandId] ON [ChangeCommand] ([ChangeMacroCommandId] ASC);
CREATE INDEX [IX_ChangeCommand_Composite] ON [ChangeCommand] ([ChangeMacroCommandId] ASC, [OrderNumber] ASC);
CREATE INDEX [IX_DynamicFilterItem_FilterID] ON [DynamicFilterItem] ([FilterID] ASC);
CREATE INDEX IX_DynamicFilterResultSet_DynamicFilterID ON DynamicFilterResultSet(DynamicFilterID ASC);
CREATE INDEX IX_DynamicFilterResultSet_PersonID ON DynamicFilterResultSet(PersonID ASC);
COMMIT;
